cell_barcode,donor_id
AAACATACATTTCC.1,1016
AAACATACCAGAAA.1,1256
AAACATACCTCGCT.1,1256
AAACATACCTGGTA.1,1039
AAACATACGATGAA.1,1488
AAACATACGGCATT.1,1015
AAACATACTGCGTA.1,107
AAACATACTGCTGA.1,1488
AAACATTGAGTGTC.1,1016
AAACATTGCTTCGC.1,1256
AAACCGTGAGCCAT.1,1016
AAACCGTGGAGGCA.1,1488
AAACCGTGTGCTAG.1,1015
AAACGCACACTTTC.1,1244
AAACGCACAGTACC.1,1256
AAACGCACCAACCA.1,1015
AAACGCACGCTGTA.1,1015
AAACGCACGGGAGT.1,1256
AAACGCACTCGCCT.1,1256
AAACGCTGACCTTT.1,1016
AAACGCTGCAGTTG.1,1015
AAACGCTGCCTAAG.1,1488
AAACGCTGCGTTGA.1,1015
AAACGCTGCTGACA.1,1015
AAACGCTGGATAAG.1,1256
AAACGCTGGGACAG.1,1256
AAACGCTGGGGATG.1,1016
AAACGCTGGGTTTG.1,1015
AAACGCTGTAGCGT.1,1244
AAACGCTGTGCTAG.1,1488
AAACGCTGTTCCAT.1,1039
AAACGGCTAGAGTA.1,1256
AAACGGCTAGTACC.1,1256
AAACGGCTCTTCGC.1,1488
AAACGGCTGGTCAT.1,1016
AAACGGCTTACTCT.1,
AAACGGCTTCTCTA.1,1016
AAACTTGACCTGAA.1,1256
AAACTTGACTCTTA.1,101
AAACTTGACTGAGT.1,1488
AAACTTGACTGGAT.1,1488
AAACTTGAGACGAG.1,1488
AAACTTGAGCCCTT.1,1256
AAACTTGAGGAAAT.1,1244
AAAGACGAAACAGA.1,1015
AAAGACGAACACGT.1,1488
AAAGACGAAGTCTG.1,1256
AAAGACGACCCGTT.1,1256
AAAGACGACGCCTT.1,1016
AAAGACGACGGAGA.1,1256
AAAGACGAGTAAGA.1,1015
AAAGAGACGAGGTG.1,1015
AAAGAGACTCAGAC.1,1256
AAAGAGACTCTGGA.1,1244
AAAGATCTACCCTC.1,1015
AAAGATCTGACACT.1,1256
AAAGATCTTGCAGT.1,1016
AAAGCAGAAGTTCG.1,1016
AAAGCAGAGTTTCT.1,1256
AAAGCAGATGCAAC.1,1244
AAAGCCTGAAGTAG.1,101
AAAGCCTGACGTGT.1,1244
AAAGCCTGCTAGCA.1,1016
AAAGCCTGGCTAAC.1,1016
AAAGCCTGGGATTC.1,1015
AAAGCCTGTACAGC.1,1488
AAAGCCTGTGGTAC.1,1244
AAAGGCCTAAACGA.1,1244
AAAGGCCTAGTCTG.1,1015
AAAGGCCTCGAGAG.1,1015
AAAGGCCTGAGGAC.1,1488
AAAGTTTGAACCAC.1,101
AAAGTTTGACTCTT.1,1256
AAAGTTTGCGAGAG.1,1488
AAAGTTTGCTGAGT.1,1244
AAAGTTTGCTTCTA.1,1015
AAAGTTTGTAGCGT.1,1244
AAAGTTTGTGTGGT.1,1244
AAAGTTTGTTCGTT.1,1256
AAATACTGGGTTCA.1,1015
AAATACTGGTTCTT.1,1488
AAATACTGGTTGAC.1,1015
AAATCAACCTGTAG.1,1256
AAATCAACGGTCAT.1,1488
AAATCAACGTCGTA.1,1015
AAATCATGACACCA.1,1256
AAATCATGACACGT.1,1015
AAATCATGCTCTAT.1,1015
AAATCATGGAGAGC.1,1244
AAATCATGGGTTCA.1,1039
AAATCCCTAAGAAC.1,1244
AAATCCCTACACAC.1,1015
AAATCCCTCTTGAG.1,1016
AAATCCCTGCTATG.1,1244
AAATCCCTGTTGAC.1,1488
AAATCCCTTAGCGT.1,1256
AAATCCCTTTCCAT.1,101
AAATCTGACTTTAC.1,1015
AAATCTGAGCTTCC.1,1244
AAATGGGAAACCTG.1,1488
AAATGGGACCTTTA.1,1015
AAATGGGACTCATT.1,1244
AAATGGGAGACAGG.1,101
AAATGGGAGGGAGT.1,1015
AAATGGGAGTCCTC.1,1244
AAATGGGAGTCTGA.1,1488
AAATGTTGAGAGTA.1,1488
AAATGTTGAGCTCA.1,1015
AAATGTTGCCAAGT.1,1015
AAATGTTGCCTCCA.1,1488
AAATGTTGTCTTTG.1,1016
AAATTCGAAGCTCA.1,1015
AAATTCGATGTGCA.1,
AAATTGACAAACAG.1,
AAATTGACCACTTT.1,1256
AAATTGACCTGAGT.1,107
AAATTGACCTGATG.1,1015
AAATTGACTGCCCT.1,101
AAATTGACTTTCTG.1,1244
AACAAACTCATGCA.1,1256
AACAAACTTGATGC.1,1488
AACAATACCCCAAA.1,1244
AACAATACCCCTCA.1,1256
AACAATACGCAAGG.1,1015
AACAATACGGATTC.1,107
AACACGTGAAACGA.1,
AACACGTGCCCTCA.1,1256
AACACGTGCGCATA.1,
AACACGTGCTGTGA.1,1244
AACACGTGTCTCGC.1,1488
AACACTCTAAGGGC.1,1015
AACACTCTAAGTAG.1,1039
AACACTCTCAGAGG.1,1015
AACACTCTCTTGTT.1,1244
AACACTCTGAAAGT.1,1015
AACACTCTGGAGGT.1,107
AACAGAGAACGGTT.1,1016
AACAGAGAAGTACC.1,1015
AACAGAGACAGATC.1,1256
AACAGAGACGTTGA.1,1244
AACAGAGACTTCCG.1,1015
AACAGAGAGGCGAA.1,1015
AACAGAGATGCTTT.1,1016
AACAGCACAACGTC.1,1015
AACAGCACAGTCAC.1,1488
AACAGCACATCGAC.1,1488
AACAGCACGAGACG.1,1244
AACAGCACGTCGAT.1,1016
AACAGCACTGGGAG.1,101
AACCACGAAGTAGA.1,1244
AACCACGAAGTGTC.1,1016
AACCACGACCACCT.1,1244
AACCACGAGAATCC.1,
AACCACGAGGTGGA.1,1244
AACCAGTGGACGAG.1,1256
AACCAGTGTGAAGA.1,1488
AACCAGTGTTTCTG.1,1488
AACCCAGAAGCCAT.1,1015
AACCCAGACCGATA.1,1015
AACCCAGAGCTGTA.1,1016
AACCCAGAGTAGGG.1,1256
AACCCAGATCCTCG.1,1015
AACCCAGATGAGGG.1,1016
AACCGATGCTGATG.1,107
AACCGATGTCCAGA.1,1488
AACCGCCTAGTTCG.1,107
AACCGCCTCAGGAG.1,1015
AACCGCCTGCATAC.1,1256
AACCGCCTGTGTAC.1,1039
AACCGCCTTGCCTC.1,1256
AACCTACTTCTCCG.1,1244
AACCTTACAGGGTG.1,1244
AACCTTACCAAGCT.1,1015
AACCTTACGCTACA.1,1015
AACCTTACGGTATC.1,1244
AACCTTACGTAAAG.1,1015
AACCTTACTCCCAC.1,1488
AACCTTACTTTGTC.1,1256
AACCTTTGAAGGTA.1,1244
AACCTTTGCGCATA.1,1015
AACCTTTGTGCCCT.1,
AACGCAACTTGCAG.1,1244
AACGCATGACCTAG.1,1015
AACGCATGGAACTC.1,1488
AACGCATGGCCATA.1,1016
AACGCATGGGGAGT.1,1016
AACGCATGTAGAAG.1,1256
AACGCCCTAATCGC.1,1488
AACGCCCTATTGGC.1,1488
AACGCCCTTCTTAC.1,1256
AACGCCCTTCTTTG.1,1244
AACGGTACAAGAGT.1,1015
AACGGTACGGTCTA.1,1256
AACGGTTGACGTTG.1,1488
AACGGTTGACTACG.1,1244
AACGGTTGTAAGCC.1,1015
AACGGTTGTCCAGA.1,1244
AACGTCGACATTGG.1,1488
AACGTCGACGTTGA.1,1244
AACGTGTGAAGGTA.1,1015
AACGTGTGCACTCC.1,1256
AACGTGTGTATTCC.1,1015
AACGTTCTATGTCG.1,101
AACGTTCTCGTTGA.1,1244
AACGTTCTCTAGTG.1,101
AACGTTCTTCCGTC.1,1015
AACGTTCTTTCATC.1,1256
AACTACCTACCATG.1,1256
AACTACCTCCCTAC.1,1488
AACTACCTGTAAAG.1,1016
AACTACCTGTACAC.1,1039
AACTACCTTCGCCT.1,1016
AACTACCTTTCGGA.1,1244
AACTACCTTTGGCA.1,1256
AACTCACTCTTGTT.1,1488
AACTCACTGACGTT.1,1015
AACTCACTTTAGGC.1,
AACTCGGAATTCTC.1,1039
AACTCGGACTGCAA.1,1016
AACTCGGAGCATAC.1,1015
AACTCGGATGCAGT.1,1015
AACTCTTGCACACA.1,1015
AACTCTTGCATTCT.1,1256
AACTCTTGGTAGGG.1,1016
AACTCTTGTTCACT.1,1244
AACTCTTGTTCCCG.1,1256
AACTGTCTATCTCT.1,1016
AACTGTCTCAATCG.1,1256
AACTGTCTGACGTT.1,1488
AACTTGCTCGAGAG.1,1256
AACTTGCTTGAGCT.1,1244
AACTTGCTTGGTTG.1,1244
AAGAACGAAACGAA.1,101
AAGAACGAAGAGTA.1,107
AAGAACGACAGGAG.1,1016
AAGAACGACCTCAC.1,101
AAGAACGATACGCA.1,1016
AAGAACGATCGCAA.1,1039
AAGAAGACCCAAGT.1,1039
AAGAAGACCGTGAT.1,1256
AAGAAGACCTGTCC.1,1256
AAGAAGACGGTGGA.1,107
AAGAAGACTGCTGA.1,101
AAGAATCTCTGTGA.1,1256
AAGAATCTGTGAGG.1,1244
AAGACAGAACCAGT.1,1256
AAGACAGAACCTGA.1,1015
AAGACAGAGCCCTT.1,1256
AAGACAGAGTTAGC.1,1244
AAGAGATGACGCTA.1,1015
AAGAGATGGGTCAT.1,1016
AAGAGATGTTGAGC.1,1256
AAGATGGACCGATA.1,1488
AAGATGGATCCAAG.1,1015
AAGATGGATCTTTG.1,1015
AAGATTACCAAGCT.1,1015
AAGATTACGGAGTG.1,1256
AAGATTACTCTCCG.1,107
AAGCAAGAAGGGTG.1,1488
AAGCAAGATAACCG.1,1015
AAGCAAGATATGCG.1,1256
AAGCAAGATCACCC.1,1039
AAGCAAGATGGTCA.1,1015
AAGCAAGATTGCGA.1,1244
AAGCACTGAGGTCT.1,1016
AAGCACTGCAAAGA.1,101
AAGCACTGCCATGA.1,1256
AAGCCAACAGAATG.1,1488
AAGCCAACCTTGAG.1,1256
AAGCCAACGTGTTG.1,1015
AAGCCAACTTCGGA.1,1256
AAGCCATGTCCCGT.1,1244
AAGCCATGTGTGGT.1,1016
AAGCCTGATCAGTG.1,1016
AAGCGACTATGTCG.1,1039
AAGCGACTCTGGAT.1,
AAGCGACTGTCAAC.1,1256
AAGCGACTGTCTGA.1,1015
AAGCGACTTCTTAC.1,1488
AAGCGACTTGCGTA.1,1244
AAGCGACTTGCTAG.1,1256
AAGCGTACGGTGTT.1,101
AAGCGTACTGAAGA.1,1016
AAGCGTACTTTGCT.1,1244
AAGGCTACCTTGTT.1,1244
AAGGCTTGCGTACA.1,1244
AAGGCTTGGAGACG.1,1015
AAGGCTTGGTTCGA.1,107
AAGGCTTGTCAGAC.1,1015
AAGGCTTGTCAGTG.1,1244
AAGGCTTGTCCAGA.1,1488
AAGGCTTGTTCCAT.1,101
AAGGTCACACCTTT.1,107
AAGGTCACCGGGAA.1,1015
AAGGTCACTCGATG.1,1244
AAGGTCACTGGAAA.1,1488
AAGGTCTGACGGTT.1,1015
AAGGTCTGTGTGGT.1,101
AAGGTGCTTAAGCC.1,101
AAGGTGCTTCAGAC.1,1256
AAGTAACTATCAGC.1,1488
AAGTAACTGTCAAC.1,1015
AAGTAACTTCAGTG.1,1015
AAGTAGGACACAAC.1,1015
AAGTAGGAGACGTT.1,1015
AAGTAGGAGGAAGC.1,1244
AAGTAGGAGTCGTA.1,1244
AAGTAGGATTATCC.1,1488
AAGTATACCGCCTT.1,1256
AAGTATACTGGAAA.1,1488
AAGTCCGACGTAAC.1,1039
AAGTCCGACTCAAG.1,1256
AAGTCCGACTCTCG.1,1015
AAGTCCGACTGGTA.1,1015
AAGTCCGATTCGGA.1,1256
AAGTCTCTGAAAGT.1,1244
AAGTCTCTGGTAAA.1,1015
AAGTGCACCCTTTA.1,1244
AAGTGCACCTACGA.1,1488
AAGTGCACCTACTT.1,1256
AAGTGCACGTGAGG.1,1039
AAGTGCACTCTAGG.1,101
AAGTGCACTCTATC.1,1015
AAGTGCACTGCTCC.1,1488
AAGTGGCTACCCTC.1,1256
AAGTGGCTACGGGA.1,1256
AAGTGGCTACTGTG.1,1015
AAGTGGCTCCAGTA.1,1015
AAGTGGCTCCTACC.1,1488
AAGTGGCTCGGGAA.1,1488
AAGTGGCTGGTGTT.1,1244
AAGTGGCTGTAAAG.1,1015
AAGTGGCTGTCAAC.1,1256
AAGTTATGAAGATG.1,1039
AAGTTATGAGTTCG.1,1488
AAGTTATGCAAGCT.1,1015
AAGTTATGCAGAAA.1,1015
AAGTTATGCAGATC.1,1488
AAGTTATGCGGGAA.1,1488
AAGTTATGCTAAGC.1,1015
AAGTTATGGGTGTT.1,1488
AAGTTATGGTCGAT.1,1256
AAGTTATGTGCTAG.1,1244
AAGTTATGTTACTC.1,1039
AAGTTCCTACCAAC.1,1015
AAGTTCCTAGAAGT.1,1244
AAGTTCCTTGCAAC.1,107
AATAACACTGGTTG.1,1015
AATAAGCTAGTTCG.1,1244
AATAAGCTCTATTC.1,
AATAAGCTGGACGA.1,1015
AATAAGCTTGCCCT.1,1015
AATAAGCTTGGAAA.1,1244
AATACCCTACCTTT.1,1015
AATACCCTGACACT.1,1016
AATACCCTGGACGA.1,101
AATACCCTGTCGAT.1,1244
AATACCCTTTAGGC.1,1016
AATACTGAAGGAGC.1,1256
AATACTGAAGTTCG.1,1015
AATACTGAGGTACT.1,1244
AATACTGATCGCTC.1,1016
AATACTGATTGTGG.1,1039
AATAGGGAAAGGGC.1,107
AATAGGGACAGATC.1,1016
AATAGGGACATTTC.1,1015
AATAGGGAGGGAGT.1,1015
AATAGGGATTATCC.1,1488
AATATCGAGAGGCA.1,
AATCAAACACCTTT.1,1016
AATCAAACCCTGTC.1,1244
AATCAAACTCCTTA.1,1256
AATCCGGAGCTACA.1,1256
AATCCGGATTGCTT.1,1256
AATCCTACACGGGA.1,1016
AATCCTACGGATTC.1,1016
AATCCTACTCGTTT.1,1016
AATCCTACTGCAGT.1,1016
AATCCTACTGTCCC.1,1256
AATCCTTGCGCTAA.1,1015
AATCCTTGCTCTTA.1,1039
AATCCTTGGTATGC.1,1256
AATCCTTGGTGTTG.1,1016
AATCGGTGAGGAGC.1,1256
AATCGGTGGAGATA.1,1256
AATCGGTGGGTACT.1,1256
AATCGGTGGTAAAG.1,1039
AATCGGTGGTCAAC.1,1244
AATCGGTGTTGGTG.1,1016
AATCTAGAAAAGCA.1,1015
AATCTAGAGCCTTC.1,1015
AATCTAGAGGCATT.1,1015
AATCTAGATAGCCA.1,1015
AATCTAGATTCTAC.1,1015
AATCTCACGACGAG.1,1015
AATCTCACTTCGCC.1,1256
AATCTCTGAGTCGT.1,1015
AATCTCTGAGTCTG.1,1488
AATCTCTGTGGTCA.1,1016
AATCTCTGTTCGTT.1,101
AATGAGGAGGGCAA.1,1015
AATGCGTGCACACA.1,1015
AATGCGTGGGGACA.1,1244
AATGCGTGTCCCAC.1,1015
AATGCGTGTGAACC.1,1244
AATGGAGACAAAGA.1,107
AATGGAGAGTCTAG.1,1256
AATGGAGATACGAC.1,1256
AATGGAGATCTACT.1,1244
AATGGAGATCTGGA.1,1244
AATGGCTGAAGGTA.1,1015
AATGGCTGCACCAA.1,1256
AATGGCTGCATCAG.1,1244
AATGGCTGGTTAGC.1,1015
AATGGCTGTGGTTG.1,107
AATGGCTGTTCGTT.1,1015
AATGTAACACGGTT.1,1488
AATGTAACCTCCCA.1,1244
AATGTAACGGTCAT.1,107
AATGTAACTGAGAA.1,1256
AATGTAACTGCATG.1,1015
AATGTAACTTTGCT.1,1015
AATGTCCTAGCATC.1,1244
AATGTCCTATCGGT.1,1244
AATGTCCTCACAAC.1,1488
AATGTCCTGGAACG.1,1488
AATGTCCTTACGCA.1,1015
AATGTTGAAAACAG.1,1015
AATGTTGAAACAGA.1,101
AATGTTGAACTTTC.1,1244
AATGTTGAATTTCC.1,1015
AATGTTGAGAATAG.1,1039
AATGTTGAGGTATC.1,1015
AATGTTGATTGTGG.1,1015
AATTACGAAAACGA.1,1244
AATTACGAACCTTT.1,
AATTACGACTATTC.1,1039
AATTACGATTGCTT.1,1015
AATTCCTGATCAGC.1,1015
AATTCCTGCAGAAA.1,101
AATTCCTGCCACCT.1,1015
AATTCCTGCTATTC.1,1256
AATTCCTGGAACCT.1,1488
AATTCCTGTTGACG.1,1015
AATTCCTGTTTACC.1,1015
AATTGATGCACTAG.1,1256
AATTGATGCATTGG.1,101
AATTGATGCCACCT.1,1488
AATTGATGGAACCT.1,1016
AATTGATGTGCTCC.1,1488
AATTGTGAAGATGA.1,1015
AATTGTGACCTAAG.1,1015
AATTGTGACGCTAA.1,1244
AATTGTGACTGTTT.1,101
AATTGTGAGTACAC.1,101
ACAAAGGAACAGCT.1,107
ACAAAGGAAGATCC.1,1256
ACAAAGGAAGGAGC.1,107
ACAAAGGATCCAGA.1,1016
ACAAAGGATTATCC.1,1015
ACAAATTGACCTGA.1,101
ACAAATTGGTTCGA.1,1256
ACAAATTGTAGAAG.1,
ACAACCGAAGCATC.1,1256
ACAACCGACGAGAG.1,1015
ACAACCGACTGGTA.1,1016
ACAACCGATCCAGA.1,1016
ACAACCGATCTTCA.1,1488
ACAACCGATGCATG.1,1256
ACAACCGATTCCAT.1,1015
ACAACCGATTTACC.1,1016
ACAAGAGAAAAACG.1,1256
ACAAGAGAAAACGA.1,107
ACAAGAGACAATCG.1,107
ACAAGAGACAGTTG.1,1015
ACAAGAGACGAGTT.1,1015
ACAAGAGACTTGAG.1,101
ACAAGAGAGGTGAG.1,1256
ACAAGAGATATCTC.1,1488
ACAAGCACAATCGC.1,1039
ACAAGCACCTTACT.1,1016
ACAAGCACTACGAC.1,1488
ACAAGCACTTCACT.1,1015
ACAATAACACACTG.1,1488
ACAATAACCGTACA.1,1256
ACAATAACTGCCAA.1,1039
ACAATCCTAGTCGT.1,1244
ACAATCCTATCTCT.1,
ACAATCCTCGTACA.1,1015
ACAATCCTTCGACA.1,
ACAATCCTTCTTCA.1,101
ACAATCCTTGGAGG.1,101
ACAATTGAAGCTCA.1,1039
ACAATTGACTAGAC.1,107
ACAATTGATTCATC.1,1256
ACACAGACTTTCAC.1,1039
ACACATCTACCAGT.1,101
ACACATCTCGCCTT.1,
ACACATCTCTAGAC.1,1015
ACACATCTCTGTGA.1,1488
ACACATCTGTATCG.1,1039
ACACATCTTCACCC.1,1256
ACACCAGACATGAC.1,1015
ACACCAGACTAGTG.1,1244
ACACCAGAGTCATG.1,1015
ACACCCTGATGGTC.1,1244
ACACCCTGTCCTAT.1,101
ACACGAACACTAGC.1,101
ACACGAACGCTGTA.1,1244
ACACGAACTGTCCC.1,1244
ACACGATGAGCGTT.1,1244
ACACGATGCATGGT.1,1256
ACACGATGGGCATT.1,1015
ACACGATGTCCCAC.1,1016
ACACGATGTTCTAC.1,1244
ACACGTGAAGACTC.1,1015
ACACGTGAAGATGA.1,1015
ACACGTGATTCATC.1,1015
ACAGACACAAGTAG.1,1244
ACAGACACACCTAG.1,1015
ACAGACACCTAAGC.1,
ACAGCAACTCTTTG.1,101
ACAGCAACTTCGGA.1,1256
ACAGCAACTTGTGG.1,1256
ACAGGTACAGAATG.1,1016
ACAGGTACCCTACC.1,1015
ACAGGTACGAATCC.1,1244
ACAGGTACGATGAA.1,
ACAGGTACGTAGCT.1,1256
ACAGGTACGTTGCA.1,1015
ACAGGTACTTTGCT.1,1016
ACAGTCGACATGAC.1,1488
ACAGTCGACCCTAC.1,1015
ACAGTCGACTACGA.1,1488
ACAGTGACCCCTAC.1,1488
ACAGTGACCGTTAG.1,1244
ACAGTGACCTGCAA.1,1015
ACAGTGACGTGCTA.1,1015
ACAGTGTGCCAAGT.1,1015
ACAGTGTGCCGCTT.1,1244
ACAGTGTGCTGTAG.1,1256
ACAGTGTGGCGAAG.1,1244
ACAGTGTGTCTTAC.1,1244
ACAGTGTGTGAACC.1,1256
ACAGTGTGTTTGTC.1,1256
ACAGTTCTGGTGAG.1,1015
ACAGTTCTTACGAC.1,1488
ACATACCTAAACGA.1,107
ACATACCTCTAGCA.1,1488
ACATACCTCTCCCA.1,1256
ACATACCTGTAAGA.1,1256
ACATACCTGTGCTA.1,1039
ACATACCTTCCAGA.1,1488
ACATCACTAAAACG.1,1244
ACATCACTCAACCA.1,1256
ACATCACTTCTTTG.1,1015
ACATCACTTGGAGG.1,1015
ACATGGTGCGATAC.1,1488
ACATGGTGGAATAG.1,1256
ACATGGTGGATGAA.1,1488
ACATGGTGGTTCTT.1,1256
ACATGGTGTTCGGA.1,1244
ACATTCTGATAAGG.1,1015
ACATTCTGATGGTC.1,1244
ACATTCTGCCCGTT.1,1015
ACATTCTGTATGGC.1,1488
ACATTCTGTCGCCT.1,1244
ACATTCTGTTTGGG.1,1016
ACCAACGAATAAGG.1,1039
ACCAACGACATGGT.1,1244
ACCAACGAGCTTAG.1,1015
ACCAACGATACGAC.1,1488
ACCACAGACGAGTT.1,1015
ACCACAGACGCCTT.1,1488
ACCACAGAGTGTTG.1,1244
ACCACAGATGACAC.1,1015
ACCACAGATGACTG.1,1244
ACCACAGATTCTGT.1,1256
ACCACCTGGTACGT.1,1015
ACCACCTGGTGTTG.1,1039
ACCACCTGGTTGAC.1,1256
ACCACGCTACCTTT.1,1016
ACCACGCTATCTTC.1,1016
ACCACGCTCTATTC.1,1488
ACCACGCTGACTAC.1,1015
ACCACGCTTTTGTC.1,1256
ACCAGCCTGCAGTT.1,1016
ACCAGCCTGGGTGA.1,1488
ACCAGCCTGGTTTG.1,107
ACCAGTGAAACGGG.1,1016
ACCAGTGAACCTTT.1,1016
ACCAGTGAACTGGT.1,1488
ACCAGTGACCGATA.1,1016
ACCAGTGACTCAGA.1,1016
ACCATTACTCGCCT.1,1488
ACCATTACTCTTTG.1,107
ACCATTACTTGCTT.1,1015
ACCATTTGCCACCT.1,1015
ACCCAAGAACTGTG.1,1244
ACCCAAGACCTTAT.1,1488
ACCCAAGACGTCTC.1,1244
ACCCAAGACTCATT.1,1015
ACCCACTGAACGGG.1,1039
ACCCACTGCGGTAT.1,107
ACCCACTGCTGTAG.1,101
ACCCAGCTCCCTTG.1,1015
ACCCAGCTTATCGG.1,1244
ACCCAGCTTGGATC.1,1244
ACCCAGCTTTGCAG.1,107
ACCCGTACAACCTG.1,1015
ACCCGTACAGCGTT.1,
ACCCGTACCGAGAG.1,1488
ACCCGTACCGCAAT.1,1244
ACCCGTACGGAACG.1,1488
ACCCGTACGGACAG.1,101
ACCCGTACTGTGCA.1,1016
ACCCGTTGACCAAC.1,1256
ACCCGTTGCTACTT.1,1015
ACCCGTTGGAGGTG.1,1244
ACCCGTTGGCATCA.1,1016
ACCCGTTGGCTATG.1,1015
ACCCGTTGGCTGAT.1,1016
ACCCGTTGGCTTAG.1,1015
ACCCGTTGTGTGGT.1,1016
ACCCTCGAACTCTT.1,1015
ACCCTCGACGCAAT.1,101
ACCGAAACAGCGTT.1,1016
ACCGAAACCTGTCC.1,1015
ACCGAAACGTCCTC.1,1256
ACCGAAACGTGTAC.1,1244
ACCGCGGAACACGT.1,1015
ACCGCGGACAATCG.1,101
ACCGCGGACACTTT.1,1015
ACCGCGGAGAGCAG.1,1244
ACCGTGCTTAACCG.1,1016
ACCTATTGAGCACT.1,1016
ACCTATTGTGAACC.1,1244
ACCTATTGTGGAAA.1,1256
ACCTCCGAATCTTC.1,1016
ACCTCCGACACCAA.1,1015
ACCTCCGAGAAAGT.1,101
ACCTCCGAGGTGAG.1,1016
ACCTCGTGCTTGTT.1,1244
ACCTGAGACCGCTT.1,1016
ACCTGAGAGTTGGT.1,1256
ACCTGAGATCGCAA.1,1015
ACCTGAGATGCTAG.1,
ACCTGGCTACGTGT.1,1256
ACCTGGCTATCGTG.1,107
ACCTGGCTTCTTCA.1,101
ACCTTTGAAATGCC.1,1015
ACCTTTGAAGATCC.1,1488
ACCTTTGAAGCACT.1,1256
ACCTTTGAAGTCTG.1,1015
ACCTTTGATCCCGT.1,1256
ACGAACACGAGCAG.1,1244
ACGAACACGTCTAG.1,1244
ACGAACTGACCTCC.1,1015
ACGAACTGCTCCCA.1,1256
ACGAACTGGCGGAA.1,1015
ACGAACTGGTACCA.1,1256
ACGAACTGGTCGTA.1,101
ACGAACTGTTTGCT.1,1244
ACGAAGCTAGAGGC.1,1488
ACGAAGCTATACCG.1,1015
ACGAAGCTGACGAG.1,101
ACGAAGCTTCGTGA.1,1244
ACGAAGCTTGACCA.1,
ACGAAGCTTTCGTT.1,1039
ACGACAACACACGT.1,1016
ACGACAACGGAAGC.1,1244
ACGACAACGTTACG.1,1016
ACGACAACTTGTGG.1,101
ACGACCCTCAACTG.1,1488
ACGACCCTGAACTC.1,1039
ACGACCCTGGTGGA.1,1256
ACGACCCTGTATGC.1,1488
ACGACCCTTATGCG.1,101
ACGAGGGAACCTTT.1,1488
ACGAGGGACCTTAT.1,1256
ACGAGGGAGTCACA.1,1488
ACGAGTACCTCCCA.1,1488
ACGAGTACGTCCTC.1,1015
ACGAGTACTATGGC.1,
ACGATCGAACGCAT.1,1244
ACGATCGAAGATGA.1,107
ACGATCGAATGGTC.1,1015
ACGATCGACCGAAT.1,1016
ACGATCGACGAGAG.1,1015
ACGATCGATGAGGG.1,107
ACGATCGATTGCGA.1,1015
ACGATGACAATGCC.1,1016
ACGATGACCACACA.1,1016
ACGATGACGAACTC.1,1244
ACGATGACGGATCT.1,1015
ACGATTCTCCCACT.1,1015
ACGATTCTGACACT.1,101
ACGATTCTGCGATT.1,1015
ACGATTCTGTCACA.1,101
ACGATTCTTGGAAA.1,1015
ACGCAATGAAGGGC.1,1488
ACGCAATGAGGGTG.1,1244
ACGCAATGCACAAC.1,1016
ACGCAATGCCGATA.1,1015
ACGCAATGGTCTAG.1,1244
ACGCAATGGTTCTT.1,101
ACGCAATGTATGGC.1,1016
ACGCACCTCCATAG.1,101
ACGCACCTGCTATG.1,1488
ACGCACCTTTCCGC.1,1488
ACGCCACTACAGTC.1,1488
ACGCCACTGACAGG.1,1256
ACGCCACTTCTTTG.1,1015
ACGCCACTTTCGGA.1,1256
ACGCCGGAACTCAG.1,1256
ACGCCGGACATGGT.1,1016
ACGCCGGACGCAAT.1,107
ACGCCGGATTGCGA.1,1015
ACGCCTTGACCTGA.1,101
ACGCCTTGCGCTAA.1,1244
ACGCCTTGTGTCGA.1,1015
ACGCCTTGTTCTGT.1,1256
ACGCGGTGAATGCC.1,101
ACGCGGTGGACGTT.1,1015
ACGCGGTGGGAAAT.1,1244
ACGCGGTGTCTCCG.1,1015
ACGCGGTGTGGCAT.1,1244
ACGCTCACAGGTCT.1,1015
ACGCTCACCTAGCA.1,1488
ACGCTCACCTCCAC.1,1015
ACGCTCACGTATGC.1,107
ACGCTCACTAGAGA.1,1244
ACGCTCACTCTTTG.1,1488
ACGCTGCTACTGGT.1,101
ACGCTGCTAGTTCG.1,1015
ACGCTGCTATCGTG.1,1256
ACGCTGCTCGTACA.1,101
ACGCTGCTGCGTAT.1,101
ACGCTGCTGCTGTA.1,1015
ACGCTGCTGGAAAT.1,1039
ACGGAACTCGCAAT.1,1256
ACGGAACTGTGAGG.1,1015
ACGGAACTGTTCAG.1,1488
ACGGAACTTCCCAC.1,1256
ACGGAGGACGTAAC.1,1244
ACGGAGGATCTTTG.1,1016
ACGGATTGCTCCAC.1,1016
ACGGATTGGGGCAA.1,1488
ACGGATTGGTTGTG.1,1039
ACGGCGTGCAGCTA.1,1244
ACGGCGTGCTTTAC.1,1016
ACGGCGTGGACGTT.1,107
ACGGCGTGGCGGAA.1,1244
ACGGCGTGGTCCTC.1,1244
ACGGCGTGGTTCAG.1,1488
ACGGCGTGTACTTC.1,1244
ACGGCGTGTGCTCC.1,101
ACGGCTCTAGACTC.1,1256
ACGGCTCTATCGGT.1,1016
ACGGCTCTCATACG.1,101
ACGGCTCTCTGTTT.1,1015
ACGGCTCTGTATGC.1,1015
ACGGCTCTTTCTGT.1,1015
ACGGGAGAAAGGCG.1,1015
ACGGGAGAAGCCAT.1,101
ACGGGAGAATCTCT.1,1039
ACGGGAGACCAACA.1,1256
ACGGGAGACCAGTA.1,1016
ACGGGAGACTCAAG.1,1015
ACGGGAGAGGAAGC.1,101
ACGGGAGAGGACAG.1,1256
ACGGGAGATACTCT.1,1244
ACGGGAGATGTAGC.1,1244
ACGGTATGACCAGT.1,1015
ACGGTATGACCATG.1,1244
ACGGTATGCCGCTT.1,1488
ACGGTATGCTCAGA.1,1039
ACGGTATGTTTCTG.1,107
ACGGTCCTACCCAA.1,1256
ACGGTCCTGAGATA.1,1039
ACGTAGACCGTTAG.1,1015
ACGTCAGAAGGGTG.1,1016
ACGTCAGACATTTC.1,1244
ACGTCAGACTACTT.1,1244
ACGTCAGAGCTACA.1,1256
ACGTCCTGCCTTCG.1,1256
ACGTCCTGCTGAAC.1,1015
ACGTCCTGGGGTGA.1,1039
ACGTCCTGGGTGAG.1,101
ACGTCCTGTCGCCT.1,1015
ACGTCCTGTGCCTC.1,1256
ACGTCCTGTTCTGT.1,1244
ACGTCGCTAGATGA.1,1256
ACGTCGCTATGCTG.1,1488
ACGTCGCTCAGGAG.1,101
ACGTCGCTGCATCA.1,101
ACGTCGCTGTTGAC.1,101
ACGTGATGAACCGT.1,1039
ACGTGATGAGATGA.1,1244
ACGTGATGCCTGAA.1,1488
ACGTGATGCTGAGT.1,
ACGTGATGGCATCA.1,1488
ACGTGATGGCTACA.1,1256
ACGTGATGGTCGTA.1,1256
ACGTGCCTCCATAG.1,1256
ACGTGCCTGACGGA.1,1016
ACGTGCCTTGTCCC.1,1488
ACGTTACTCACTGA.1,1244
ACGTTACTCTGTTT.1,1256
ACGTTACTGCATCA.1,1015
ACGTTACTGCGATT.1,1256
ACGTTACTGCTTAG.1,1244
ACGTTACTGGAGTG.1,1256
ACGTTGGAACCTCC.1,1039
ACGTTGGACGAACT.1,1256
ACGTTGGACTCAGA.1,1244
ACGTTTACACTAGC.1,1256
ACGTTTACAGCTCA.1,1488
ACTAAAACACCTAG.1,1244
ACTAAAACCGTAGT.1,1244
ACTAAAACCTCTTA.1,1256
ACTAAAACGGAACG.1,1016
ACTACGGAACCTGA.1,107
ACTACGGAATTCTC.1,1015
ACTACGGACCCTAC.1,1256
ACTACGGACTCATT.1,1256
ACTACGGACTTGGA.1,101
ACTACGGAGAATGA.1,1256
ACTACGGAGTTGTG.1,1015
ACTACTACACTTTC.1,1015
ACTAGGTGAGTACC.1,1256
ACTAGGTGCAGAAA.1,1039
ACTAGGTGCCGTTC.1,101
ACTAGGTGCCTAAG.1,1256
ACTATCACGGAAGC.1,1256
ACTATCACGGTATC.1,1488
ACTATCACTTCACT.1,1256
ACTCAGGAAGTCTG.1,1488
ACTCAGGACATGCA.1,1256
ACTCAGGACCAACA.1,1256
ACTCAGGACTGTAG.1,1244
ACTCAGGACTGTGA.1,101
ACTCAGGAGGCGAA.1,101
ACTCAGGATATGCG.1,1015
ACTCAGGATATGGC.1,1256
ACTCCTCTTAGAAG.1,107
ACTCCTCTTGTTCT.1,1256
ACTCGAGAAGTAGA.1,1256
ACTCGAGAATCGAC.1,1244
ACTCGAGACTCATT.1,1244
ACTCGAGAGAGAGC.1,1015
ACTCGAGATGCTGA.1,1256
ACTCGCACATCAGC.1,1256
ACTCGCACATGTCG.1,107
ACTCGCACGACGTT.1,1488
ACTCGCACTCTTTG.1,1256
ACTCTATGACCCAA.1,1256
ACTCTATGACTCTT.1,1256
ACTCTATGAGATCC.1,
ACTCTATGAGTACC.1,1244
ACTCTATGCTAGCA.1,1256
ACTCTATGCTTATC.1,1015
ACTCTATGGTACGT.1,
ACTCTATGTGCACA.1,1488
ACTCTCCTCGAGTT.1,1015
ACTCTCCTCTTACT.1,1015
ACTCTCCTGCGAGA.1,1256
ACTGAGACCGGGAA.1,1016
ACTGAGACGGACTT.1,1244
ACTGAGACTTCTTG.1,1488
ACTGCCACCCTGAA.1,1488
ACTGCCACCGGGAA.1,1015
ACTGCCACTGTGCA.1,1256
ACTGCCTGAGCTCA.1,1488
ACTGCCTGCTCAAG.1,1488
ACTGCCTGGAATAG.1,107
ACTGCCTGGGTTCA.1,1016
ACTGCCTGTGAGCT.1,1256
ACTGCCTGTTCTCA.1,1488
ACTGCCTGTTCTTG.1,1256
ACTGGCCTATGTCG.1,101
ACTGGCCTCTAAGC.1,101
ACTGGCCTGCAGAG.1,1039
ACTGGCCTGCCAAT.1,1015
ACTGGCCTGCTGTA.1,1256
ACTGGCCTTAAGGA.1,1015
ACTGGCCTTGGTTG.1,1015
ACTGTGGAAACCAC.1,101
ACTGTGGAGAATCC.1,1488
ACTGTGGAGGACGA.1,1256
ACTGTGGAGTTCAG.1,1256
ACTGTTACCAACCA.1,1488
ACTGTTACGACAGG.1,1016
ACTTAAGAACCATG.1,1015
ACTTAAGAAGCTAC.1,1244
ACTTAAGACTCTCG.1,1256
ACTTAAGAGGTGAG.1,1015
ACTTAAGATATGGC.1,1244
ACTTAAGATGTGGT.1,1256
ACTTAGCTATCTTC.1,1256
ACTTAGCTCGATAC.1,1015
ACTTAGCTCGGGAA.1,1244
ACTTAGCTCTCCCA.1,1016
ACTTAGCTTTCGCC.1,1244
ACTTCAACACGCAT.1,1015
ACTTCAACAGGAGC.1,1015
ACTTCAACCGACTA.1,1256
ACTTCAACGTGCTA.1,1244
ACTTCAACTTTCGT.1,1244
ACTTCCCTAGTCTG.1,1015
ACTTCCCTGCTATG.1,1244
ACTTCTGACACTCC.1,1488
ACTTCTGATCAGGT.1,1015
ACTTCTGATGGTCA.1,1488
ACTTCTGATGTCAG.1,1244
ACTTCTGATTCCGC.1,1244
ACTTGACTCCAACA.1,107
ACTTGACTGGACTT.1,1015
ACTTGACTTCACCC.1,1015
ACTTGGGACTACCC.1,1016
ACTTGGGAGCCAAT.1,1488
ACTTGGGAGCTGAT.1,1488
ACTTGGGATCAGTG.1,
ACTTGTACACGTAC.1,1039
ACTTGTACAGTCGT.1,1488
ACTTGTACCCATGA.1,101
ACTTTGTGGTCAAC.1,101
ACTTTGTGGTCCTC.1,1244
ACTTTGTGGTCGTA.1,1488
ACTTTGTGTCCCAC.1,1039
ACTTTGTGTGTTTC.1,1244
AGAAACGAACAGCT.1,1016
AGAAACGAACTCTT.1,1244
AGAAACGACTGATG.1,1016
AGAAACGAGCGATT.1,1015
AGAAAGTGCATCAG.1,1488
AGAAAGTGCCGATA.1,1015
AGAAAGTGCTGCAA.1,1015
AGAAAGTGGACAAA.1,107
AGAAAGTGTGCATG.1,1488
AGAACAGAAACGTC.1,1015
AGAACAGACCTCCA.1,1488
AGAACAGAGAGACG.1,1015
AGAACAGAGCTGTA.1,1015
AGAACAGATATGGC.1,1015
AGAACGCTAGGAGC.1,1488
AGAACGCTCACTTT.1,1016
AGAACGCTCAGATC.1,107
AGAACGCTGAATAG.1,101
AGAACGCTGAGATA.1,1256
AGAACGCTTCCCGT.1,1488
AGAAGATGAAGAGT.1,1244
AGAAGATGACACAC.1,1488
AGAAGATGCATTGG.1,1488
AGAAGATGCCCTAC.1,1488
AGAAGATGCCTCAC.1,1488
AGAAGATGCTGCAA.1,1015
AGAAGATGGCAGTT.1,1256
AGAAGATGTGATGC.1,107
AGAAGATGTGCCTC.1,1244
AGAATACTCAACTG.1,1256
AGAATACTCATCAG.1,101
AGAATACTGGTACT.1,1015
AGAATACTTCAGAC.1,101
AGAATACTTTCGTT.1,1015
AGAATGGAAAACAG.1,101
AGAATGGAACTCAG.1,1015
AGAATGGAAGTCAC.1,1015
AGAATGGAATCTCT.1,1015
AGAATTTGAACCGT.1,1244
AGAATTTGATACCG.1,1016
AGAATTTGATTGGC.1,1488
AGAATTTGCAACTG.1,1488
AGAATTTGCGACAT.1,1256
AGAATTTGCGCATA.1,1244
AGAATTTGCTCAGA.1,1488
AGAATTTGCTTGAG.1,1015
AGAATTTGGAGAGC.1,1016
AGACACACACGCAT.1,1015
AGACACACAGCCTA.1,1256
AGACACACCGTGAT.1,1488
AGACACACCGTTGA.1,1244
AGACACACGAATAG.1,1015
AGACACACGTCAAC.1,1256
AGACACACTGATGC.1,1256
AGACACACTGTCGA.1,1244
AGACACTGAGCACT.1,1015
AGACACTGCACACA.1,1244
AGACACTGCTGGTA.1,1256
AGACACTGTCCGAA.1,1015
AGACCTGACATGAC.1,1244
AGACCTGACTACTT.1,1256
AGACCTGATACTTC.1,1244
AGACGTACACCGAT.1,1244
AGACGTACATCTTC.1,1015
AGACGTACCAATCG.1,1488
AGACTCGAAGTTCG.1,107
AGACTCGAGCAGTT.1,1244
AGACTCGATTTACC.1,1244
AGACTGACGATGAA.1,1015
AGACTGACGGCATT.1,1244
AGACTGACGTGCTA.1,1015
AGACTTCTACGACT.1,1015
AGACTTCTATCAGC.1,1015
AGACTTCTCAGTTG.1,1015
AGACTTCTCTGGAT.1,1488
AGACTTCTGGAACG.1,1488
AGACTTCTGGATCT.1,1488
AGACTTCTGTGAGG.1,1256
AGACTTCTTTGGCA.1,1015
AGACTTCTTTGGTG.1,1015
AGAGAAACACCAGT.1,101
AGAGAAACCCTTTA.1,1015
AGAGAAACCTGGTA.1,1015
AGAGAAACTAGAGA.1,107
AGAGAATGAACTGC.1,1244
AGAGAATGGCATAC.1,1015
AGAGAATGTGGAAA.1,1256
AGAGAATGTTCTCA.1,1244
AGAGAATGTTTGGG.1,1015
AGAGATGACTACTT.1,1488
AGAGATGACTTGAG.1,1015
AGAGATGAGCGTAT.1,1488
AGAGATGAGCTTAG.1,1244
AGAGATGAGTATGC.1,1256
AGAGATGAGTTTGG.1,1488
AGAGATGATCCCAC.1,101
AGAGATGATGGATC.1,1015
AGAGCGGACGTACA.1,107
AGAGCGGAGTAGCT.1,1015
AGAGCGGAGTGCAT.1,1015
AGAGCGGATGTGCA.1,1244
AGAGCTACATCACG.1,1015
AGAGCTACCCCTAC.1,1015
AGAGCTACCCTTCG.1,1256
AGAGCTACGCTCCT.1,1244
AGAGCTACTAGAGA.1,1256
AGAGGTCTAAACGA.1,1244
AGAGGTCTAGATCC.1,1015
AGAGGTCTTCCAGA.1,1256
AGAGTCACAGAGGC.1,1488
AGAGTCACCCGATA.1,1488
AGAGTCACGTAGCT.1,1244
AGAGTCACTGGTCA.1,1244
AGAGTCTGACACGT.1,1244
AGAGTCTGCCTCCA.1,101
AGAGTCTGGTGTAC.1,1488
AGAGTCTGTGCTGA.1,1244
AGAGTGCTCTCCAC.1,1256
AGAGTGCTGACAGG.1,1015
AGAGTGCTGCTTCC.1,1244
AGAGTGCTTAGCGT.1,1488
AGATATACACGACT.1,1256
AGATATACAGCGTT.1,1488
AGATATACCCGATA.1,1256
AGATATACGTTACG.1,1016
AGATATACTCACCC.1,1039
AGATATACTCTGGA.1,1244
AGATATACTTAGGC.1,1015
AGATATTGACGTGT.1,1488
AGATATTGCACTTT.1,1256
AGATATTGCTCCAC.1,1256
AGATATTGGGACTT.1,1256
AGATATTGTAAAGG.1,1244
AGATATTGTAGTCG.1,107
AGATATTGTGTTTC.1,1015
AGATCGTGACCCTC.1,1256
AGATCGTGACCTTT.1,1015
AGATCGTGGGGTGA.1,1488
AGATCGTGGTGAGG.1,1244
AGATCTCTAGTCGT.1,1256
AGATCTCTATTCTC.1,1256
AGATCTCTCCTACC.1,1015
AGATCTCTCGTGTA.1,101
AGATCTCTGGAAAT.1,1015
AGATCTCTTAGAGA.1,1488
AGATCTCTTGTCGA.1,1015
AGATCTCTTTCCGC.1,1256
AGATTAACGCTTAG.1,1015
AGATTAACGGTGTT.1,
AGATTAACGTATCG.1,101
AGATTAACTGAAGA.1,
AGATTCCTACGCAT.1,1244
AGATTCCTAGCGTT.1,1488
AGATTCCTCTACTT.1,1244
AGATTCCTCTGCAA.1,
AGATTCCTGACTAC.1,1256
AGATTCCTTAGTCG.1,1016
AGATTCCTTCCAGA.1,1016
AGCAAAGAAAAGCA.1,1039
AGCAAAGAATGTGC.1,107
AGCAAAGATGGATC.1,1488
AGCAACACAGCATC.1,1015
AGCAACACAGCCTA.1,1256
AGCAACACGACAAA.1,1244
AGCAACACGCTCCT.1,1015
AGCAACACTGCTAG.1,1256
AGCAAGCTAACGGG.1,1244
AGCAAGCTCAAGCT.1,1016
AGCAAGCTCTGGAT.1,1256
AGCAAGCTTGCTTT.1,1015
AGCACAACACCTCC.1,1015
AGCACAACCTTGTT.1,1244
AGCACAACGACGAG.1,1015
AGCACAACGATAGA.1,1488
AGCACAACGGATTC.1,1015
AGCACAACTCGCCT.1,1015
AGCACAACTGTAGC.1,1244
AGCACAACTTCGTT.1,1488
AGCACTGAAACGAA.1,1015
AGCACTGAAGCTCA.1,1488
AGCACTGAGACGTT.1,1256
AGCACTGATTCTTG.1,1256
AGCATCGAGAGAGC.1,1256
AGCATCGAGAGATA.1,1039
AGCATCGATAGCCA.1,1488
AGCATGACATCTTC.1,101
AGCATGACCTCGAA.1,107
AGCATGACGCAGTT.1,1256
AGCATGACTAACGC.1,101
AGCATTCTGACTAC.1,1015
AGCATTCTGTCTTT.1,1256
AGCATTCTTGATGC.1,1016
AGCCAATGAAACAG.1,1015
AGCCAATGACGTAC.1,101
AGCCAATGCCCTAC.1,101
AGCCACCTCAAAGA.1,1015
AGCCACCTCGGGAA.1,1016
AGCCACCTTAGTCG.1,107
AGCCACCTTGGAAA.1,101
AGCCACCTTTGGCA.1,1256
AGCCGGACAGCACT.1,1488
AGCCGGACGAGCTT.1,1244
AGCCGGACGTAAGA.1,1039
AGCCGGACGTCCTC.1,1256
AGCCGGACTCCGTC.1,1015
AGCCGGACTTCCGC.1,101
AGCCGGTGCTGAGT.1,1256
AGCCGGTGGAAAGT.1,1039
AGCCGGTGGAAGGC.1,1039
AGCCGGTGGGGATG.1,1015
AGCCGGTGTTCCAT.1,1015
AGCCGTCTGTCGAT.1,1015
AGCCTCACACGGGA.1,1015
AGCCTCACACGTGT.1,1488
AGCCTCACTAACCG.1,
AGCCTCACTAACGC.1,1256
AGCCTCACTCGCCT.1,1016
AGCCTCTGAAAAGC.1,1488
AGCCTCTGCGTAAC.1,101
AGCCTCTGGAGGGT.1,1256
AGCCTCTGGTCTGA.1,101
AGCGAACTGCGTAT.1,1015
AGCGAACTGGACAG.1,1015
AGCGAACTGGTACT.1,1016
AGCGAACTGTTGCA.1,1015
AGCGATACAAGCCT.1,1488
AGCGATACGAGATA.1,1488
AGCGATACGGTACT.1,1015
AGCGATACTCAGAC.1,1016
AGCGATTGTGTGCA.1,1016
AGCGCCGAACTCTT.1,1256
AGCGCCGACCTCAC.1,1256
AGCGCCGACGTTGA.1,101
AGCGCCGAGATACC.1,1039
AGCGCCGAGTTGCA.1,1039
AGCGCTCTACCACA.1,1244
AGCGCTCTCCTTTA.1,1015
AGCGCTCTCGCATA.1,1244
AGCGCTCTGTATGC.1,
AGCGGCACAACTGC.1,1016
AGCGGCACACGCAT.1,1488
AGCGGCACCTTAGG.1,
AGCGGCACGGTGAG.1,1256
AGCGGCACTGCGTA.1,107
AGCGGCACTTGGCA.1,101
AGCGGCTGACACGT.1,1244
AGCGGCTGCACACA.1,1016
AGCGGCTGCTGACA.1,1015
AGCGGCTGTATCTC.1,1488
AGCGGCTGTCTAGG.1,101
AGCGGCTGTGCCCT.1,1016
AGCGGGCTCAGATC.1,1256
AGCGGGCTCGAGTT.1,1256
AGCGGGCTCGCCTT.1,1256
AGCGGGCTGGGAGT.1,1015
AGCGTAACCGATAC.1,1015
AGCGTAACTGCAGT.1,1039
AGCGTAACTGTTTC.1,1015
AGCTCGCTAAGGTA.1,1488
AGCTCGCTAGAACA.1,1015
AGCTCGCTATCGTG.1,1244
AGCTCGCTCCTTCG.1,1244
AGCTCGCTCTCTCG.1,1256
AGCTGAACCCGCTT.1,1016
AGCTGAACTAAAGG.1,1015
AGCTGCCTGCTAAC.1,101
AGCTGCCTTCGCTC.1,1244
AGCTGTGAACTAGC.1,107
AGCTGTGACCTTCG.1,1256
AGCTGTGAGTATCG.1,1256
AGCTGTGATAGTCG.1,101
AGCTGTGATGTCTT.1,1256
AGCTGTGATTCGGA.1,1016
AGCTTACTCGTCTC.1,1488
AGCTTACTGAGGCA.1,
AGCTTACTGTCGAT.1,1015
AGCTTACTTCTAGG.1,1488
AGCTTACTTTCACT.1,1015
AGCTTTACAGAAGT.1,1015
AGCTTTACAGAATG.1,1256
AGCTTTACGACGTT.1,1016
AGCTTTACGTAGCT.1,1256
AGGAAATGAGACTC.1,1015
AGGAAATGAGTGCT.1,1488
AGGAAATGGCTACA.1,1244
AGGAAATGGTCTTT.1,101
AGGAACCTCACCAA.1,1039
AGGAACCTCCTTAT.1,107
AGGAACCTTACTGG.1,1016
AGGAATGAACTGGT.1,1256
AGGAATGACGTCTC.1,1015
AGGAATGACTGTCC.1,1039
AGGAATGATACTTC.1,1015
AGGACACTGCCCTT.1,1244
AGGACACTGGACAG.1,1488
AGGACACTTAAAGG.1,1488
AGGACTTGATCACG.1,1256
AGGACTTGCAGAGG.1,1256
AGGACTTGCGTTAG.1,101
AGGACTTGCTCTTA.1,1244
AGGAGTCTAAGAGT.1,101
AGGAGTCTCGATAC.1,1015
AGGAGTCTTCCTCG.1,101
AGGATAGAATCGAC.1,101
AGGATAGACACAAC.1,1256
AGGATAGACATGGT.1,1488
AGGATAGACGAACT.1,1015
AGGATAGACGGAGA.1,1488
AGGATAGAGACTAC.1,1256
AGGATAGAGGTAAA.1,1244
AGGATAGATCCCGT.1,
AGGATAGATGCTAG.1,1039
AGGATGCTAGAGGC.1,1015
AGGATGCTCTGCAA.1,1039
AGGATGCTGGACGA.1,101
AGGATGCTGTACAC.1,1256
AGGATGCTTTGCAG.1,1244
AGGATGCTTTGTGG.1,1244
AGGCAGGAGTACGT.1,1015
AGGCAGGATATCTC.1,1488
AGGCAGGATGTCAG.1,1015
AGGCCTCTCGTTGA.1,1256
AGGCCTCTCTGGTA.1,1015
AGGCCTCTGGGTGA.1,1015
AGGCCTCTGTTGGT.1,1244
AGGCCTCTTCACGA.1,107
AGGCCTCTTCGACA.1,1039
AGGCTAACAGATGA.1,1015
AGGCTAACAGGTCT.1,107
AGGCTAACAGTGTC.1,1039
AGGCTAACTGTGGT.1,101
AGGGACGAAACGGG.1,1256
AGGGACGAAGTACC.1,101
AGGGACGACCAAGT.1,1256
AGGGACGACTCGCT.1,1016
AGGGACGACTTCGC.1,
AGGGACGATTCTGT.1,1256
AGGGAGTGATGGTC.1,1015
AGGGAGTGTGACCA.1,1488
AGGGAGTGTGAGCT.1,101
AGGGCCACAAGGTA.1,1244
AGGGCCACATCGAC.1,1244
AGGGCCACGTGTAC.1,1488
AGGGCCACTACAGC.1,1015
AGGGCCACTATCTC.1,1256
AGGGCCACTCGCAA.1,1244
AGGGCCACTGACCA.1,1244
AGGGCCTGAACGAA.1,1015
AGGGCCTGTTACCT.1,1488
AGGGCGCTACGGGA.1,1015
AGGGCGCTATCGGT.1,1244
AGGGCGCTCGTGAT.1,101
AGGGCGCTCTATGG.1,1244
AGGGCGCTTGGTGT.1,1244
AGGGCGCTTTACTC.1,1244
AGGGTGGAAGACTC.1,1015
AGGGTGGAAGGGTG.1,1488
AGGGTGGAAGTCAC.1,1256
AGGGTGGACACCAA.1,1488
AGGGTGGACAGCTA.1,1488
AGGGTGGACCCACT.1,1256
AGGGTGGAGGTGGA.1,1244
AGGGTTTGACAGTC.1,1039
AGGGTTTGCGCTAA.1,1256
AGGGTTTGTCCGAA.1,1256
AGGTACACGAAAGT.1,1256
AGGTACTGAGTAGA.1,1015
AGGTCATGGTTTCT.1,1256
AGGTCATGTGGTGT.1,1256
AGGTCATGTGTCTT.1,1016
AGGTCTGACGCTAA.1,1256
AGGTCTGAGGTGAG.1,1256
AGGTCTGAGTTGTG.1,
AGGTCTGATCACGA.1,1244
AGGTCTGATCGCTC.1,1015
AGGTCTGATGGAGG.1,1244
AGGTCTGATTATCC.1,1015
AGGTGGGAATGCTG.1,1488
AGGTGGGACCAATG.1,1256
AGGTGGGATAACGC.1,1015
AGGTGTTGCCATGA.1,101
AGGTGTTGCTCTCG.1,1015
AGGTGTTGGAGAGC.1,1016
AGGTGTTGGAGGTG.1,1015
AGGTGTTGGTCACA.1,1256
AGGTGTTGTGGTGT.1,1015
AGGTGTTGTGTTCT.1,1244
AGGTGTTGTTCTGT.1,1244
AGGTTCGATAGAAG.1,1015
AGGTTCGATTCCAT.1,1015
AGGTTGTGACCCAA.1,1016
AGGTTGTGAGCATC.1,1244
AGGTTGTGCCGTAA.1,1016
AGGTTGTGCGCCTT.1,101
AGGTTGTGGGCAAG.1,101
AGGTTGTGGTAAAG.1,1015
AGGTTGTGGTCGAT.1,1015
AGTAAGGAACCCAA.1,107
AGTAAGGATTGACG.1,107
AGTAATACACCACA.1,107
AGTAATACACTAGC.1,1256
AGTAATACTGAAGA.1,1244
AGTAATACTTGCGA.1,1256
AGTAATTGCTTGGA.1,1488
AGTAATTGGAGAGC.1,1039
AGTAATTGGGTCAT.1,1244
AGTAATTGTCGTTT.1,1256
AGTAATTGTGCCCT.1,101
AGTAATTGTTCTTG.1,1244
AGTACGTGCCATAG.1,1016
AGTACGTGTGAGCT.1,1015
AGTACGTGTGTAGC.1,1256
AGTACGTGTTCCAT.1,107
AGTACTCTCACTAG.1,1015
AGTACTCTCGGGAA.1,1488
AGTACTCTGTAGGG.1,1015
AGTAGAGAAAACGA.1,1256
AGTAGAGAACAGCT.1,1039
AGTAGAGAAGAAGT.1,101
AGTAGAGACAGGAG.1,1256
AGTAGAGAGCAAGG.1,1015
AGTAGAGATGAAGA.1,1015
AGTAGAGATGCTGA.1,1256
AGTAGGCTAAACGA.1,1488
AGTAGGCTACACTG.1,1016
AGTAGGCTACCTGA.1,1244
AGTAGGCTAGGCGA.1,1039
AGTAGGCTATTGGC.1,1488
AGTAGGCTTGGTGT.1,1016
AGTATAACCTCTTA.1,1488
AGTATAACTAGAAG.1,1256
AGTATAACTGCAGT.1,1015
AGTATCCTACACTG.1,1256
AGTATCCTACCATG.1,1256
AGTATCCTGCGAAG.1,1016
AGTCACGAACCTTT.1,1015
AGTCACGAACGGAG.1,1015
AGTCACGAGCTTCC.1,1039
AGTCAGACACCTAG.1,1488
AGTCAGACATTGGC.1,1244
AGTCAGACCATGCA.1,1015
AGTCAGACGCAGTT.1,1244
AGTCAGACTAGCGT.1,1015
AGTCAGACTGCATG.1,1015
AGTCAGACTTACCT.1,
AGTCGAACGGTTAC.1,1016
AGTCGCCTGAACTC.1,1015
AGTCGCCTTCGACA.1,1244
AGTCGCCTTGGCAT.1,1256
AGTCGCCTTTGCTT.1,101
AGTCTACTAAAACG.1,1256
AGTCTACTCGTGAT.1,1244
AGTCTTACCTCAGA.1,1015
AGTCTTACGCTGTA.1,1015
AGTCTTACTAGAAG.1,101
AGTCTTACTTCGCC.1,1244
AGTGAAGAACTGTG.1,1015
AGTGAAGACGTGAT.1,1039
AGTGAAGAGTTCAG.1,1015
AGTGACACAAGGTA.1,1488
AGTGACACAGCAAA.1,1015
AGTGACACCCTTAT.1,107
AGTGACACCTGGAT.1,1244
AGTGACACGACGAG.1,1488
AGTGACACGGACAG.1,1039
AGTGACACTTTGCT.1,1016
AGTGACTGAAGGTA.1,1244
AGTGACTGATCGGT.1,1488
AGTGACTGATCGTG.1,1488
AGTGACTGCGTGTA.1,1015
AGTGACTGCTCTTA.1,1015
AGTGACTGGAGCAG.1,101
AGTGACTGTTTCGT.1,1015
AGTGCAACAATCGC.1,1244
AGTGCAACATCGTG.1,1015
AGTGCAACCGTCTC.1,
AGTGCAACGGCGAA.1,1244
AGTGCAACTAACGC.1,1015
AGTGTGACAGTCGT.1,1488
AGTGTGACTGCCTC.1,101
AGTGTTCTAGCGTT.1,101
AGTGTTCTCTGATG.1,1256
AGTGTTCTTTGCGA.1,1015
AGTTAAACACTCTT.1,1015
AGTTAAACCTGACA.1,1039
AGTTAAACGGACAG.1,1256
AGTTATGAACCTAG.1,1244
AGTTATGAATCTCT.1,101
AGTTATGACACACA.1,1015
AGTTATGAGGAAAT.1,1256
AGTTATGAGGAGCA.1,101
AGTTATGAGTAAAG.1,1488
AGTTATGATGGATC.1,1488
AGTTCTACGACGAG.1,1244
AGTTCTACTTTCAC.1,1244
AGTTCTTGAACGGG.1,101
AGTTCTTGCAGTCA.1,107
AGTTGTCTAAACAG.1,1016
AGTTGTCTAAAGTG.1,1244
AGTTGTCTACTTTC.1,1016
AGTTGTCTATGCTG.1,1015
AGTTGTCTCATTGG.1,1488
AGTTGTCTGAGGTG.1,1015
AGTTGTCTGCTACA.1,1015
AGTTGTCTTCCGAA.1,1256
AGTTTAGAATTCTC.1,1039
AGTTTAGAGTTCGA.1,1244
AGTTTAGATAAGCC.1,1015
AGTTTCACACACTG.1,1015
AGTTTCACAGCACT.1,1244
AGTTTCACGCATCA.1,101
AGTTTCACTCACCC.1,1015
AGTTTGCTCGAGTT.1,1244
AGTTTGCTCTTTAC.1,1256
AGTTTGCTGAATCC.1,1256
AGTTTGCTGGTCAT.1,1015
AGTTTGCTTCCTGC.1,101
AGTTTGCTTCTTCA.1,1016
ATAAACACACGTGT.1,1015
ATAAACACCTTCGC.1,1256
ATAACAACAAGAGT.1,1244
ATAACAACCAGATC.1,1488
ATAACATGCAGGAG.1,101
ATAACATGCTGTCC.1,1256
ATAACATGCTTGCC.1,1256
ATAACATGGATACC.1,1256
ATAACATGGGTTCA.1,1488
ATAACCCTACCTCC.1,1015
ATAACCCTTGACTG.1,1488
ATAAGTACACCCAA.1,1015
ATAAGTTGATCTCT.1,101
ATAAGTTGCCTTAT.1,1015
ATAAGTTGCTCCAC.1,1016
ATAAGTTGCTTAGG.1,1015
ATAAGTTGGGAGCA.1,1015
ATAAGTTGTACTTC.1,1256
ATAAGTTGTGAGAA.1,101
ATAATCGAAAACGA.1,107
ATAATCGATTCTGT.1,101
ATAATGACAACGGG.1,1488
ATAATGACACCTTT.1,1256
ATAATGACCACTGA.1,101
ATAATGACGACAAA.1,1244
ATAATGACTTATCC.1,1016
ATACAATGACGTAC.1,1015
ATACAATGATTCCT.1,1016
ATACAATGTCAGAC.1,1016
ATACAATGTCTTTG.1,101
ATACACCTAAAGTG.1,1488
ATACACCTACAGTC.1,1256
ATACACCTGGACGA.1,1015
ATACACCTTGCTAG.1,1016
ATACCACTAGGTCT.1,1488
ATACCACTATCAGC.1,1244
ATACCACTCCTGAA.1,1256
ATACCACTGGTGAG.1,1016
ATACCACTGTCACA.1,1244
ATACCACTTGTGGT.1,1015
ATACCGGAATCGAC.1,1256
ATACCGGACCCACT.1,1244
ATACCGGACTCTCG.1,1015
ATACCTACATCGTG.1,107
ATACCTACGACTAC.1,1256
ATACCTACGGAAGC.1,1016
ATACCTACGTCTGA.1,101
ATACCTACTGCAAC.1,1488
ATACCTTGAAAAGC.1,1015
ATACCTTGATGACC.1,1015
ATACCTTGATGTGC.1,101
ATACCTTGGACAAA.1,1244
ATACCTTGTTCTGT.1,1016
ATACGGACAGTCAC.1,1488
ATACGGACCAACTG.1,1256
ATACGTCTAAGTAG.1,1256
ATACGTCTATCGGT.1,1256
ATACGTCTCACCAA.1,1244
ATACGTCTGAAACA.1,1488
ATACGTCTGGTTAC.1,1488
ATACTCTGATTTCC.1,1015
ATACTCTGCACTAG.1,1015
ATACTCTGCTTAGG.1,1244
ATACTCTGGACGTT.1,1015
ATAGAACTACTCAG.1,1256
ATAGAACTCTCAGA.1,1015
ATAGAACTGAGAGC.1,1015
ATAGAACTGGATCT.1,101
ATAGAACTGTCCTC.1,1244
ATAGAACTGTCGTA.1,1015
ATAGAACTTCACGA.1,1039
ATAGAACTTTTCAC.1,1244
ATAGATACACCTGA.1,1015
ATAGATACCATGGT.1,1488
ATAGATACCGTTAG.1,1015
ATAGATACGTTCAG.1,107
ATAGATTGAAACAG.1,
ATAGATTGAATCGC.1,1244
ATAGATTGTCGTTT.1,1256
ATAGCCGACGATAC.1,1015
ATAGCCGAGTACGT.1,1015
ATAGCCGAGTTAGC.1,1256
ATAGCGTGGCGAGA.1,1015
ATAGCGTGTAACGC.1,1256
ATAGCTCTAAGTGA.1,1015
ATAGCTCTACGTGT.1,1256
ATAGCTCTCATGGT.1,1016
ATAGCTCTCGCATA.1,1244
ATAGCTCTGATAAG.1,1256
ATAGCTCTGGATCT.1,1016
ATAGCTCTTCCGTC.1,1039
ATAGGAGACTAGAC.1,1016
ATAGGAGATGAAGA.1,1256
ATAGGAGATGAGCT.1,1015
ATAGGAGATTTCTG.1,107
ATAGGCTGAAAGTG.1,1256
ATAGGCTGAGAAGT.1,107
ATAGGCTGCTGCTC.1,1256
ATAGGCTGGGACGA.1,1256
ATAGTCCTCCGCTT.1,1016
ATAGTCCTGGACTT.1,1015
ATAGTCCTGGTGTT.1,1016
ATAGTCCTTGCTTT.1,1256
ATAGTTGAAAGGCG.1,1016
ATAGTTGAAAGTAG.1,1015
ATAGTTGAACTAGC.1,1488
ATAGTTGAAGTCTG.1,1039
ATAGTTGACTCGCT.1,1015
ATAGTTGATAAAGG.1,1488
ATAGTTGATTCGCC.1,1015
ATAGTTGATTGGTG.1,1015
ATAGTTGATTTGTC.1,1015
ATATACGACTGAAC.1,1256
ATATACGACTGTTT.1,101
ATATACGAGGGCAA.1,1488
ATATACGAGGTTTG.1,1015
ATATACGAGTCACA.1,1488
ATATACGAGTCTAG.1,1244
ATATACGATCCCAC.1,1015
ATATACGATGCATG.1,1244
ATATAGTGTGACTG.1,1488
ATATGAACGTGTTG.1,1039
ATATGAACTGAACC.1,107
ATATGCCTAAGATG.1,1256
ATATGCCTATGTGC.1,1244
ATATGCCTCCTTTA.1,1015
ATATGCCTCTGTGA.1,1244
ATCAAATGAGTACC.1,1488
ATCAAATGATTCCT.1,101
ATCAAATGCTGTCC.1,1016
ATCAACCTCAACCA.1,1039
ATCAACCTGGACGA.1,107
ATCAACCTTAGAAG.1,101
ATCAACCTTCTCGC.1,1015
ATCAACCTTTCGTT.1,1256
ATCACACTGACGAG.1,1244
ATCACACTGCTTAG.1,1016
ATCACACTGTTGCA.1,1015
ATCACGGAAAAGCA.1,101
ATCACGGAACCCTC.1,
ATCACGGAACTGTG.1,1015
ATCACGGAGCGATT.1,1488
ATCACGGATAACGC.1,1244
ATCACGGATCAGGT.1,1256
ATCACTACCTATTC.1,1256
ATCACTACCTTCTA.1,1244
ATCACTACTGCACA.1,1488
ATCACTACTGGTAC.1,1244
ATCACTTGCGCAAT.1,1256
ATCACTTGCTAGCA.1,1256
ATCACTTGGCGAGA.1,1488
ATCACTTGTCCGTC.1,1039
ATCACTTGTTCCGC.1,1488
ATCACTTGTTGCAG.1,1256
ATCAGGTGACTGTG.1,1039
ATCAGGTGGAACCT.1,107
ATCAGGTGGAACTC.1,1256
ATCAGGTGGGCGAA.1,1244
ATCAGGTGGGGCAA.1,1256
ATCAGGTGTCCAAG.1,1016
ATCATCTGAGCAAA.1,1256
ATCATCTGTTCTGT.1,1016
ATCATGCTGCTGTA.1,1256
ATCCAGGACCGATA.1,1039
ATCCAGGACTACTT.1,1488
ATCCAGGACTCCAC.1,1015
ATCCAGGATATGGC.1,107
ATCCATACATTCCT.1,1256
ATCCCGTGCCAAGT.1,1015
ATCCCGTGCGTTGA.1,101
ATCCCGTGCTGCAA.1,1244
ATCCCGTGGTCTAG.1,107
ATCCCGTGTACTGG.1,107
ATCCCGTGTCACGA.1,1244
ATCCCGTGTCTCAT.1,101
ATCCGCACAACAGA.1,1244
ATCCGCACGTCACA.1,1016
ATCCGCACTCCCGT.1,1244
ATCCTAACATCAGC.1,1016
ATCCTAACATCGAC.1,1256
ATCCTAACCAACTG.1,1256
ATCCTAACTGCCTC.1,107
ATCGACGAGTAAGA.1,107
ATCGACGATAAGGA.1,1488
ATCGACGATTGTGG.1,1488
ATCGAGTGTCTCGC.1,1015
ATCGCAGAAGCATC.1,1244
ATCGCAGACAGGAG.1,1016
ATCGCAGACGACAT.1,1015
ATCGCAGACTTCCG.1,1016
ATCGCAGATTCTAC.1,1488
ATCGCCACACGGTT.1,1039
ATCGCCACAGGCGA.1,1256
ATCGCCACCTGTAG.1,1256
ATCGCCTGAGGAGC.1,1039
ATCGCGCTACGACT.1,1015
ATCGCGCTACTTTC.1,1039
ATCGCGCTAGCTAC.1,1488
ATCGCGCTATGGTC.1,1015
ATCGCGCTGGGAGT.1,1015
ATCGCGCTGTGCTA.1,1256
ATCGCGCTTACTTC.1,1016
ATCGCGCTTTGCAG.1,1015
ATCGGAACAAACGA.1,1244
ATCGGAACACTGTG.1,1015
ATCGGAACAGCAAA.1,1039
ATCGGAACCATCAG.1,1244
ATCGGAACCCTCCA.1,101
ATCGGAACTGGCAT.1,1244
ATCGGAACTGGTCA.1,1016
ATCGGAACTTCTAC.1,1256
ATCGGAACTTTCGT.1,1488
ATCGGTGAAGCGGA.1,1256
ATCGGTGAAGCGTT.1,1244
ATCGGTGACCCTAC.1,1488
ATCGGTGACTACGA.1,1016
ATCGGTGAGGTTCA.1,1488
ATCGGTGATATGGC.1,1256
ATCGTTTGGAGATA.1,1256
ATCGTTTGGCGGAA.1,107
ATCGTTTGTATGGC.1,1488
ATCTACACACCCTC.1,1256
ATCTACACAGATGA.1,107
ATCTACACCAACCA.1,101
ATCTACACCATTTC.1,1256
ATCTACACCTGTTT.1,1015
ATCTACACGGAGGT.1,1015
ATCTACACGGGTGA.1,1256
ATCTACACGTTGGT.1,1015
ATCTACACTGTCTT.1,1256
ATCTACTGAAGGTA.1,1244
ATCTACTGATTTCC.1,1015
ATCTACTGCCAAGT.1,1244
ATCTACTGTGTGGT.1,1256
ATCTACTGTTTCAC.1,1039
ATCTCAACACAGTC.1,1015
ATCTCAACGCTGAT.1,1015
ATCTCAACGGGACA.1,1015
ATCTCAACGGTGTT.1,1015
ATCTCAACTTGCAG.1,1488
ATCTGACTACAGCT.1,1015
ATCTGACTACGGGA.1,107
ATCTGACTCTCCCA.1,1488
ATCTGACTGTACGT.1,1015
ATCTGGGACATTCT.1,101
ATCTGGGACCTTAT.1,1016
ATCTGGGATCCAGA.1,1015
ATCTGGGATCCGAA.1,1015
ATCTGTTGATGTCG.1,1015
ATCTGTTGCTTAGG.1,1488
ATCTGTTGGCTCCT.1,1015
ATCTGTTGTAGAGA.1,1488
ATCTGTTGTGGCAT.1,1244
ATCTTGACGCCATA.1,101
ATCTTGACGGGATG.1,1016
ATCTTGACGTCGAT.1,1015
ATCTTTCTCACTAG.1,1256
ATCTTTCTCTTGTT.1,1016
ATCTTTCTGAACTC.1,1015
ATCTTTCTGGCATT.1,1244
ATCTTTCTTGCATG.1,1488
ATCTTTCTTTCATC.1,1488
ATGAAACTAACCAC.1,107
ATGAAACTAACGTC.1,1016
ATGAAACTACCAGT.1,1015
ATGAAACTGCTGTA.1,
ATGAAACTGTCACA.1,1488
ATGAAACTGTGCTA.1,1039
ATGAAACTTCCTGC.1,1015
ATGAAACTTCGCAA.1,1244
ATGAAGGACACAAC.1,1039
ATGAAGGACGATAC.1,1256
ATGACGTGCATTTC.1,1016
ATGACGTGCCAAGT.1,101
ATGACGTGGCATAC.1,1015
ATGAGAGAAACCTG.1,1015
ATGAGAGAAGCGGA.1,1256
ATGAGAGACGACTA.1,1488
ATGAGAGACTCCCA.1,1256
ATGAGCACGCTAAC.1,101
ATGAGCACGTAGCT.1,1015
ATGAGCACTCGCAA.1,1244
ATGAGCACTTTGGG.1,1488
ATGATATGAAGCCT.1,1016
ATGATATGCGCTAA.1,1256
ATGATATGTCTAGG.1,1488
ATGATATGTTGGCA.1,1256
ATGATATGTTTGCT.1,101
ATGCACGAGCTTCC.1,1039
ATGCACGAGTTAGC.1,
ATGCACGATCCGTC.1,1015
ATGCAGACGCAAGG.1,1244
ATGCAGACGTAAGA.1,1488
ATGCAGACTGGATC.1,1015
ATGCAGTGACACCA.1,1015
ATGCAGTGACCCAA.1,1488
ATGCAGTGCTTCCG.1,1016
ATGCAGTGTCAGGT.1,101
ATGCCAGAAAGGTA.1,1256
ATGCCAGAAGATCC.1,1256
ATGCCAGACCGTAA.1,1244
ATGCCAGACCTTCG.1,1256
ATGCCAGAGTGTTG.1,101
ATGCCAGATGTAGC.1,1488
ATGCCGCTGGACTT.1,1244
ATGCCGCTGTATCG.1,1016
ATGCCGCTGTCATG.1,1488
ATGCCGCTTGAAGA.1,107
ATGCGATGAAAACG.1,1256
ATGCGATGTGCTGA.1,1256
ATGCGCCTAGAAGT.1,1256
ATGCGCCTATTTCC.1,1244
ATGCGCCTCTGACA.1,1016
ATGCGCCTCTTCTA.1,107
ATGCGCCTGCAAGG.1,1015
ATGCTTTGACTTTC.1,1015
ATGCTTTGCTTCCG.1,1015
ATGCTTTGGTGCAT.1,1256
ATGCTTTGGTGCTA.1,107
ATGCTTTGTCTATC.1,1039
ATGCTTTGTTCTGT.1,1256
ATGGACACAAACAG.1,1039
ATGGACACAACTGC.1,1016
ATGGACACCCGCTT.1,101
ATGGACACGGTTTG.1,1015
ATGGGTACAGACTC.1,1016
ATGGGTACCCCGTT.1,107
ATGGGTACCTGATG.1,1016
ATGGGTACTCGTAG.1,1488
ATGGGTACTGAGAA.1,101
ATGGGTACTGGAGG.1,1256
ATGGTGACTCGTGA.1,1488
ATGTAAACACTACG.1,1015
ATGTAAACACTCTT.1,1244
ATGTAAACATGGTC.1,1488
ATGTAAACGATAGA.1,1015
ATGTAAACGTTTGG.1,101
ATGTACCTACGGTT.1,1016
ATGTACCTAGCTAC.1,1256
ATGTACCTCGACAT.1,1016
ATGTACCTCTAGCA.1,1015
ATGTACCTCTCAAG.1,1015
ATGTCACTAAAAGC.1,1256
ATGTCACTGTCTAG.1,1015
ATGTCACTGTTGAC.1,1244
ATGTCGGAATGCTG.1,1015
ATGTCGGACTGGAT.1,1488
ATGTCGGATGAAGA.1,1488
ATGTCGGATGGAGG.1,1244
ATGTCGGATGTGAC.1,101
ATGTCGGATGTGGT.1,1256
ATGTTAGACACTCC.1,1016
ATGTTAGAGCCATA.1,101
ATGTTAGAGTGCTA.1,1015
ATGTTCACACCAGT.1,1016
ATGTTCACAGTCTG.1,1015
ATGTTCACCTACGA.1,1016
ATGTTCACGCTGAT.1,1244
ATGTTCACTTCGCC.1,107
ATGTTGCTAAGTAG.1,1015
ATGTTGCTACCTCC.1,1016
ATGTTGCTCCATAG.1,1244
ATTAACGAAAGAGT.1,1256
ATTAACGAACTGTG.1,1488
ATTAACGACCATGA.1,1016
ATTAACGAGACACT.1,1488
ATTAACGATCAGTG.1,1488
ATTAAGACTTCAGG.1,1488
ATTACCACCTGGAT.1,1244
ATTACCTGGGAGTG.1,1256
ATTACCTGTCCAGA.1,1016
ATTAGATGAAAGCA.1,1488
ATTAGATGAAGCCT.1,1488
ATTAGATGCACTGA.1,1488
ATTAGATGCCGTAA.1,1016
ATTAGATGGAGGAC.1,1015
ATTAGATGTCACGA.1,1016
ATTAGATGTGCTTT.1,1488
ATTAGTGACATTCT.1,107
ATTAGTGACGGTAT.1,1244
ATTAGTGACTCTCG.1,1015
ATTAGTGATACGAC.1,1256
ATTAGTGATTCTAC.1,1016
ATTATGGAAGATCC.1,1015
ATTATGGACAGCTA.1,1256
ATTATGGAGAGACG.1,1256
ATTATGGATCGTGA.1,101
ATTATGGATCTACT.1,107
ATTCAAGAAGTGCT.1,
ATTCAAGAGACTAC.1,1488
ATTCAAGAGGAGCA.1,1244
ATTCAAGATGCAAC.1,1256
ATTCAGCTATCGTG.1,1015
ATTCAGCTGGAGGT.1,1244
ATTCCATGACCAAC.1,107
ATTCCATGCAGAAA.1,1016
ATTCCATGCTATTC.1,101
ATTCCATGCTTGCC.1,1015
ATTCCATGGATGAA.1,1015
ATTCGACTACGTTG.1,1015
ATTCGACTATTGGC.1,1488
ATTCGACTGTCATG.1,1016
ATTCGGGAGAGGCA.1,1256
ATTCGGGATGAACC.1,1256
ATTCTGACGCTCCT.1,1016
ATTCTTCTAGTGTC.1,1256
ATTCTTCTCTGATG.1,1488
ATTCTTCTGGCAAG.1,1015
ATTGAAACAGTCTG.1,1488
ATTGAAACGATACC.1,1488
ATTGAAACGGTACT.1,1244
ATTGAAACTTCGGA.1,107
ATTGAATGACGGGA.1,1244
ATTGAATGGGACTT.1,1256
ATTGATGAAAAACG.1,1244
ATTGATGAGGTGGA.1,1015
ATTGATGATCCTCG.1,1039
ATTGCACTTACTTC.1,1488
ATTGCACTTCGATG.1,1256
ATTGCACTTGTCGA.1,
ATTGCGGAACCACA.1,1256
ATTGCGGAATTGGC.1,1015
ATTGCGGATCGTTT.1,1244
ATTGCGGATGTCTT.1,1015
ATTGCGGATGTTTC.1,1016
ATTGCTACACCTCC.1,107
ATTGCTACACTCAG.1,1039
ATTGCTACACTGTG.1,1015
ATTGCTACCTCTCG.1,1015
ATTGCTACGAGCTT.1,101
ATTGCTACGGCAAG.1,1488
ATTGCTACTCCGAA.1,1244
ATTGCTTGCGTCTC.1,1015
ATTGCTTGCTGGTA.1,1244
ATTGCTTGGTCATG.1,1015
ATTGCTTGTACTGG.1,1256
ATTGCTTGTCACCC.1,1244
ATTGCTTGTGCAAC.1,
ATTGGGTGGAGGCA.1,1256
ATTGGTCTCTCAGA.1,1256
ATTGGTCTGACAAA.1,1244
ATTGGTCTGCATAC.1,1488
ATTGTAGAATGGTC.1,1015
ATTGTAGAGACGGA.1,101
ATTGTAGAGGCAAG.1,1256
ATTGTCTGACGGAG.1,1244
ATTGTCTGAGAATG.1,1244
ATTGTCTGCACAAC.1,1256
ATTGTCTGCTTTAC.1,1256
ATTGTCTGGAATAG.1,1015
ATTGTCTGGTTTGG.1,1256
ATTGTCTGTACAGC.1,101
ATTTAGGAAACGAA.1,1015
ATTTAGGAAGAGAT.1,1244
ATTTAGGACGAGTT.1,1256
ATTTAGGAGATACC.1,1256
ATTTAGGAGTGAGG.1,1015
ATTTAGGATGCAGT.1,1015
ATTTAGGATTTACC.1,1244
ATTTCCGAATGTCG.1,107
ATTTCCGACTCGCT.1,1256
ATTTCGTGCACTAG.1,1016
ATTTCGTGTCATTC.1,
ATTTCGTGTTTCTG.1,1244
ATTTCTCTAAGTGA.1,1256
ATTTCTCTATAAGG.1,1016
ATTTCTCTCATGCA.1,101
ATTTCTCTCTACTT.1,1015
ATTTCTCTCTTGGA.1,1244
ATTTCTCTGTCACA.1,1015
ATTTCTCTGTTTGG.1,1488
ATTTGCACCAAGCT.1,1488
ATTTGCACCCTATT.1,107
ATTTGCACCTTCGC.1,1256
ATTTGCACGTGAGG.1,1256
ATTTGCACTATCGG.1,1016
CAAACTCTAGCATC.1,1256
CAAACTCTATCGGT.1,1015
CAAACTCTTCGTAG.1,
CAAACTCTTGGTGT.1,1016
CAAACTCTTTACCT.1,
CAAAGCACACACAC.1,1256
CAAAGCACACACTG.1,1244
CAAAGCACCGACAT.1,1488
CAAAGCACCTACGA.1,1015
CAAAGCACGAATGA.1,1256
CAAAGCACTCTATC.1,1015
CAAAGCTGCATTGG.1,1256
CAAAGCTGCCTACC.1,1015
CAAAGCTGCTATTC.1,1015
CAAAGCTGTGAGGG.1,1244
CAAATATGACGTGT.1,1016
CAAATATGCGTAAC.1,107
CAAATTGAACACGT.1,1256
CAAATTGACATTCT.1,1015
CAAATTGACCCTCA.1,1015
CAAATTGAGCGTAT.1,1016
CAAATTGATATGCG.1,1015
CAACAGACAGGAGC.1,1244
CAACAGACATACCG.1,1016
CAACAGACCGCATA.1,1244
CAACAGACGTACGT.1,1256
CAACCAGAGGAAGC.1,1256
CAACCAGAGTGCAT.1,1488
CAACCGCTCAGAAA.1,1015
CAACCGCTCTGACA.1,1016
CAACCGCTGACAGG.1,1015
CAACCGCTGTTTCT.1,1015
CAACCGCTTCTGGA.1,1244
CAACGAACCTCCCA.1,1488
CAACGAACGTCACA.1,1256
CAACGAACTGTCAG.1,107
CAACGATGACGTTG.1,1256
CAACGTGACGAGTT.1,1256
CAACGTGAGACACT.1,1256
CAACGTGAGCCTTC.1,1015
CAACTTTGTAACCG.1,101
CAACTTTGTGGTCA.1,1256
CAAGAAGAAGTCGT.1,1488
CAAGAAGAAGTTCG.1,107
CAAGAAGACCAACA.1,1015
CAAGAAGAGACGTT.1,1488
CAAGAAGAGAGGAC.1,1488
CAAGAAGAGGAGTG.1,1488
CAAGAAGAGTCACA.1,1488
CAAGAAGATAGACC.1,1256
CAAGAAGATCCTGC.1,1256
CAAGACACCTGGTA.1,1244
CAAGACACGCATCA.1,1016
CAAGACACGGGTGA.1,101
CAAGACACTCGTAG.1,1016
CAAGACACTGCATG.1,1256
CAAGACTGAACGGG.1,1244
CAAGACTGTGGAGG.1,1488
CAAGACTGTTCGCC.1,1015
CAAGCATGAAGCCT.1,1016
CAAGCATGACGGGA.1,1256
CAAGCATGCAGATC.1,1015
CAAGCATGCTAGTG.1,1244
CAAGCATGGGTAAA.1,1015
CAAGCATGGGTTAC.1,1244
CAAGCATGGTTGCA.1,1244
CAAGCATGTAGCGT.1,1016
CAAGCATGTGTGAC.1,1488
CAAGCCCTACAGCT.1,101
CAAGCCCTCAATCG.1,1039
CAAGCCCTCTCGAA.1,1256
CAAGCTGACTCCAC.1,1016
CAAGCTGAGAGAGC.1,1488
CAAGCTGAGGTACT.1,1015
CAAGCTGATTCTCA.1,1015
CAAGGACTCCAACA.1,1015
CAAGGACTCCACAA.1,1015
CAAGGACTCCTTGC.1,1256
CAAGGACTCGTAGT.1,1244
CAAGGACTTCCGTC.1,1488
CAAGGACTTTGCGA.1,1244
CAAGGTTGAGTCAC.1,1256
CAAGGTTGCCTTAT.1,1256
CAAGGTTGGAGGAC.1,1016
CAAGGTTGGTCTGA.1,1244
CAAGGTTGTGAACC.1,1015
CAAGGTTGTGACAC.1,1488
CAAGTTCTACGACT.1,1488
CAAGTTCTACTCTT.1,1256
CAAGTTCTAGTCTG.1,101
CAAGTTCTGCTTCC.1,1488
CAAGTTCTGGCATT.1,101
CAAGTTCTGTCGTA.1,1244
CAAGTTCTTCCAGA.1,1488
CAAGTTCTTCTTAC.1,1015
CAATAAACGACAGG.1,1488
CAATAAACGTACCA.1,1488
CAATAATGCCCTCA.1,1488
CAATAATGCCGCTT.1,1015
CAATAATGCGAATC.1,1016
CAATAATGGAATCC.1,1488
CAATAATGGTTGAC.1,1015
CAATATGAAACGTC.1,1015
CAATATGAAGCCAT.1,1244
CAATATGAGACAAA.1,101
CAATATGATGAGGG.1,1015
CAATATGATGGAAA.1,1256
CAATCGGAACCAAC.1,1016
CAATCGGAGATAAG.1,1244
CAATCGGATCGTTT.1,1488
CAATCGGATGGTGT.1,1256
CAATCTACAGGTCT.1,101
CAATCTACATCGGT.1,1256
CAATCTACCCAGTA.1,1488
CAATCTACGGTCTA.1,101
CAATCTACGGTTAC.1,1244
CAATGGACAAGAGT.1,1015
CAATGGACCAGGAG.1,1488
CAATGGACCAGTTG.1,101
CAATGGACTCCAGA.1,1488
CAATGGACTCTTAC.1,1015
CAATTCACTGAGAA.1,
CAATTCTGAACCAC.1,1256
CAATTCTGCCCTAC.1,1244
CAATTCTGGTAGCT.1,1244
CACAACGAACGACT.1,1015
CACAACGACCGTTC.1,1244
CACAACGACCTCAC.1,1488
CACAATCTCATCAG.1,1039
CACAATCTGCCATA.1,1015
CACAATCTTGAGGG.1,101
CACACCTGAGTCTG.1,1016
CACACCTGCAGATC.1,1015
CACACCTGCATACG.1,1016
CACACCTGTATCTC.1,1244
CACACCTGTCCCAC.1,1488
CACACCTGTGTCTT.1,1016
CACAGAACACCATG.1,1039
CACAGAACGCATCA.1,1488
CACAGAACGGTACT.1,1256
CACAGAACGTCCTC.1,101
CACAGATGAAGAGT.1,1256
CACAGATGAGTGTC.1,1039
CACAGATGGAGGTG.1,1256
CACAGATGGCTGTA.1,1256
CACAGCCTCTACGA.1,107
CACAGCCTGTCACA.1,1244
CACAGTGAACCATG.1,1256
CACAGTGACCGCTT.1,1016
CACAGTGACTTAGG.1,1015
CACAGTGAGGGTGA.1,1256
CACAGTGATGTTCT.1,1015
CACATACTAGCGTT.1,1016
CACATACTATCTTC.1,1256
CACATACTCATGCA.1,1244
CACATACTCTGCTC.1,101
CACATACTTGTGGT.1,1015
CACATGGACGGAGA.1,1015
CACATGGACTTTAC.1,1256
CACATGGATCCTTA.1,1256
CACCACTGACGTAC.1,1256
CACCACTGCTACCC.1,1256
CACCACTGCTGGAT.1,1256
CACCACTGGCTATG.1,1244
CACCACTGGTAAAG.1,1244
CACCACTGTAGAGA.1,1039
CACCCATGACGTTG.1,107
CACCCATGGACACT.1,101
CACCCATGGTTTGG.1,107
CACCGGGACTGGAT.1,1244
CACCGGGAGACGTT.1,1488
CACCGGGAGCGAGA.1,1039
CACCGGGATCTTCA.1,1015
CACCGTACACTCAG.1,107
CACCGTACCCCGTT.1,1015
CACCGTACCCTTAT.1,1244
CACCGTACGGACGA.1,1488
CACCGTACGGTTTG.1,1488
CACCGTACTACTTC.1,1244
CACCGTTGACTAGC.1,1015
CACCGTTGCAGAAA.1,1244
CACCGTTGCTGGTA.1,107
CACCGTTGGTTCGA.1,1015
CACCGTTGTAGTCG.1,1488
CACCGTTGTCGTAG.1,1016
CACCTGACGACAGG.1,1244
CACCTGACGACGAG.1,1016
CACCTGACGGGCAA.1,1256
CACCTGACGTGTTG.1,1256
CACCTGACTGACTG.1,
CACCTGACTTGCTT.1,1016
CACGAAACCGCAAT.1,1244
CACGAAACCGTAGT.1,1244
CACGAAACGCAGTT.1,107
CACGACCTACACGT.1,107
CACGACCTCGATAC.1,1015
CACGATGAAACCAC.1,1488
CACGATGACGTACA.1,1016
CACGATGAGCAAGG.1,1039
CACGATGAGCTACA.1,101
CACGATGATAACCG.1,1015
CACGCTACCGTCTC.1,1256
CACGCTACTAAGCC.1,1256
CACGGGACCTAAGC.1,1015
CACGGGACGAGACG.1,1015
CACGGGACGCTGAT.1,101
CACGGGACGGATCT.1,101
CACGGGACTCGATG.1,1488
CACGGGACTTCTCA.1,1015
CACGGGTGGAACCT.1,1256
CACGGGTGTCGCAA.1,1488
CACTAACTACACGT.1,101
CACTAACTCGCCTT.1,1244
CACTAACTGTCGAT.1,1015
CACTAACTTGGGAG.1,1016
CACTAACTTTGACG.1,1244
CACTAGGAACACCA.1,1488
CACTAGGACAACCA.1,1244
CACTAGGACTAAGC.1,1015
CACTAGGAGTAAAG.1,1039
CACTAGGATACGAC.1,1488
CACTATACCAGAAA.1,
CACTATACGTATCG.1,107
CACTATACGTTACG.1,1039
CACTATACTTCTCA.1,1015
CACTCCGACATGAC.1,1244
CACTCCGACCGTTC.1,1015
CACTCCGAGCCCTT.1,1015
CACTCCGATTCAGG.1,1015
CACTCTCTAGCACT.1,1015
CACTCTCTAGCTAC.1,107
CACTCTCTCGGTAT.1,1015
CACTCTCTTGCAGT.1,101
CACTGAGACAGATC.1,1256
CACTGAGACCCTTG.1,1015
CACTGAGACTGTTT.1,1244
CACTGAGAGGAACG.1,101
CACTGCACACAGCT.1,1256
CACTGCACATCAGC.1,1015
CACTGCACCTACCC.1,101
CACTGCACGTAGGG.1,1488
CACTGCTGACCCTC.1,1488
CACTGCTGCAGGAG.1,1016
CACTGCTGCTGCTC.1,1015
CACTGCTGGAATCC.1,1488
CACTGCTGTCCAGA.1,1244
CACTGCTGTGCAAC.1,1256
CACTGCTGTGCGTA.1,1488
CACTGCTGTGGTCA.1,1244
CACTTAACAGAATG.1,1015
CACTTAACATTCTC.1,1015
CACTTAACCCGATA.1,1256
CACTTATGCCCAAA.1,1256
CACTTATGGGACGA.1,1015
CACTTATGTGCCTC.1,1015
CACTTATGTGGTCA.1,1488
CACTTTGAACTCAG.1,1488
CACTTTGAAGCTCA.1,1256
CACTTTGACACTCC.1,101
CACTTTGAGAGCAG.1,1016
CACTTTGATCTCTA.1,1488
CAGAAGCTCACTTT.1,1488
CAGAAGCTGCGAAG.1,1256
CAGACAACAACTGC.1,1256
CAGACAACCGCCTT.1,1016
CAGACAACCGTACA.1,1015
CAGACAACCTCAGA.1,1015
CAGACATGAACGTC.1,1488
CAGACATGACTACG.1,1015
CAGACATGCATTGG.1,1244
CAGACATGCCCACT.1,1256
CAGACATGCTCGCT.1,1015
CAGACCCTGAAACA.1,1015
CAGACTGAAAGGTA.1,107
CAGACTGACAATCG.1,1488
CAGACTGACAGAAA.1,101
CAGACTGAGGCATT.1,1015
CAGACTGATAGCGT.1,1244
CAGAGGGAAAAGTG.1,1015
CAGAGGGAACTAGC.1,1016
CAGAGGGAGACACT.1,107
CAGAGGGAGCTGAT.1,1016
CAGATGACAGAACA.1,1488
CAGATGACAGAATG.1,1016
CAGATGACAGTGTC.1,101
CAGATGACCCTCGT.1,1244
CAGATGACCGAGTT.1,1039
CAGATGACGAGGAC.1,1015
CAGATGACGGGCAA.1,1256
CAGCAATGACTAGC.1,1256
CAGCAATGCGTAGT.1,1244
CAGCAATGGCCATA.1,1256
CAGCAATGGGTACT.1,1488
CAGCAATGGTCACA.1,1488
CAGCACCTCCTACC.1,1015
CAGCACCTCTTGCC.1,1016
CAGCATGAACCCAA.1,1015
CAGCATGAGTTTGG.1,1256
CAGCATGATATCTC.1,1015
CAGCATGATGTCAG.1,1244
CAGCATGATTAGGC.1,1015
CAGCCTACGAGGAC.1,101
CAGCCTACTCTCGC.1,1256
CAGCCTTGACACGT.1,1256
CAGCCTTGCTGAGT.1,1244
CAGCCTTGTGCAAC.1,1016
CAGCCTTGTTGCGA.1,1256
CAGCGGACAGCGTT.1,1015
CAGCGGACCACAAC.1,1015
CAGCGGACCCAGTA.1,1256
CAGCGGACTTATCC.1,1488
CAGCGGACTTTGCT.1,1039
CAGCGTCTAACGGG.1,107
CAGCGTCTATGTCG.1,1015
CAGCGTCTATGTGC.1,1244
CAGCGTCTGTTCTT.1,1488
CAGCGTCTTCGTGA.1,1244
CAGCTAGACCGAAT.1,1015
CAGCTCACGGTACT.1,1015
CAGCTCACTGAGGG.1,101
CAGCTCACTTCCCG.1,1015
CAGCTCTGAGGTCT.1,1015
CAGGAACTCCACAA.1,1015
CAGGAACTCTTTAC.1,1488
CAGGAACTGACGTT.1,1256
CAGGCCGAAAGATG.1,1016
CAGGCCGAGAGGTG.1,1015
CAGGCCGAGTCGAT.1,101
CAGGGCACACGCAT.1,1256
CAGGGCACCTTGAG.1,1256
CAGGGCACGCGAAG.1,1256
CAGGGCACTCTGGA.1,1015
CAGGTAACGCCCTT.1,1039
CAGGTAACGTTCAG.1,1488
CAGGTATGCCAATG.1,1244
CAGGTATGCCCTTG.1,1256
CAGGTATGCTTCGC.1,1015
CAGGTATGGAATGA.1,
CAGGTTGAAACAGA.1,1015
CAGGTTGACTCGCT.1,1256
CAGGTTGAGAGAGC.1,1015
CAGGTTGAGGGATG.1,1015
CAGGTTGAGTATGC.1,1015
CAGGTTGATTTGGG.1,1488
CAGTCAGAAGGCGA.1,1016
CAGTCAGACATGGT.1,1016
CAGTCAGAGTTAGC.1,107
CAGTGATGAGCAAA.1,1244
CAGTGATGCCTCCA.1,1488
CAGTGATGCTATTC.1,1015
CAGTGATGGATGAA.1,107
CAGTGATGGGTCAT.1,1244
CAGTGATGGTATCG.1,1256
CAGTGTGAATTCTC.1,1039
CAGTGTGACCTCCA.1,1256
CAGTGTGACTGCTC.1,1256
CAGTGTGAGAGCAG.1,101
CAGTGTGATCAGGT.1,1256
CAGTGTGATGTGCA.1,107
CAGTGTGATTCGGA.1,1039
CAGTGTGATTTGGG.1,1256
CAGTTACTCCCACT.1,101
CAGTTACTTGAACC.1,101
CAGTTACTTGCCCT.1,1488
CAGTTACTTTCGTT.1,1015
CAGTTGGAACGACT.1,1244
CAGTTGGAAGTCGT.1,1244
CAGTTGGACGGGAA.1,107
CAGTTGGAGGAGCA.1,1244
CAGTTGGATTCCCG.1,1016
CAGTTTACCCAGTA.1,1488
CAGTTTACGTTCGA.1,1015
CAGTTTACTATCTC.1,107
CATAAAACACCCTC.1,1015
CATAAAACAGAGAT.1,1016
CATAAAACGTCCTC.1,1016
CATAAAACTGAGAA.1,1016
CATAAATGCAAGCT.1,1015
CATAAATGCCTTAT.1,1256
CATAAATGGGTCTA.1,1015
CATAACCTACCTAG.1,1488
CATAACCTGGTAGG.1,1015
CATAACCTGTATGC.1,1016
CATAACCTGTTCAG.1,1244
CATAACCTTAACGC.1,1015
CATACTACCCGAAT.1,107
CATACTACCTATGG.1,1039
CATACTACTGTGCA.1,107
CATACTTGACTACG.1,1015
CATACTTGGGGTGA.1,1488
CATACTTGGGTAGG.1,101
CATACTTGTGCCAA.1,1016
CATAGTCTACACAC.1,1488
CATAGTCTACACTG.1,1015
CATAGTCTCCCTTG.1,1039
CATAGTCTCTGTTT.1,1039
CATAGTCTGGAACG.1,1488
CATAGTCTTAGCCA.1,1015
CATATAGAATCGTG.1,1256
CATATAGACCTGTC.1,1488
CATATAGAGTACGT.1,1016
CATATAGATAAGCC.1,1488
CATATAGATATCTC.1,1039
CATATAGATCTTTG.1,1015
CATATAGATGTCCC.1,107
CATCAACTACTACG.1,1244
CATCAACTGCCCTT.1,1488
CATCAACTTAACGC.1,1488
CATCAACTTAGACC.1,1488
CATCAACTTTCAGG.1,1016
CATCAACTTTCCAT.1,1015
CATCAACTTTCCCG.1,1488
CATCAGGAGCGGAA.1,1015
CATCAGGAGGGACA.1,107
CATCAGGAGGTGTT.1,1244
CATCAGGAGTCCTC.1,101
CATCAGGATGCTGA.1,1015
CATCAGGATTGACG.1,101
CATCATACCCTGTC.1,1015
CATCATACCGTCTC.1,1256
CATCATACTCAGAC.1,1256
CATCATACTGTGCA.1,1016
CATCCCGATCATTC.1,1488
CATCGGCTATGTGC.1,1015
CATCGGCTGCATCA.1,1015
CATCGGCTTCGATG.1,1039
CATCTCCTAGTCTG.1,101
CATCTCCTCTATGG.1,1039
CATCTCCTTGAGAA.1,1015
CATCTCCTTTGGCA.1,1015
CATCTCCTTTTACC.1,1015
CATCTTGAAGCACT.1,1244
CATCTTGAGCTAAC.1,1016
CATCTTGAGTACCA.1,1244
CATCTTGATTTGCT.1,107
CATGAGACAGGTCT.1,1256
CATGAGACATGCTG.1,1015
CATGAGACCTATTC.1,1256
CATGAGACCTCTCG.1,1488
CATGCCACTCATTC.1,1256
CATGCGCTCCTTCG.1,1256
CATGCGCTCTGAAC.1,1015
CATGCGCTGGTTTG.1,1244
CATGCGCTTTGTCT.1,1039
CATGGCCTCCCTTG.1,1015
CATGGCCTTAGAAG.1,1244
CATGGCCTTCCAAG.1,1256
CATGGCCTTGTCTT.1,1488
CATGGCCTTTCTAC.1,101
CATGTACTAAGTGA.1,101
CATGTACTCAAGCT.1,1016
CATGTACTCAATCG.1,107
CATGTACTGATAAG.1,1256
CATGTACTGGAGTG.1,1244
CATGTACTTCAGTG.1,1016
CATGTTACATCGGT.1,1039
CATGTTACCATGGT.1,1488
CATGTTACCGTGAT.1,1244
CATGTTACGCAGTT.1,1488
CATGTTACGTTTCT.1,1256
CATGTTACTGTCTT.1,1244
CATGTTTGAAAACG.1,101
CATGTTTGCCTGAA.1,1016
CATGTTTGCGAGAG.1,1244
CATGTTTGGATAGA.1,1488
CATGTTTGTGTGGT.1,1244
CATTACACCGAGAG.1,1016
CATTACACTCTTAC.1,1015
CATTAGCTACGGGA.1,1015
CATTAGCTATTCCT.1,1015
CATTAGCTCTTTAC.1,1244
CATTAGCTGGGATG.1,1488
CATTCCCTAAGTAG.1,1015
CATTCCCTAGTGCT.1,107
CATTCCCTATTGGC.1,1256
CATTCCCTCCTTAT.1,101
CATTCCCTGTTCTT.1,1016
CATTGACTGCGATT.1,1256
CATTGACTTATGGC.1,1015
CATTGGGAGGGATG.1,1256
CATTGGGATGTCAG.1,1256
CATTGTACAACGTC.1,1015
CATTGTACACTGTG.1,1244
CATTGTTGAACAGA.1,
CATTGTTGCAACTG.1,1256
CATTGTTGGGGAGT.1,1256
CATTGTTGGGTATC.1,1244
CATTGTTGTACGAC.1,1244
CATTGTTGTGTCCC.1,1256
CATTGTTGTGTGCA.1,1016
CATTTCGAACCACA.1,1016
CATTTCGAACCTCC.1,1015
CATTTCGACACTGA.1,1016
CATTTCGATTAGGC.1,1244
CATTTGACACTTTC.1,1016
CATTTGACGTTCAG.1,107
CATTTGACGTTGAC.1,1488
CATTTGTGGAGCAG.1,1488
CATTTGTGGATGAA.1,1256
CATTTGTGGGTCTA.1,1488
CATTTGTGTGTCAG.1,1016
CATTTGTGTTATCC.1,1488
CCAAAGTGATCAGC.1,1015
CCAAAGTGATCGGT.1,1244
CCAACCTGAGGCGA.1,1244
CCAACCTGATGTCG.1,1015
CCAACCTGGAAGGC.1,101
CCAACCTGTACGAC.1,1016
CCAACCTGTGCCAA.1,1256
CCAAGAACCACTTT.1,1244
CCAAGAACCTAGCA.1,1488
CCAAGAACGGTTAC.1,1244
CCAAGAACGTACAC.1,1039
CCAAGAACGTGCAT.1,1016
CCAAGAACTGACCA.1,1488
CCAAGAACTGTCCC.1,1244
CCAAGATGAGTCAC.1,1015
CCAAGATGCGACAT.1,1015
CCAAGATGTCAGGT.1,107
CCAAGATGTGTCGA.1,1039
CCAAGATGTGTGAC.1,1488
CCAAGTGAAGCTCA.1,1488
CCAAGTGACACTGA.1,1488
CCAAGTGAGCTTAG.1,1256
CCAAGTGATAACGC.1,1256
CCAAGTGATACGAC.1,1015
CCAAGTGATCCGTC.1,1015
CCAATGGATGCATG.1,1015
CCAATTTGAGATCC.1,1256
CCAATTTGCAGGAG.1,1488
CCAATTTGCCTACC.1,1256
CCAATTTGGTTAGC.1,1015
CCAATTTGTCTCAT.1,1256
CCAATTTGTGGAAA.1,1256
CCACCATGCAGTCA.1,
CCACCATGGCCATA.1,1488
CCACCTGACCGTAA.1,1256
CCACCTGACGAGAG.1,1256
CCACCTGATAGTCG.1,1256
CCACGGGAACGGGA.1,1488
CCACGGGAGGGAGT.1,1244
CCACTGACGACAGG.1,1488
CCACTGACTCGCAA.1,1488
CCACTGACTGTCCC.1,1016
CCACTGTGACTGTG.1,1256
CCACTGTGATGCTG.1,1016
CCACTGTGCGTCTC.1,1244
CCACTGTGCGTGTA.1,101
CCACTGTGCTTCTA.1,1488
CCACTGTGGACGAG.1,1256
CCACTGTGGCTAAC.1,107
CCACTTCTAACGTC.1,1015
CCACTTCTCACTGA.1,101
CCACTTCTCTCGCT.1,1015
CCACTTCTCTTGCC.1,1488
CCAGAAACCTTCGC.1,1015
CCAGAAACTAGAAG.1,1256
CCAGACCTCTATGG.1,1256
CCAGATGATGACCA.1,1244
CCAGCACTAGAGTA.1,1016
CCAGCACTGCATAC.1,107
CCAGCGGACTTCGC.1,1015
CCAGCGGAGAGGCA.1,1244
CCAGCGGATCTTAC.1,101
CCAGCGGATTATCC.1,1016
CCAGCGGATTCTCA.1,1256
CCAGCGGATTTACC.1,1256
CCAGCTACAACGGG.1,1039
CCAGCTACCAATCG.1,1016
CCAGCTACCAGTCA.1,
CCAGCTACCCGTTC.1,1256
CCAGGTCTCGTAGT.1,1016
CCAGGTCTGACGAG.1,1015
CCAGTCTGACAGTC.1,1015
CCAGTCTGTCTTCA.1,1488
CCAGTGCTGGCATT.1,1488
CCAGTGCTGGGCAA.1,1488
CCAGTGCTGTCTAG.1,1039
CCAGTGCTTAACCG.1,1244
CCATAGGACCTATT.1,1016
CCATAGGAGGTAAA.1,1016
CCATATACAAGATG.1,1488
CCATATACACACTG.1,1256
CCATATACGATGAA.1,1256
CCATATACTGGTGT.1,1488
CCATATACTTTACC.1,107
CCATCCGAACTTTC.1,101
CCATCCGAGGTTTG.1,1488
CCATCCGAGTGCTA.1,1256
CCATCCGATCTACT.1,1244
CCATCCGATTCTAC.1,1016
CCATCGTGAAGCCT.1,1015
CCATCGTGAAGGGC.1,1244
CCATCGTGACCCTC.1,1488
CCATCGTGCTGGAT.1,1015
CCATCGTGGACGAG.1,1244
CCATCGTGTCGCAA.1,1256
CCATGCTGAAACGA.1,1488
CCATGCTGCCAAGT.1,1256
CCATGCTGCTAAGC.1,
CCATGCTGGAGATA.1,
CCATGCTGGGATCT.1,1256
CCATGCTGTCACGA.1,1016
CCATTAACGTGAGG.1,1015
CCCAAAGAATCACG.1,1015
CCCAAAGAGTCCTC.1,107
CCCAAAGATCTTCA.1,1015
CCCAACACAGTAGA.1,1256
CCCAACACCAAGCT.1,1015
CCCAACACTCCGTC.1,1488
CCCAACACTGAGGG.1,1256
CCCAACACTGATGC.1,1488
CCCAACTGACGTTG.1,1015
CCCAACTGCCTACC.1,101
CCCAACTGGATACC.1,1039
CCCAACTGGCCATA.1,1039
CCCAACTGGTGCAT.1,101
CCCAACTGGTGTAC.1,1256
CCCAACTGGTTGAC.1,1015
CCCACATGCTTTAC.1,
CCCACATGGGTGGA.1,1016
CCCAGACTAAACGA.1,1015
CCCAGACTCCAAGT.1,1016
CCCAGACTTCCCAC.1,1015
CCCAGACTTCCTAT.1,1015
CCCAGTTGACAGTC.1,1015
CCCAGTTGTCGTTT.1,1015
CCCAGTTGTTTCTG.1,101
CCCATCGACCCGTT.1,107
CCCATCGAGAGGGT.1,1016
CCCATCGAGTAAAG.1,1256
CCCATGTGACGTTG.1,1244
CCCATGTGCCGAAT.1,1256
CCCATGTGCCTCAC.1,1256
CCCATGTGCGTAAC.1,1015
CCCATGTGCTTGGA.1,
CCCATGTGTGACCA.1,1256
CCCATGTGTGCACA.1,1015
CCCGAACTACCAAC.1,1015
CCCGAACTCCAACA.1,1015
CCCGAACTTAGCGT.1,1015
CCCGAACTTCCCAC.1,1488
CCCGATTGAAGAGT.1,1015
CCCGATTGAGCGGA.1,1488
CCCGATTGCCCGTT.1,1039
CCCGATTGCTGATG.1,1015
CCCGATTGCTTACT.1,1015
CCCGATTGCTTATC.1,1244
CCCGGAGACAACCA.1,1016
CCCGGAGACTTGCC.1,1244
CCCGGAGAGGGAGT.1,1015
CCCGGAGAGGTTCA.1,1244
CCCGGAGATACTTC.1,101
CCCGGAGATCTTAC.1,1015
CCCTACGACATTCT.1,1016
CCCTACGACTGAAC.1,107
CCCTACGATTCGGA.1,1244
CCCTAGTGCAACCA.1,1015
CCCTAGTGCAGGAG.1,1488
CCCTAGTGTTCTCA.1,1015
CCCTCAGAACCACA.1,1016
CCCTCAGAGAGGCA.1,1244
CCCTGAACAATCGC.1,1244
CCCTGAACACTGTG.1,101
CCCTGAACATTTCC.1,1016
CCCTGATGCTGAGT.1,1015
CCCTGATGGAACCT.1,1015
CCCTGATGGAGACG.1,1015
CCCTGATGGGTCAT.1,101
CCCTGATGTGCAGT.1,1015
CCCTTACTACCAAC.1,101
CCCTTACTCATTGG.1,101
CCCTTACTCGTGTA.1,1244
CCCTTACTCTCGAA.1,1016
CCCTTACTGACGAG.1,1256
CCGAAAACATACCG.1,1244
CCGAAAACCAGAAA.1,1015
CCGAAAACCGATAC.1,1015
CCGAAAACTTTGCT.1,1015
CCGACACTGAGAGC.1,1244
CCGACACTGGACAG.1,1256
CCGACACTTGACCA.1,101
CCGACTACTTTACC.1,107
CCGATAGACTTGTT.1,1244
CCGATAGAGCGGAA.1,1015
CCGATAGAGGTCAT.1,107
CCGCGAGAACGCAT.1,1039
CCGCGAGAGCAGAG.1,1244
CCGCGAGATCTCGC.1,101
CCGCGAGATGCATG.1,1256
CCGCTATGCAGCTA.1,1244
CCGCTATGCCCACT.1,101
CCGCTATGGGGTGA.1,101
CCGCTATGGTCACA.1,1015
CCGGAGACTAGTCG.1,1015
CCGGAGACTCTACT.1,1488
CCGGAGTGCCGTAA.1,101
CCGGAGTGCCTCCA.1,1244
CCGGAGTGCTGCAA.1,1244
CCGGAGTGCTTGGA.1,1488
CCGGAGTGTATGGC.1,
CCGGAGTGTGCCTC.1,101
CCGGTACTAGGAGC.1,1244
CCGGTACTCTGATG.1,1488
CCGGTACTTCTCTA.1,1488
CCGTAAGACAGGAG.1,1015
CCGTAAGACATGAC.1,1015
CCGTACACCTCCAC.1,1015
CCGTACACCTTGGA.1,1039
CCGTACACTATGCG.1,1244
CCTAAACTCCTTCG.1,1015
CCTAAACTGTGTAC.1,1488
CCTAAACTTCAGGT.1,1488
CCTAAACTTCCGTC.1,1016
CCTAAGGAAACTGC.1,1015
CCTAAGGAAAGGGC.1,1244
CCTAAGGAGGATCT.1,1244
CCTAAGGATGTCAG.1,1016
CCTAAGGATTACCT.1,1244
CCTACCGAAAGAGT.1,1244
CCTACCGAAGTCTG.1,1016
CCTACCGACATGAC.1,1256
CCTACCGACGTACA.1,1016
CCTACCGAGACACT.1,1256
CCTACCGAGCGTTA.1,1244
CCTACCGAGGTTTG.1,1016
CCTACCGATCGACA.1,101
CCTACCGATTACCT.1,1488
CCTACCGATTGGCA.1,1488
CCTACCGATTTCTG.1,1015
CCTAGAGAAGTTCG.1,1039
CCTAGAGACGACAT.1,1244
CCTAGAGAGCGTTA.1,101
CCTAGAGATACGCA.1,1488
CCTAGAGATGTCTT.1,1256
CCTATAACCTCAGA.1,1256
CCTATAACGGCAAG.1,101
CCTATTGAACCAAC.1,1015
CCTATTGACCCTAC.1,1015
CCTATTGACCTACC.1,1244
CCTATTGATCCTCG.1,1256
CCTCATCTAGCGGA.1,1015
CCTCATCTCACTGA.1,1015
CCTCATCTCCGCTT.1,1015
CCTCATCTCTCGAA.1,1015
CCTCGAACCCCACT.1,101
CCTCGAACGTAAAG.1,1256
CCTCTACTAGATCC.1,1015
CCTCTACTCCTACC.1,101
CCTCTACTCGTTGA.1,1256
CCTCTACTGGAAGC.1,1015
CCTGACTGACGGGA.1,1244
CCTGACTGCTCTTA.1,1244
CCTGACTGGTCACA.1,
CCTGACTGTAAGGA.1,1016
CCTGAGCTACACTG.1,1016
CCTGAGCTACAGTC.1,1256
CCTGAGCTGTCAAC.1,107
CCTGCAACAGCGGA.1,101
CCTGCAACCACTAG.1,101
CCTGCAACCTCAGA.1,1244
CCTGCAACTAAGGA.1,1015
CCTGCAACTCATTC.1,107
CCTGCAACTCGCCT.1,1015
CCTGCAACTTTGGG.1,1039
CCTGGACTCGTAAC.1,1256
CCTGGACTCTAAGC.1,1256
CCTTAATGAAGGTA.1,1256
CCTTAATGCTCGAA.1,1256
CCTTAATGGACGTT.1,1488
CCTTAATGGATGAA.1,1256
CCTTAATGGGGTGA.1,1256
CCTTAATGTCCGAA.1,107
CCTTAATGTCGATG.1,1015
CCTTAATGTGCATG.1,1015
CCTTAATGTTGCTT.1,1016
CCTTCACTTGTCTT.1,1016
CCTTTAGACACTGA.1,1015
CCTTTAGACCATGA.1,1256
CCTTTAGACTACGA.1,1016
CCTTTAGAGAAACA.1,1256
CCTTTAGAGGTATC.1,1488
CCTTTAGAGTGTTG.1,1016
CCTTTAGATAGAAG.1,1488
CCTTTAGATCAGTG.1,1256
CCTTTAGATGCCTC.1,1244
CCTTTAGATGGAAA.1,1039
CGAACATGAATCGC.1,1015
CGAAGACTACGGAG.1,107
CGAAGACTATCGTG.1,1488
CGAAGACTCCTCGT.1,1256
CGAAGACTGTAAAG.1,1488
CGAAGACTTACGAC.1,1015
CGAAGGGAAAGATG.1,1244
CGAAGGGAACTCTT.1,1488
CGAAGGGAAGAGGC.1,1016
CGAAGGGACTGAGT.1,1244
CGAAGTACAAACGA.1,1256
CGAAGTACAACCGT.1,101
CGAAGTACAAGCAA.1,1256
CGAAGTACACCTCC.1,1016
CGAAGTACAGCCAT.1,101
CGAAGTACCGTAGT.1,1256
CGAAGTACGGAAAT.1,1015
CGAAGTACGGTGTT.1,1015
CGAAGTACTAGAAG.1,1039
CGAAGTACTTTACC.1,1015
CGAATCGAGCAGAG.1,1015
CGAATCGATGTCAG.1,1244
CGACAAACAGCAAA.1,1016
CGACAAACAGTCTG.1,1015
CGACAAACATACCG.1,107
CGACAAACATCAGC.1,1244
CGACAAACATGTGC.1,1016
CGACAAACCCCAAA.1,1244
CGACAAACGATGAA.1,1244
CGACAAACGTACGT.1,107
CGACAAACTGTAGC.1,1015
CGACCACTAATCGC.1,1015
CGACCACTGTTCAG.1,1488
CGACCACTTTCCCG.1,1015
CGACCGGACGTCTC.1,1244
CGACCGGAGAATCC.1,1244
CGACCGGAGCAGTT.1,1488
CGACCGGATATTCC.1,101
CGACCGGATCGCTC.1,1015
CGACCGGATCTACT.1,1016
CGACCTACCCCTAC.1,1016
CGACCTACCTATGG.1,1015
CGACCTACGCAGAG.1,1244
CGACCTACGCGATT.1,1015
CGACCTACGGTCAT.1,1256
CGACCTACTCACGA.1,1015
CGACCTTGACCGAT.1,1244
CGACCTTGCAGTTG.1,1256
CGACCTTGCCAGTA.1,1244
CGACCTTGGTAAAG.1,1244
CGACCTTGTACTGG.1,1015
CGACCTTGTCCAAG.1,1015
CGACCTTGTCCCAC.1,1488
CGACGTCTCAGCTA.1,1015
CGACGTCTGTGCAT.1,1016
CGACTCACAACGGG.1,1244
CGACTCACACCAGT.1,1015
CGACTCACACGTTG.1,1256
CGACTCACCTGGAT.1,1244
CGACTCACGAAACA.1,1039
CGACTCACGTAAAG.1,1244
CGACTCACTGGTGT.1,1016
CGACTCTGACGTTG.1,1015
CGACTCTGATGTGC.1,1015
CGACTCTGCAGGAG.1,1015
CGACTCTGCCAAGT.1,
CGACTCTGCGGAGA.1,1488
CGACTCTGCTAGAC.1,101
CGACTCTGGCGTAT.1,1039
CGACTCTGGTTTCT.1,
CGACTCTGTATCTC.1,1244
CGACTCTGTCACCC.1,1244
CGACTCTGTCGTGA.1,1015
CGACTCTGTCTTCA.1,1488
CGACTGCTAGTACC.1,1488
CGACTGCTCGTCTC.1,1488
CGACTGCTGTATGC.1,1488
CGACTGCTGTTGAC.1,1015
CGACTGCTTGTCGA.1,1488
CGAGATTGGAATCC.1,1256
CGAGATTGTATCTC.1,1488
CGAGCCGACCCAAA.1,1488
CGAGCCGACCTCCA.1,1015
CGAGCCGAGAAAGT.1,1256
CGAGCGTGGCATAC.1,1015
CGAGCGTGGGTGGA.1,1244
CGAGCGTGTGCTGA.1,1015
CGAGGAGAATCACG.1,1244
CGAGGAGACCAATG.1,1256
CGAGGAGACTCAGA.1,1256
CGAGGAGAGGAAGC.1,1244
CGAGGAGAGGAGGT.1,1016
CGAGGAGATTACCT.1,1015
CGAGGAGATTCTGT.1,1015
CGAGGCACAAGAAC.1,1015
CGAGGCACAGTCGT.1,1015
CGAGGCACGAAACA.1,1015
CGAGGCACGTCCTC.1,107
CGAGGCACTTTGTC.1,1015
CGAGGCTGACACAC.1,1015
CGAGGCTGATTTCC.1,1015
CGAGGCTGCTTCCG.1,1015
CGAGGCTGGAAAGT.1,1015
CGAGGCTGGAACCT.1,1015
CGAGGCTGGATAGA.1,1256
CGAGGCTGGGACAG.1,1015
CGAGTATGACCTCC.1,1015
CGAGTATGATCGAC.1,1488
CGAGTATGATTTCC.1,1256
CGAGTATGCTATTC.1,1016
CGAGTATGGCTCCT.1,101
CGAGTATGTCCGTC.1,1244
CGATACGAAGAGAT.1,1244
CGATACGACATTCT.1,1015
CGATACGATCCGAA.1,1256
CGATAGACACCTGA.1,1015
CGATAGACCAAAGA.1,1015
CGATAGACGAGGAC.1,1256
CGATAGACGGTGGA.1,1244
CGATCAGATGGAAA.1,1244
CGATCAGATTCGGA.1,107
CGATCCACACAGCT.1,1015
CGATCCACCACTGA.1,101
CGATCCACTCTCGC.1,1256
CGATCCACTGCTGA.1,1015
CGATCCACTTGTGG.1,1256
CGCAAATGAACCTG.1,1015
CGCAAATGACGGTT.1,1256
CGCAAATGCCCTAC.1,1015
CGCAAATGTGATGC.1,101
CGCAACCTCCACCT.1,1015
CGCAACCTCCTATT.1,1015
CGCAACCTCTGGAT.1,1488
CGCAACCTTGCCTC.1,1015
CGCAACCTTGTCGA.1,1015
CGCACGGACACAAC.1,1016
CGCACGGACTATGG.1,1039
CGCACGGAGCTGTA.1,1015
CGCACTACCTAGCA.1,1015
CGCACTACTACGCA.1,1016
CGCACTACTCGCAA.1,1244
CGCACTACTCTAGG.1,1244
CGCACTTGAAGCAA.1,1016
CGCACTTGTCCTGC.1,1244
CGCAGGACAGTTCG.1,1256
CGCAGGACCATGGT.1,1256
CGCAGGACGCATAC.1,1244
CGCAGGTGACGCAT.1,1256
CGCAGGTGCACACA.1,101
CGCATAGAAGTCGT.1,1244
CGCATAGAGATGAA.1,1015
CGCATAGAGCGTTA.1,1015
CGCATAGAGTGTAC.1,1015
CGCATAGATCCGTC.1,107
CGCATAGATGCACA.1,1488
CGCCATACATTCTC.1,1244
CGCCATACCCATAG.1,1244
CGCCATACCGAGTT.1,1244
CGCCATACGAGATA.1,1016
CGCCATACGCGTTA.1,1039
CGCCATACGCTTAG.1,1256
CGCCATTGATAAGG.1,1016
CGCCATTGCACCAA.1,101
CGCCATTGGAAAGT.1,1488
CGCCATTGTCCCGT.1,1015
CGCCATTGTTAGGC.1,1039
CGCCGAGAGGGAGT.1,1244
CGCCTAACAACGAA.1,1015
CGCCTAACACCAGT.1,1015
CGCCTAACAGAACA.1,1015
CGCCTAACCGCAAT.1,107
CGCCTAACGTCTAG.1,1256
CGCCTAACTTCATC.1,1488
CGCGAGACCCTTTA.1,1488
CGCGAGACCGATAC.1,107
CGCGAGACCTCAGA.1,1256
CGCGAGACTATCTC.1,1488
CGCGAGACTCCGTC.1,1016
CGCGAGACTCGTTT.1,1256
CGCGATCTAGCGGA.1,1244
CGCGATCTATCACG.1,1488
CGCGATCTATCAGC.1,101
CGCGGATGCTCATT.1,1256
CGCGGATGCTGAAC.1,1244
CGCGGATGTGCTAG.1,1015
CGCTAAGAAGAAGT.1,1015
CGCTAAGAAGCCAT.1,1488
CGCTAAGAAGGCGA.1,1256
CGCTAAGACATTTC.1,1244
CGCTAAGACCTCGT.1,101
CGCTAAGAGCAGAG.1,1256
CGCTAAGATGAGGG.1,1244
CGCTACACAGATCC.1,1015
CGCTACACCTGAGT.1,1244
CGCTACACGAGAGC.1,101
CGCTACTGCTGTGA.1,107
CGCTACTGGCTAAC.1,1015
CGCTACTGTTATCC.1,1244
CGCTCATGCGACAT.1,107
CGCTCATGCTACTT.1,1244
CGCTCATGCTTGAG.1,1015
CGCTCATGCTTGTT.1,1256
CGCTCATGGATGAA.1,1488
CGCTCATGGGACTT.1,1244
CGCTCATGGGCGAA.1,1256
CGCTCATGTCAGTG.1,1015
CGCTCATGTCTCGC.1,1256
CGCTCATGTGTCGA.1,101
CGGAATTGCGACAT.1,1015
CGGACCGAAGTGCT.1,1015
CGGACCGACCTTCG.1,1244
CGGACTCTAAGAAC.1,1015
CGGACTCTCTTAGG.1,1488
CGGACTCTGGAAGC.1,107
CGGACTCTGTCTAG.1,1256
CGGACTCTGTCTTT.1,1015
CGGACTCTTCGCAA.1,101
CGGACTCTTGCATG.1,1244
CGGAGGCTTGATGC.1,1256
CGGAGGCTTGTCAG.1,1488
CGGATAACATCTCT.1,1244
CGGATAACCCACAA.1,1488
CGGATAACTTATCC.1,1015
CGGATATGAAGGTA.1,101
CGGATATGATTCGG.1,1015
CGGATATGCACTGA.1,1244
CGGATATGCATGAC.1,1256
CGGATATGCCCAAA.1,1256
CGGATATGTTCGGA.1,1016
CGGCACGAAAGGTA.1,1039
CGGCACGAAGACTC.1,1256
CGGCACGACAGTTG.1,1016
CGGCACGACCTTGC.1,1488
CGGCACGACTATGG.1,1244
CGGCACGACTTCGC.1,1244
CGGCACGATACTCT.1,1488
CGGCACGATAGAGA.1,1488
CGGCACGATCGCCT.1,1015
CGGCACGATGTCTT.1,1016
CGGCACGATTCGGA.1,1488
CGGCATCTACCGAT.1,1015
CGGCATCTATCGTG.1,1015
CGGCATCTCGTAGT.1,1015
CGGCATCTCTGTAG.1,1488
CGGCATCTGGTACT.1,1015
CGGCATCTGTTGGT.1,1256
CGGCATCTTAAAGG.1,1039
CGGCCAGACAGCTA.1,107
CGGCCAGACCCACT.1,1015
CGGCCAGACTACCC.1,1015
CGGCCAGAGTCTGA.1,1015
CGGCCAGATTATCC.1,1488
CGGCGAACAGTACC.1,1015
CGGCGAACATGTCG.1,1256
CGGCGAACCATTCT.1,1039
CGGCGAACCCTCCA.1,101
CGGCGAACCGGGAA.1,107
CGGCGAACCTGATG.1,1488
CGGCGAACTCCCAC.1,1256
CGGCGAACTGCAAC.1,1244
CGGCGAACTTCGGA.1,1016
CGGCGATGAGCGGA.1,1015
CGGCGATGCCTGTC.1,1244
CGGCGATGCTCAAG.1,1256
CGGCGATGTGGTTG.1,1015
CGGGACTGCTTGAG.1,
CGGGACTGGCAAGG.1,1016
CGGGACTGTTCGCC.1,1244
CGGGCATGATTGGC.1,1488
CGGGCATGCAGAAA.1,1015
CGGGCATGTCTTTG.1,101
CGGGCATGTGAGAA.1,1256
CGGTAAACCGTTAG.1,1256
CGGTAAACCTGAGT.1,1015
CGGTAAACCTTGAG.1,1039
CGGTAAACGTTCTT.1,1015
CGGTAAACTGGTTG.1,1244
CGGTAAACTTACCT.1,1016
CGGTACCTTGCAAC.1,1016
CGGTCACTACTGTG.1,1015
CGGTCACTCAGATC.1,1016
CGGTCACTCTGCTC.1,1256
CGTAACGAACGGGA.1,1488
CGTAACGACTAGTG.1,1244
CGTAACGAGGTCAT.1,1256
CGTAACGATCAGAC.1,1039
CGTAACGATTCTGT.1,101
CGTACAGAAGTAGA.1,1256
CGTACAGAAGTTCG.1,1244
CGTACAGAGTAAAG.1,1488
CGTACAGAGTATGC.1,101
CGTACAGATCGCAA.1,1015
CGTACCACCGAATC.1,1488
CGTACCACCTTATC.1,1256
CGTACCACTCGACA.1,1015
CGTACCTGAACCGT.1,101
CGTACCTGAACGTC.1,101
CGTACCTGACGCAT.1,
CGTACCTGATTCTC.1,1039
CGTACCTGGCGTTA.1,1015
CGTACCTGTAGAGA.1,1256
CGTACCTGTCCGTC.1,1488
CGTACCTGTGAGGG.1,1488
CGTAGCCTCGAGTT.1,101
CGTAGCCTGCTCCT.1,1244
CGTAGCCTGGTATC.1,107
CGTAGCCTTAAGCC.1,1015
CGTAGCCTTATGCG.1,107
CGTCAAGAAAGAGT.1,1488
CGTCAAGAACGCAT.1,1016
CGTCAAGACAGCTA.1,1256
CGTCAAGACGTACA.1,1015
CGTCAAGATGCACA.1,1256
CGTCCAACAAGGTA.1,1015
CGTCCAACGTGCTA.1,1244
CGTCCATGTCCCGT.1,1488
CGTCCATGTTTGTC.1,1015
CGTCGACTACTCTT.1,1244
CGTCGACTCCTATT.1,1039
CGTCGACTCGACAT.1,1016
CGTCGACTGCTGAT.1,1039
CGTCGACTTCAGGT.1,1016
CGTCGACTTCGCAA.1,101
CGTCGACTTTCATC.1,1015
CGTGAAACATTGGC.1,1244
CGTGAAACTGGTTG.1,1256
CGTGAATGCACACA.1,1488
CGTGAATGCGAACT.1,101
CGTGAATGCTACTT.1,1256
CGTGAATGCTTGAG.1,107
CGTGAATGGGATTC.1,101
CGTGAATGGGCGAA.1,1244
CGTGAATGGGTAAA.1,1256
CGTGAATGTCAGGT.1,1016
CGTGATGAACGGTT.1,101
CGTGATGACACTTT.1,1015
CGTGATGAGCGTAT.1,1256
CGTGATGATCTAGG.1,1244
CGTGCACTTCTCTA.1,1488
CGTGTAGACGCATA.1,1016
CGTGTAGACTCAGA.1,1015
CGTGTAGACTGTTT.1,1244
CGTGTAGAGCAAGG.1,107
CGTGTAGAGTCACA.1,107
CGTGTAGAGTTGCA.1,1015
CGTGTAGATCCTTA.1,107
CGTGTAGATTCGCC.1,1015
CGTGTAGATTTACC.1,1488
CGTTAACTACACTG.1,101
CGTTAACTACGCTA.1,1256
CGTTAACTGGTCTA.1,1488
CGTTAACTTCCGTC.1,1488
CGTTAACTTTAGGC.1,1015
CGTTAGGAATTCTC.1,1015
CGTTAGGACAAAGA.1,101
CGTTAGGACATGAC.1,
CGTTAGGACTCGCT.1,1256
CGTTAGGACTTAGG.1,1244
CGTTAGGAGTTCTT.1,1016
CGTTATACACGACT.1,1256
CGTTATACACGTAC.1,101
CGTTATACAGGAGC.1,1015
CGTTATACAGTGTC.1,1015
CGTTATACTGGTGT.1,1244
CGTTTAACACAGCT.1,1244
CGTTTAACAGGGTG.1,1015
CGTTTAACCGTACA.1,107
CGTTTAACGACGAG.1,1015
CGTTTAACGACGTT.1,1016
CGTTTAACGCTTCC.1,1488
CGTTTAACTCCAGA.1,1015
CGTTTAACTGACTG.1,1015
CGTTTAACTTTACC.1,1244
CTAAACCTGGAACG.1,1015
CTAAACCTGTCAAC.1,1015
CTAACACTGATAGA.1,1256
CTAACACTGGTTAC.1,1244
CTAACACTGTGTTG.1,1244
CTAACACTTCGACA.1,1488
CTAACGGAACCAAC.1,1488
CTAACGGACTGCTC.1,1015
CTAACGGAGGGATG.1,1256
CTAACGGAGTATGC.1,107
CTAACGGATGCTGA.1,1015
CTAACGGATGCTTT.1,1244
CTAACTACACCAGT.1,101
CTAACTACCGATAC.1,1016
CTAAGGACACCATG.1,1015
CTAAGGACATGGTC.1,1015
CTAAGGACTAAGGA.1,1015
CTAAGGACTCTTAC.1,101
CTAAGGTGTAGAAG.1,1016
CTAAGGTGTCGCTC.1,1256
CTAAGGTGTTATCC.1,101
CTAATAGAGAATAG.1,1015
CTAATAGAGCCATA.1,1015
CTAATAGAGTGTCA.1,1015
CTAATAGAGTTACG.1,1256
CTAATAGATAGACC.1,1015
CTAATAGATCCTTA.1,
CTAATGCTAAGAAC.1,1016
CTAATGCTACGCTA.1,1244
CTAATGCTATGTCG.1,1039
CTAATGCTGCGTTA.1,1015
CTAATGCTTCTAGG.1,1015
CTACAACTCTCTCG.1,1015
CTACAACTGGTTCA.1,1039
CTACAACTGTTCTT.1,1015
CTACAACTTCCAGA.1,1488
CTACAACTTGAGCT.1,1039
CTACCTCTGCGAAG.1,1244
CTACGCACAGCTAC.1,1488
CTACGCACCGAATC.1,1256
CTACGCACCTGGAT.1,1244
CTACGCACGGAAAT.1,1039
CTACGGCTACACTG.1,1015
CTACGGCTCGTACA.1,101
CTACGGCTGACGTT.1,101
CTACGGCTTCCTCG.1,1256
CTACGGCTTGCACA.1,101
CTACGGCTTTGGTG.1,1488
CTACTATGAGGTCT.1,1015
CTACTATGATCGTG.1,1256
CTACTATGCTCATT.1,1244
CTACTATGGTATCG.1,1039
CTACTCCTCGGAGA.1,1015
CTACTCCTGTTAGC.1,1015
CTACTCCTTTTACC.1,1015
CTAGAGACCGCATA.1,1015
CTAGAGACTTAGGC.1,1256
CTAGAGACTTTGGG.1,1256
CTAGATCTAAAAGC.1,1488
CTAGATCTAGAGAT.1,1488
CTAGATCTAGTCAC.1,1488
CTAGATCTGGGAGT.1,1244
CTAGATCTTCCAAG.1,1015
CTAGGATGAAACGA.1,1244
CTAGGATGCACCAA.1,1256
CTAGGATGCATGGT.1,1015
CTAGGATGCTGAGT.1,1015
CTAGGATGCTGTAG.1,1256
CTAGGATGGAGGCA.1,1244
CTAGGATGTAGAGA.1,1015
CTAGGATGTCAGAC.1,1039
CTAGGATGTGCCAA.1,1244
CTAGGATGTGTCCC.1,1016
CTAGGATGTGTCTT.1,101
CTAGGCCTACGCTA.1,1488
CTAGGCCTGGAGCA.1,1015
CTAGGCCTTGTCCC.1,1015
CTAGGTGACAATCG.1,1488
CTAGGTGACACAAC.1,1015
CTAGGTGACCACAA.1,1256
CTAGGTGACGTTAG.1,1244
CTAGGTGAGGACTT.1,1488
CTAGGTGAGGTAGG.1,1015
CTAGGTGATTATCC.1,1015
CTAGTTACCGTGTA.1,1244
CTAGTTTGCCATAG.1,1015
CTAGTTTGGATAAG.1,1256
CTAGTTTGGCGTTA.1,1039
CTATAAGACCAGTA.1,1488
CTATAAGACCCGTT.1,101
CTATAAGATGGATC.1,1015
CTATACTGAGCTAC.1,1256
CTATACTGAGTGTC.1,1488
CTATACTGCGGAGA.1,1015
CTATACTGCTCTAT.1,1015
CTATACTGGGCATT.1,1016
CTATACTGGTCCTC.1,1488
CTATACTGGTGAGG.1,1256
CTATACTGTCCCGT.1,1256
CTATACTGTGTCGA.1,1488
CTATACTGTTATCC.1,1256
CTATACTGTTTGTC.1,1015
CTATAGCTACCATG.1,1015
CTATCAACATCTCT.1,1244
CTATCAACGACTAC.1,1039
CTATCAACGAGACG.1,1244
CTATCAACGGTTCA.1,101
CTATCAACTCTCAT.1,1016
CTATCAACTGCATG.1,107
CTATCATGTCTCGC.1,1039
CTATCCCTCGATAC.1,1016
CTATCCCTTGCCAA.1,1015
CTATGACTCGAATC.1,1488
CTATGACTGCTACA.1,
CTATGACTTGTCGA.1,1256
CTATGACTTTAGGC.1,1015
CTATGACTTTTGTC.1,1015
CTATGTACGCATCA.1,1016
CTATGTACGCTGAT.1,1015
CTATGTACTCGCCT.1,1256
CTATGTTGACCTCC.1,1488
CTATGTTGTGGTCA.1,1016
CTATGTTGTGTTCT.1,1015
CTATTGACAACAGA.1,1015
CTATTGACGTCAAC.1,1015
CTATTGACTCTAGG.1,1244
CTATTGTGAACGAA.1,107
CTATTGTGTACTGG.1,1244
CTATTGTGTAGAGA.1,1244
CTATTGTGTCCTAT.1,1244
CTATTGTGTGTCTT.1,101
CTCAATTGCCAATG.1,1015
CTCAATTGCGTTAG.1,107
CTCAATTGGACACT.1,1015
CTCAATTGGCGATT.1,1488
CTCAATTGGCTTCC.1,101
CTCAATTGGTCCTC.1,1256
CTCAATTGTTGGCA.1,107
CTCAGAGAAAGGCG.1,1039
CTCAGAGAGCAAGG.1,1488
CTCAGAGAGGTAGG.1,1256
CTCAGAGATCTGGA.1,1256
CTCAGCACAAAGCA.1,1256
CTCAGCACCCAATG.1,1256
CTCAGCACCGATAC.1,1488
CTCAGCACCTGCTC.1,1015
CTCAGCACGGTAAA.1,1015
CTCAGCACTGGTGT.1,1244
CTCAGCTGCATCAG.1,1244
CTCAGCTGCTACTT.1,101
CTCAGCTGCTGATG.1,1244
CTCAGCTGGAGGCA.1,1015
CTCAGCTGGTTTGG.1,1488
CTCAGCTGTGGATC.1,1244
CTCAGGCTAAAGTG.1,1244
CTCAGGCTAAGCCT.1,101
CTCAGGCTAGAGAT.1,101
CTCAGGCTATCTTC.1,1488
CTCAGGCTCCAGTA.1,1244
CTCAGGCTCGTGTA.1,1244
CTCAGGCTCTCGAA.1,107
CTCAGGCTGGACAG.1,1256
CTCATTGAATGACC.1,1244
CTCATTGAGGTCAT.1,1244
CTCATTGATGGTAC.1,1488
CTCCACGAAACGTC.1,107
CTCCACGAAAGGGC.1,1256
CTCCACGAACGGGA.1,
CTCCACGACTCGCT.1,1015
CTCCACGACTCTTA.1,1015
CTCCACGAGGAGTG.1,1256
CTCCACGATAGACC.1,101
CTCCACGATTGAGC.1,1016
CTCCATCTAAAGTG.1,1488
CTCCATCTAAGAAC.1,1256
CTCCATCTATGCTG.1,1244
CTCCATCTGAATGA.1,1488
CTCCATCTGTATGC.1,107
CTCCATCTTAGCCA.1,1256
CTCCGAACCCTATT.1,1256
CTCCGAACGGATCT.1,107
CTCCTACTAGTAGA.1,101
CTCCTACTGCGATT.1,101
CTCCTACTGTCATG.1,1016
CTCCTACTGTGCTA.1,1244
CTCCTACTTGTCCC.1,1016
CTCGAAGAGAGGAC.1,101
CTCGAAGAGCGAAG.1,1488
CTCGAAGAGTGTCA.1,1244
CTCGACACAATGCC.1,1015
CTCGACACGGTTAC.1,101
CTCGACACGTTCAG.1,107
CTCGACTGAGATGA.1,1015
CTCGACTGCATTTC.1,1488
CTCGACTGCGACAT.1,1488
CTCGACTGGACACT.1,101
CTCGACTGGCTAAC.1,101
CTCGACTGGTACCA.1,1244
CTCGAGCTATGACC.1,1016
CTCGAGCTATGGTC.1,1015
CTCGAGCTCAGATC.1,1244
CTCGAGCTCATTCT.1,1015
CTCGCATGAGAGAT.1,1015
CTCGCATGCTTATC.1,1015
CTCGCATGTCGCAA.1,1488
CTCTAAACCCCTTG.1,1016
CTCTAAACCTACGA.1,1488
CTCTAAACCTCTAT.1,1244
CTCTAAACGGACAG.1,1015
CTCTAAACTTTGGG.1,1244
CTCTAATGCTTGTT.1,1244
CTCTAATGGAACCT.1,1256
CTCTAATGGTAAGA.1,1488
CTCTAATGGTTCTT.1,1256
CTCTAATGTCCTAT.1,1256
CTCTAATGTCGTTT.1,1016
CTCTAATGTGCACA.1,1488
CTCTAATGTGTCAG.1,1015
CTGAACGAGATAGA.1,1244
CTGAACGAGTAAAG.1,1015
CTGAAGACAGTACC.1,1016
CTGAAGACAGTCAC.1,107
CTGAAGACCACTCC.1,1256
CTGAAGTGACCGAT.1,1256
CTGAAGTGATCTCT.1,1016
CTGAAGTGCTCTTA.1,1488
CTGAAGTGGATGAA.1,1488
CTGAAGTGTTTACC.1,1016
CTGAATCTTAGCCA.1,1016
CTGAATCTTTTACC.1,1244
CTGACAGAAAACAG.1,1015
CTGACAGACCTTGC.1,101
CTGACAGACGCCTT.1,1015
CTGACAGACGTACA.1,1015
CTGACAGAGAATGA.1,1256
CTGACAGAGAGGGT.1,1016
CTGACAGAGTCTAG.1,1016
CTGACAGATGCCCT.1,1039
CTGACCACGGAGGT.1,1016
CTGACCACTGTCTT.1,1488
CTGAGAACGTCAAC.1,1256
CTGAGAACTAAAGG.1,1256
CTGAGAACTGAGCT.1,1256
CTGAGAACTGCCAA.1,1488
CTGAGAACTTGCAG.1,1488
CTGAGCCTAACCGT.1,1488
CTGAGCCTCCCTCA.1,1016
CTGAGCCTCTTATC.1,1015
CTGAGCCTTGAACC.1,1015
CTGAGCCTTTGTGG.1,107
CTGATACTAATCGC.1,1244
CTGATACTACGTAC.1,101
CTGATACTCTAGTG.1,1256
CTGATACTGGACGA.1,1016
CTGATACTTCTACT.1,1015
CTGATGGACTATTC.1,101
CTGATGGAGGTATC.1,
CTGATGGATCCTCG.1,1256
CTGATGGATGGTGT.1,1016
CTGATGGATTTGGG.1,1244
CTGATTTGAACCAC.1,1039
CTGATTTGACTAGC.1,1488
CTGCAGCTCCTTCG.1,1015
CTGCAGCTCGTTAG.1,1256
CTGCAGCTCTTACT.1,101
CTGCAGCTGAAACA.1,1244
CTGCAGCTTACAGC.1,107
CTGCAGCTTCGACA.1,1244
CTGCAGCTTTCTAC.1,1015
CTGCCAACGACACT.1,101
CTGCCAACGTACCA.1,1015
CTGCGACTAGTCAC.1,1015
CTGCGACTATCGTG.1,101
CTGGAAACATACCG.1,1256
CTGGAAACGCTAAC.1,107
CTGGAAACGGTACT.1,1256
CTGGAAACGTTCGA.1,1015
CTGGATGAAACGAA.1,1015
CTGGATGAACAGCT.1,1016
CTGGATGAAGGAGC.1,1015
CTGGATGAAGTCTG.1,1488
CTGGATGACGAGAG.1,1244
CTGGATGAGCAGAG.1,1015
CTGGATGATAGTCG.1,1015
CTGGATGATTTCTG.1,1016
CTGGCACTTATCGG.1,107
CTGTAACTAAAGTG.1,101
CTGTAACTACACGT.1,1244
CTGTAACTAGACTC.1,1244
CTGTAACTCTTGAG.1,1244
CTGTAACTGGATTC.1,101
CTGTAACTGTTAGC.1,1244
CTGTATACAAGTAG.1,1488
CTGTATACATGCTG.1,107
CTGTATACTGTCAG.1,1016
CTGTGAGATGGGAG.1,1244
CTTAAAGAATACCG.1,1016
CTTAACACCTGACA.1,1256
CTTAACACGGAGTG.1,1015
CTTAACACTCTCTA.1,1016
CTTAACACTTACTC.1,1015
CTTAAGCTAGCCTA.1,107
CTTAAGCTATGCCA.1,1015
CTTAAGCTGCTGTA.1,107
CTTAAGCTTAACGC.1,1016
CTTAAGCTTACTCT.1,101
CTTAAGCTTTCCCG.1,1488
CTTACAACAGCAAA.1,1256
CTTACAACCCAGTA.1,1015
CTTACAACCCTTTA.1,1244
CTTACAACGCGTTA.1,1015
CTTACATGAGTGTC.1,1244
CTTACATGCAGGAG.1,1256
CTTACATGGTACAC.1,1256
CTTACATGGTCATG.1,1256
CTTACATGGTGTCA.1,1015
CTTACATGTCGATG.1,1015
CTTACTGACCGTTC.1,1488
CTTACTGACGAGTT.1,1488
CTTACTGATGCAAC.1,1256
CTTACTGATGCTTT.1,1256
CTTAGACTAGAGAT.1,1488
CTTAGACTCGTAGT.1,1016
CTTAGACTCTTGAG.1,1244
CTTAGACTGGGCAA.1,1244
CTTAGACTGGTTCA.1,1488
CTTAGACTGTCATG.1,101
CTTAGACTGTGCAT.1,
CTTAGGGAAATGCC.1,1016
CTTAGGGAACTGTG.1,107
CTTAGGGACAGCTA.1,1015
CTTAGGGACGTGAT.1,1256
CTTAGGGACTAGTG.1,1016
CTTAGGGATTCACT.1,1256
CTTATCGAACACGT.1,1015
CTTATCGAGACGGA.1,1244
CTTATCGATCGCCT.1,1015
CTTATCGATCTCGC.1,1244
CTTCACCTACGGGA.1,1244
CTTCACCTCGAGTT.1,1488
CTTCACCTCGTTAG.1,1015
CTTCACCTGGTGTT.1,1244
CTTCACCTTTTCGT.1,1256
CTTCATGACTCCCA.1,1244
CTTCTAGAACGTTG.1,1244
CTTCTAGAAGTGCT.1,1015
CTTCTAGAATTTCC.1,1256
CTTCTAGACCTTCG.1,1016
CTTCTAGACGCAAT.1,107
CTTCTAGACTCCAC.1,1244
CTTCTAGAGCCTTC.1,107
CTTCTAGATACGCA.1,1015
CTTCTAGATGTGAC.1,1015
CTTGAACTAAGGCG.1,1039
CTTGAACTCTTATC.1,101
CTTGAACTGAATAG.1,1015
CTTGAACTGCTGAT.1,1488
CTTGAACTGTGCAT.1,1244
CTTGAACTTGACTG.1,101
CTTGAGGATAGCCA.1,1016
CTTGATTGACGGGA.1,1039
CTTGATTGTATTCC.1,1039
CTTGATTGTCCTTA.1,1488
CTTGATTGTGGTTG.1,1244
CTTGTATGAGTACC.1,1015
CTTGTATGATCTTC.1,1015
CTTGTATGGGTGAG.1,101
CTTGTATGGTTACG.1,107
CTTGTATGTTGCAG.1,1244
CTTTACGAAAAGCA.1,1488
CTTTACGACAGAAA.1,1256
CTTTACGAGGAAGC.1,1488
CTTTACGAGGATTC.1,1015
CTTTAGACGCCATA.1,1015
CTTTAGACTGGGAG.1,
CTTTAGTGACCATG.1,1244
CTTTAGTGAGGCGA.1,1488
CTTTAGTGTCCCAC.1,1256
CTTTCAGATCCGAA.1,1015
CTTTCAGATTGCAG.1,1016
CTTTGATGGCATCA.1,1015
CTTTGATGGGACGA.1,1488
CTTTGATGGTTGCA.1,101
CTTTGATGTGGAAA.1,107
CTTTGATGTTCTAC.1,1244
GAAACAGACTGGTA.1,1015
GAAACAGAGAGGCA.1,1015
GAAACAGATGCTCC.1,1244
GAAACAGATGTCCC.1,1488
GAAACCTGCCACAA.1,1015
GAAACCTGCGTCTC.1,1015
GAAACCTGGCCCTT.1,1256
GAAACCTGGGTAGG.1,1256
GAAACCTGTCCTAT.1,1244
GAAACCTGTCTATC.1,1015
GAAACCTGTTCTCA.1,1488
GAAAGATGATTCTC.1,1016
GAAAGATGCTTGTT.1,1256
GAAAGCCTACCTAG.1,101
GAAAGCCTTCTTAC.1,1488
GAAAGTGACGATAC.1,1015
GAAAGTGAGCAGTT.1,1015
GAAAGTGATGCTGA.1,1488
GAAATACTCCAGTA.1,1256
GAAATACTGGACAG.1,1256
GAACACACAACAGA.1,1488
GAACACACACCCAA.1,107
GAACACACACTACG.1,1256
GAACACACATCGTG.1,1244
GAACACACCCGCTT.1,1244
GAACACACGGCAAG.1,1256
GAACAGCTAAGGCG.1,1244
GAACAGCTAAGTAG.1,1016
GAACAGCTACGGAG.1,1488
GAACAGCTCTAGCA.1,1256
GAACAGCTTGTTTC.1,107
GAACCAACGGAGGT.1,1015
GAACCAACGTGCTA.1,1244
GAACCAACTACGCA.1,1015
GAACCAACTGCTCC.1,1256
GAACCTGAACGGGA.1,1256
GAACCTGAATGCTG.1,107
GAACCTGAATGGTC.1,1015
GAACCTGACCCGTT.1,1256
GAACCTGAGCTCCT.1,1015
GAACCTGATATCTC.1,1488
GAACCTGATCGCAA.1,1016
GAACGGGACACTCC.1,1244
GAACGGGATACGCA.1,1488
GAACGGGATGAGGG.1,1488
GAACGTTGCCCACT.1,1256
GAACGTTGGCCTTC.1,1016
GAACGTTGGTTTGG.1,1488
GAACGTTGTCGTAG.1,107
GAACGTTGTGCAAC.1,1015
GAACGTTGTGGTTG.1,1488
GAACTGTGACGGTT.1,1256
GAACTGTGCAGATC.1,1015
GAACTGTGCGAATC.1,1256
GAACTGTGCTGAGT.1,1244
GAACTGTGTATCTC.1,1256
GAACTGTGTGAGCT.1,1015
GAAGAATGCCTACC.1,1488
GAAGAATGCTACCC.1,1015
GAAGATGAACCTGA.1,1256
GAAGATGAGCAGTT.1,1016
GAAGATGAGTCTAG.1,1016
GAAGATGATATGGC.1,1488
GAAGCGGAACGCTA.1,1488
GAAGCGGAAGAAGT.1,1256
GAAGCGGACATCAG.1,1016
GAAGCGGATGAAGA.1,1015
GAAGCGGATGGAGG.1,1244
GAAGCTACCAGAAA.1,1015
GAAGCTACCAGTTG.1,1256
GAAGCTACCCATAG.1,1015
GAAGCTACTAAGGA.1,1488
GAAGCTACTGGATC.1,1015
GAAGCTTGACCTTT.1,1488
GAAGCTTGACGGTT.1,1256
GAAGCTTGATGTGC.1,1488
GAAGCTTGCCACAA.1,1015
GAAGCTTGCCCTTG.1,1015
GAAGCTTGCTCATT.1,1488
GAAGCTTGGGAGTG.1,1488
GAAGCTTGGGGAGT.1,1244
GAAGGGTGAGCTCA.1,1015
GAAGGGTGCTGGAT.1,1015
GAAGGGTGGTACGT.1,1015
GAAGGGTGTGTGGT.1,1015
GAAGGGTGTTATCC.1,1015
GAAGGTCTACGACT.1,1015
GAAGGTCTCAGGAG.1,1488
GAAGGTCTTAGCCA.1,1015
GAAGTAGACCCTTG.1,1016
GAAGTCACACCACA.1,1016
GAAGTCACACCTAG.1,1244
GAAGTCTGAACGAA.1,107
GAAGTCTGAACGGG.1,1015
GAAGTCTGCATGAC.1,1244
GAAGTCTGGTTACG.1,1488
GAAGTCTGTAAGGA.1,1015
GAAGTCTGTCCGAA.1,1015
GAAGTCTGTTCGTT.1,1256
GAAGTCTGTTTCAC.1,101
GAAGTGCTTAGCCA.1,1016
GAAGTGCTTTTCGT.1,1244
GAATGCACCTTCCG.1,1244
GAATGCACCTTTAC.1,107
GAATGCACTATCTC.1,1256
GAATGCACTCTTTG.1,1015
GAATGCTGGATAGA.1,107
GAATGCTGTTGCAG.1,1016
GAATGGCTCTCAAG.1,
GAATGGCTCTGGAT.1,1244
GAATGGCTGAAGGC.1,1256
GAATGGCTGCTTAG.1,107
GAATGGCTGTGTAC.1,1039
GAATGGCTTTCAGG.1,1256
GAATTAACAGATGA.1,1015
GAATTAACTCTTAC.1,1256
GACAACACACGTTG.1,1015
GACAACTGCGTACA.1,1244
GACAACTGTACAGC.1,1015
GACAACTGTCGTAG.1,1488
GACAACTGTCTTTG.1,1488
GACAACTGTGACAC.1,1256
GACAACTGTTGGTG.1,107
GACACTGAAGGAGC.1,1015
GACACTGACACTCC.1,101
GACACTGACTGCAA.1,107
GACACTGAGTTGGT.1,107
GACACTGATTTGCT.1,1256
GACAGGGAACTGTG.1,1015
GACAGGGAAGATGA.1,1244
GACAGGGAATCTTC.1,1015
GACAGGGATCGTTT.1,1016
GACAGGGATTGGCA.1,1016
GACAGTACCCTGAA.1,1016
GACAGTACGAATCC.1,1256
GACAGTACGTCTTT.1,1244
GACAGTACTATTCC.1,1488
GACAGTACTGTCAG.1,1244
GACAGTTGATCGGT.1,101
GACAGTTGGTTGCA.1,1015
GACAGTTGTAAGGA.1,1015
GACATTCTGAGGGT.1,1244
GACATTCTGATACC.1,1244
GACATTCTGGGACA.1,1256
GACATTCTGTCTTT.1,1015
GACATTCTGTGCAT.1,1488
GACATTCTTCTTAC.1,1256
GACCAAACCTAAGC.1,1488
GACCAAACCTGACA.1,1256
GACCATGACTTGCC.1,1256
GACCATGAGGGACA.1,107
GACCCTACACGTAC.1,1488
GACCCTACCGAACT.1,1016
GACCCTACGGAGCA.1,1244
GACCCTACTGGAGG.1,1256
GACCTAGAAGTCAC.1,1015
GACCTAGAATACCG.1,1256
GACCTAGACGACTA.1,1244
GACCTAGACTGAGT.1,1256
GACCTAGAGAGGTG.1,1256
GACCTAGATACGAC.1,1256
GACCTAGATGGAGG.1,1016
GACCTCACAGATCC.1,1256
GACCTCACCCAACA.1,1256
GACCTCACGTCGAT.1,1488
GACCTCACTTCCGC.1,1256
GACCTCTGCGCAAT.1,1015
GACCTCTGTCCTAT.1,1015
GACCTCTGTGGAAA.1,1015
GACCTCTGTTGAGC.1,1244
GACGAACTAACCTG.1,101
GACGAACTAGTCGT.1,1039
GACGAACTCCGCTT.1,1016
GACGAGGAAGTTCG.1,1244
GACGAGGATTCCGC.1,1244
GACGATTGACCACA.1,1244
GACGATTGCTAGAC.1,1015
GACGATTGGCATCA.1,1015
GACGATTGTGTGCA.1,1015
GACGCCGAACCTGA.1,1256
GACGCCGAACGTAC.1,1244
GACGCCGACGTAGT.1,1016
GACGCCGAGTCATG.1,1039
GACGCCGAGTCCTC.1,1016
GACGCCGATCCTCG.1,1015
GACGCTCTCATTTC.1,1256
GACGCTCTCTGCAA.1,1244
GACGCTCTTCTAGG.1,1015
GACGGCACAATCGC.1,1015
GACGGCACCTCCCA.1,1015
GACGGCACCTGAGT.1,1015
GACGGCACGGCGAA.1,1039
GACGGCACGGTTTG.1,1015
GACGTAACACCTAG.1,1256
GACGTAACCGCTAA.1,
GACGTAACCGGTAT.1,1015
GACGTAACCTGACA.1,107
GACGTAACGAACCT.1,1244
GACGTATGACAGCT.1,1016
GACGTATGAGTAGA.1,1015
GACGTATGATTCTC.1,1488
GACGTATGCCCACT.1,1015
GACGTATGCCTGAA.1,1015
GACGTATGGTACAC.1,1016
GACGTATGTGCAAC.1,1244
GACGTATGTTGTGG.1,1256
GACGTCCTATTCCT.1,1488
GACGTCCTCAGTTG.1,101
GACGTCCTCCGTTC.1,1244
GACGTCCTGATGAA.1,1015
GACGTCCTTGTCAG.1,1244
GACTACGAGTGAGG.1,
GACTACGATCCTGC.1,1244
GACTACGATGGAAA.1,1015
GACTACGATTCTCA.1,1016
GACTCCTGACAGTC.1,1015
GACTCCTGAGATCC.1,1015
GACTCCTGCGGGAA.1,1244
GACTCCTGGAGAGC.1,1039
GACTCCTGGTCCTC.1,1015
GACTCCTGTCTACT.1,1039
GACTGAACCGCATA.1,1039
GACTGAACCTCGCT.1,1244
GACTGAACTGGAGG.1,1016
GACTGATGCCGTAA.1,1015
GACTGATGGTAGGG.1,1488
GACTGATGGTCACA.1,1244
GACTGATGTACTGG.1,1488
GACTGATGTGAAGA.1,1039
GACTGTGACGGGAA.1,1488
GACTGTGAGTTACG.1,1256
GACTGTGATAGAAG.1,1015
GACTTTACATAAGG.1,1256
GACTTTACATGCTG.1,1015
GACTTTACCATGCA.1,1015
GACTTTACCTCATT.1,1244
GACTTTACGCGAAG.1,1015
GACTTTACGCTTAG.1,101
GACTTTACGTACGT.1,1256
GACTTTACTCAGGT.1,1488
GAGAAATGCCCGTT.1,1015
GAGAAATGCCTTGC.1,1244
GAGAAATGCGAGTT.1,1016
GAGAAATGCTACGA.1,1015
GAGAAATGTCTGGA.1,
GAGAGGTGAAGGCG.1,1015
GAGAGGTGAGCATC.1,1015
GAGAGGTGCAGTCA.1,107
GAGAGGTGCTCCAC.1,1488
GAGAGGTGGAATCC.1,1488
GAGAGGTGGGAGCA.1,1256
GAGAGGTGGGAGTG.1,1256
GAGAGGTGTCCTAT.1,1244
GAGATAGAACCTCC.1,1016
GAGATAGAATCGTG.1,1244
GAGATAGACTGACA.1,1244
GAGATAGAGTTAGC.1,1256
GAGATAGATCTCAT.1,1016
GAGATAGATTTCTG.1,1488
GAGATGCTACGGGA.1,107
GAGATGCTGGGTGA.1,1244
GAGATGCTGTTACG.1,1256
GAGCAACTATCAGC.1,1488
GAGCAACTGAGGGT.1,101
GAGCAACTGGTCTA.1,1256
GAGCAGGACTTAGG.1,107
GAGCAGGATGCTAG.1,1016
GAGCATACAGCCTA.1,1256
GAGCATACGAGCTT.1,1244
GAGCATACGGGAGT.1,1488
GAGCATACTCGCCT.1,1015
GAGCATACTGATGC.1,1244
GAGCGAGAAACCGT.1,1244
GAGCGAGAGGAGTG.1,1244
GAGCGAGATCATTC.1,107
GAGCGCTGATTCGG.1,1244
GAGCGCTGCATACG.1,1016
GAGCGCTGTGTTCT.1,1244
GAGCGGCTGTTACG.1,1016
GAGCGGCTTACAGC.1,1488
GAGCTCCTAGCATC.1,1244
GAGCTCCTATACCG.1,1488
GAGCTCCTCACTTT.1,107
GAGCTCCTGCATCA.1,1244
GAGGACGACGAATC.1,1016
GAGGACGACGATAC.1,1256
GAGGACGACGTGAT.1,1244
GAGGACGAGGAGCA.1,1015
GAGGACGATAGACC.1,1244
GAGGACGATTTGTC.1,1488
GAGGATCTGACAAA.1,1256
GAGGATCTTGGTAC.1,1015
GAGGCAGAACTGTG.1,1016
GAGGCAGAGAATAG.1,101
GAGGCAGAGAGACG.1,1244
GAGGCCACATGTGC.1,1244
GAGGCCACCGAATC.1,1015
GAGGCCACCTAAGC.1,1039
GAGGCCACTCTCCG.1,1016
GAGGCCACTTCGTT.1,1488
GAGGGAACAATGCC.1,1039
GAGGGAACATGTCG.1,1016
GAGGGAACCAGAAA.1,1488
GAGGGAACCCTATT.1,1488
GAGGGAACTATCTC.1,1488
GAGGGATGAAGGGC.1,1244
GAGGGATGTATTCC.1,1015
GAGGGCCTAGCTAC.1,1256
GAGGGCCTTGAGAA.1,1016
GAGGGTGAATGCCA.1,1244
GAGGGTGACAATCG.1,1256
GAGGGTGACCCTTG.1,1244
GAGGGTGAGGCAAG.1,1488
GAGGGTGATGCAAC.1,1015
GAGGTACTAGGTCT.1,1039
GAGGTACTGCGAAG.1,1015
GAGGTACTGTGTCA.1,1256
GAGGTACTGTTGAC.1,1016
GAGGTGGAACGTAC.1,1256
GAGGTGGAAGAGAT.1,1015
GAGGTGGAAGTCAC.1,1015
GAGGTGGAGCTAAC.1,1256
GAGGTGGATGCCCT.1,1015
GAGGTGGATGTGGT.1,1488
GAGGTTACACCTGA.1,1256
GAGGTTACAGGCGA.1,1015
GAGGTTACCATACG.1,1244
GAGGTTACTGCCTC.1,1244
GAGGTTACTTGAGC.1,1015
GAGGTTTGAGTCAC.1,1015
GAGGTTTGGACGTT.1,1016
GAGGTTTGGTCGTA.1,1256
GAGTACACATACCG.1,1015
GAGTACACCATTTC.1,
GAGTACACCCACCT.1,1244
GAGTACACCTGACA.1,
GAGTACACTACAGC.1,1244
GAGTACACTGAGGG.1,107
GAGTACTGACCGAT.1,1244
GAGTACTGTTCCAT.1,1039
GAGTCAACGGGAGT.1,1488
GAGTCAACTCGCAA.1,107
GAGTCAACTCTACT.1,1244
GAGTCAACTGACAC.1,1256
GAGTCTGAAAGCCT.1,1488
GAGTCTGAGAGGCA.1,1015
GAGTCTGAGGTAGG.1,1039
GAGTCTGAGTAAAG.1,1039
GAGTCTGATACTGG.1,107
GAGTGACTAGTCTG.1,1256
GAGTGACTCCACCT.1,1015
GAGTGACTGACACT.1,1488
GAGTGACTTGAACC.1,1015
GAGTGACTTGTTTC.1,1015
GAGTGGGACTAGTG.1,1256
GAGTGGGACTATTC.1,1015
GAGTGGGATCTATC.1,1256
GAGTGGGATGTCAG.1,1015
GAGTGTTGCACTTT.1,1244
GAGTGTTGCCTGTC.1,1244
GAGTGTTGCGGGAA.1,1015
GAGTGTTGGCTTAG.1,1016
GAGTGTTGTGTGCA.1,1244
GAGTTGTGAACGAA.1,1015
GAGTTGTGATAAGG.1,1039
GAGTTGTGTGCTCC.1,101
GATAAGGAATTTCC.1,1244
GATAAGGACACAAC.1,1015
GATAAGGACCGCTT.1,1488
GATAAGGAGAGATA.1,1016
GATAAGGAGTTGAC.1,1256
GATAAGGATGGTTG.1,1488
GATAAGGATTACCT.1,101
GATAATACAGTGCT.1,1256
GATAATACCAACCA.1,1016
GATAATACCGCCTT.1,1015
GATAATACCTTCGC.1,107
GATAATACGGAGGT.1,1016
GATAATACTTCTAC.1,1016
GATACTCTGAGGAC.1,101
GATACTCTGCATAC.1,1015
GATACTCTTGCATG.1,1015
GATAGAGAAGAAGT.1,1488
GATAGAGACGAGAG.1,107
GATAGAGACGGAGA.1,1016
GATAGCACTGAGGG.1,1488
GATAGCACTTTCGT.1,1016
GATATAACAGGTCT.1,1256
GATATAACCCACAA.1,1015
GATATAACTTTGCT.1,1039
GATATATGCCTGAA.1,1244
GATATATGGGGAGT.1,1015
GATATATGGTAAAG.1,1256
GATATATGTGCTTT.1,1256
GATATATGTGTTTC.1,1488
GATATTGAAACTGC.1,107
GATATTGAAATGCC.1,1256
GATATTGAACACGT.1,1488
GATATTGAAGTCGT.1,1256
GATATTGACGCTAA.1,1016
GATATTGAGGTGGA.1,1488
GATATTGATCGACA.1,1488
GATCATCTAGGGTG.1,1015
GATCATCTCTGGAT.1,1488
GATCCCTGAGCCTA.1,1256
GATCCCTGATTGGC.1,1256
GATCCCTGCTCCAC.1,1015
GATCCCTGGCATCA.1,1244
GATCCCTGGCTTAG.1,1015
GATCCCTGTCTTCA.1,1015
GATCCGCTAAGGGC.1,1256
GATCCGCTACCCAA.1,1015
GATCCGCTGGTTTG.1,107
GATCGAACAATGCC.1,1488
GATCGAACATCAGC.1,101
GATCGAACATCGGT.1,1488
GATCGAACGGGTGA.1,1244
GATCGATGACCACA.1,1488
GATCGATGACCTTT.1,1256
GATCGATGCCATAG.1,1015
GATCGATGTAAGGA.1,1015
GATCGTGAACCTAG.1,1256
GATCTACTATCTTC.1,1488
GATCTACTCGGTAT.1,1488
GATCTTACCTACCC.1,1015
GATCTTACCTGAAC.1,1015
GATCTTACCTGATG.1,101
GATCTTACGGACAG.1,1016
GATCTTACTATCTC.1,1256
GATCTTTGCACCAA.1,101
GATCTTTGCCTCAC.1,1015
GATCTTTGCTTCTA.1,1244
GATCTTTGGACGAG.1,1039
GATCTTTGGAGGCA.1,1256
GATGACACAGCTCA.1,1016
GATGACACTGCTAG.1,1244
GATGCAACACCACA.1,
GATGCAACACCAGT.1,1244
GATGCAACCATGGT.1,1015
GATGCAACGCCTTC.1,107
GATGCATGAGGTTC.1,1015
GATGCATGATTCGG.1,101
GATGCATGGTACGT.1,1488
GATGCATGTAACGC.1,1039
GATGCCCTAGAATG.1,1488
GATGCCCTCTCGCT.1,1039
GATGCCCTGACACT.1,1015
GATGCCCTGCGATT.1,1488
GATGCCCTGGTCTA.1,1015
GATGCCCTTGGGAG.1,1016
GATTACCTAATGCC.1,1256
GATTACCTCGACAT.1,101
GATTACCTCTCCCA.1,1016
GATTACCTGCGTAT.1,1256
GATTACCTGCTACA.1,1039
GATTACCTGGCAAG.1,1256
GATTACCTGGTGTT.1,1015
GATTACCTTATTCC.1,107
GATTCGGAATAAGG.1,101
GATTCGGAATCTCT.1,1015
GATTCGGAATGGTC.1,1015
GATTCGGACGCCTT.1,1244
GATTCGGAGAACTC.1,1256
GATTCGGAGAATAG.1,1015
GATTCGGAGGCATT.1,1256
GATTCGGAGTATCG.1,1256
GATTCTACAAGAGT.1,1016
GATTCTACCCCACT.1,1488
GATTCTACCGGGAA.1,1256
GATTCTACGCAGAG.1,1016
GATTCTACGGTCTA.1,
GATTCTTGAACCAC.1,1015
GATTCTTGTCAGAC.1,1256
GATTCTTGTGCAAC.1,1015
GATTCTTGTGGTTG.1,1016
GATTGGACAGACTC.1,1015
GATTGGACATCACG.1,1015
GATTGGACCATGCA.1,1256
GATTGGACCGTACA.1,1016
GATTGGACCTCCAC.1,1256
GATTGGACGGAGGT.1,1488
GATTGGACTGGTTG.1,1015
GATTGGTGCTGATG.1,1015
GATTGGTGTAACCG.1,1256
GATTGGTGTTCCGC.1,1244
GATTTAGAGCTATG.1,107
GATTTAGAGTACAC.1,1244
GATTTAGAGTACGT.1,1256
GATTTAGAGTGAGG.1,1039
GATTTAGATGCGTA.1,
GATTTGCTAGTCTG.1,1039
GATTTGCTCTAGCA.1,1015
GATTTGCTGAGACG.1,101
GATTTGCTGCGTTA.1,1016
GCAAACTGAGATCC.1,1016
GCAAACTGCGGGAA.1,1256
GCAAACTGCGTAAC.1,1016
GCAACCCTCAGAGG.1,1256
GCAACCCTCCAATG.1,1244
GCAACCCTGAGGGT.1,1015
GCAACCCTGGCAAG.1,1256
GCAACCCTTACTGG.1,1244
GCAACCCTTGGAAA.1,1244
GCAACCCTTGTCGA.1,1015
GCAACTGAAGAGGC.1,1244
GCAACTGACCGAAT.1,101
GCAACTGACTCGCT.1,1016
GCAACTGATCAGGT.1,
GCAACTGATTCAGG.1,1015
GCAAGACTGGTAGG.1,1244
GCAAGACTGTTCTT.1,1488
GCAATCGAGGAAGC.1,1015
GCAATCGAGGAGCA.1,1256
GCAATCGAGGTAGG.1,1256
GCAATCGATCTCCG.1,1016
GCAATTCTAAAGTG.1,1015
GCAATTCTCTCGCT.1,1256
GCAATTCTTGAGAA.1,107
GCAATTCTTGGAAA.1,1244
GCACAAACACAGTC.1,1244
GCACAATGACTACG.1,1256
GCACAATGCTACGA.1,1488
GCACAATGCTTGCC.1,101
GCACAATGGCTAAC.1,1488
GCACAATGTCCCGT.1,1016
GCACACCTACGTAC.1,1488
GCACACCTCTGAGT.1,1488
GCACACCTCTGTCC.1,101
GCACACCTGGGATG.1,1039
GCACCACTAGGTTC.1,1015
GCACCACTCGTCTC.1,1015
GCACCACTGCGGAA.1,101
GCACCACTTAAGCC.1,101
GCACCTACAACGGG.1,1488
GCACCTACACTCTT.1,1244
GCACCTACGCTCCT.1,1256
GCACCTACGTAGGG.1,1039
GCACGGACACGCAT.1,1244
GCACGGACCCAATG.1,1015
GCACGGACCCGCTT.1,1256
GCACGGACCCTTAT.1,1039
GCACGGACCGATAC.1,1256
GCACGGACTGTTCT.1,107
GCACGGTGCTTGCC.1,1016
GCACGGTGCTTGTT.1,107
GCACGGTGTCTACT.1,101
GCACGGTGTGCCCT.1,1015
GCACGGTGTGTTTC.1,107
GCACGTCTAACCGT.1,1244
GCACGTCTCCTCAC.1,1015
GCACGTCTGAGGGT.1,1488
GCACGTCTGGTGGA.1,101
GCACGTCTGGTGTT.1,1244
GCACGTCTTTACTC.1,1256
GCACGTCTTTCACT.1,1015
GCACTAGAAGGTTC.1,1256
GCACTAGACAGAGG.1,101
GCACTAGAGGAGTG.1,1039
GCACTAGATACTTC.1,1016
GCACTGCTGCAGAG.1,1256
GCACTGCTTCTCGC.1,
GCACTGCTTTCCCG.1,1039
GCAGATACCGATAC.1,107
GCAGATACCTTGCC.1,1244
GCAGATACGACTAC.1,1039
GCAGATACGGCGAA.1,1015
GCAGATACTTGACG.1,1015
GCAGATACTTTGTC.1,1244
GCAGCCGAAGAGAT.1,1488
GCAGCGTGAAGTGA.1,1016
GCAGCGTGTAAGCC.1,1256
GCAGCGTGTAGCGT.1,1256
GCAGCGTGTGACAC.1,1039
GCAGCTCTATTCGG.1,1488
GCAGCTCTGTTGTG.1,1488
GCAGCTCTTACTTC.1,1015
GCAGGCACGGCATT.1,1244
GCAGGCACTTACCT.1,1016
GCAGGGCTAGATGA.1,1488
GCAGGGCTGAACCT.1,1256
GCAGGGCTGGCGAA.1,1488
GCAGGGCTGTACAC.1,1015
GCAGGGCTTCGCCT.1,101
GCAGTCCTAGTTCG.1,1015
GCAGTCCTATAAGG.1,1244
GCAGTCCTCGGAGA.1,1488
GCAGTCCTGAGCTT.1,1488
GCAGTCCTTCGTAG.1,107
GCAGTTGAAACCTG.1,1488
GCAGTTGACCGTAA.1,1488
GCAGTTGACGAATC.1,1015
GCAGTTGACGCAAT.1,1015
GCAGTTGACTACGA.1,107
GCAGTTGACTGAGT.1,1244
GCAGTTGAGGTGGA.1,1039
GCAGTTGAGTTGTG.1,1488
GCAGTTGATCCGAA.1,107
GCATCAGAAACCGT.1,1015
GCATCAGACATTCT.1,1256
GCATCAGAGGTTTG.1,1256
GCATCAGATGCTCC.1,1244
GCATGATGAACTGC.1,1039
GCATGATGGCCCTT.1,1244
GCATGTGACATGAC.1,101
GCATGTGACCGAAT.1,1016
GCATGTGAGCCAAT.1,1244
GCATTGGACTCAAG.1,1244
GCATTGGAGTTGGT.1,101
GCATTGGATAACCG.1,1244
GCATTGGATCCGAA.1,1015
GCATTGGATTCATC.1,1039
GCCAAAACGGGCAA.1,107
GCCAAATGATCGTG.1,
GCCAAATGCGTACA.1,1244
GCCAAATGGTTGAC.1,1244
GCCAACCTAACGAA.1,1244
GCCAACCTCTTCGC.1,1016
GCCAACCTGTTCTT.1,1015
GCCAACCTTCCTTA.1,1039
GCCAACCTTGCTTT.1,
GCCACGGAACGTTG.1,1015
GCCACGGAAGCGTT.1,1256
GCCACGGACATGGT.1,1488
GCCACGGACGAATC.1,
GCCACGGACGATAC.1,1015
GCCACGGACTGTCC.1,1039
GCCACGGAGGATCT.1,1488
GCCACTACAGCCAT.1,1256
GCCACTACCCATAG.1,1015
GCCACTACGCGAGA.1,1256
GCCACTACTTACCT.1,1256
GCCACTACTTTACC.1,101
GCCATCACAGGAGC.1,1244
GCCATCACTATGGC.1,1016
GCCATGCTCTCCCA.1,1015
GCCCAACTACTGGT.1,1015
GCCCAACTTGCTTT.1,1016
GCCCAGGAAGTCTG.1,1256
GCCCAGGACTAGTG.1,1244
GCCCAGGAGAAGGC.1,107
GCCCAGGAGGATCT.1,1256
GCCCAGGATGAGCT.1,1015
GCCCATACACTTTC.1,1488
GCCCATACTGATGC.1,107
GCCGACGACCACCT.1,1016
GCCGACGATAACCG.1,1244
GCCGACGATACTCT.1,1244
GCCGACGATGGTCA.1,101
GCCGACGATTCCAT.1,1015
GCCGAGTGACAGTC.1,1256
GCCGAGTGCTGAGT.1,101
GCCGAGTGGCTCCT.1,1015
GCCGAGTGGTTCTT.1,101
GCCGAGTGGTTTGG.1,1256
GCCGAGTGTGCCCT.1,1244
GCCGGAACAATGCC.1,1015
GCCGGAACACCAGT.1,1016
GCCGGAACCTACTT.1,1016
GCCGGAACGTCTTT.1,1256
GCCGGAACTTCGTT.1,1015
GCCGTACTAACCTG.1,1015
GCCGTACTCAGTTG.1,1256
GCCGTACTCCACCT.1,1015
GCCGTACTCCGATA.1,1488
GCCGTACTTGTGGT.1,1244
GCCTACACATAAGG.1,1256
GCCTACACCCCGTT.1,1244
GCCTACACGAATGA.1,1256
GCCTACACTGTCTT.1,1015
GCCTAGCTACCAGT.1,1015
GCCTAGCTCCACCT.1,101
GCCTAGCTCCATAG.1,1256
GCCTAGCTGCATCA.1,1488
GCCTAGCTGTCGTA.1,1488
GCCTAGCTTGCCTC.1,1015
GCCTCAACCCCTCA.1,1016
GCCTCAACCCTCCA.1,1015
GCCTCAACGGGATG.1,1015
GCCTCAACTCTAGG.1,101
GCCTCATGAAGAGT.1,1015
GCCTCATGCCTGTC.1,1244
GCCTCATGCGGGAA.1,1256
GCCTCATGGTCCTC.1,1256
GCCTCATGTAAGGA.1,1244
GCCTCATGTGCGTA.1,1256
GCCTGACTCCTTCG.1,1016
GCCTGACTCGTGTA.1,1256
GCCTGACTTAAGCC.1,1488
GCCTGACTTAGTCG.1,1015
GCGAAGGACTAGTG.1,1244
GCGAAGGACTGAAC.1,1256
GCGAAGGAGAGGGT.1,1016
GCGAAGGAGGTAAA.1,1016
GCGAAGGAGGTTAC.1,1256
GCGAAGGATCTCCG.1,1244
GCGACTCTAGAGGC.1,1256
GCGACTCTAGTGTC.1,1244
GCGACTCTTCGACA.1,1256
GCGAGAGAAGTCAC.1,101
GCGAGAGAAGTGCT.1,1488
GCGAGAGAGAACTC.1,1244
GCGAGAGATGCTGA.1,1016
GCGAGCACAGTCAC.1,1015
GCGAGCACGGTAGG.1,101
GCGCACGAGGTGAG.1,1015
GCGCACGATTCACT.1,1256
GCGCATCTACACGT.1,1015
GCGCATCTACGGTT.1,1016
GCGCATCTCCCTTG.1,1256
GCGCATCTCGTACA.1,1015
GCGCATCTGCTGTA.1,1244
GCGCGAACAACAGA.1,1256
GCGCGAACTGTCAG.1,107
GCGCGAACTTCGGA.1,101
GCGCGATGCAGAAA.1,1488
GCGCGATGTAAGGA.1,1015
GCGCGATGTAGAAG.1,1244
GCGGACTGATACCG.1,1244
GCGGACTGCCAACA.1,101
GCGGACTGGAAGGC.1,1244
GCGGACTGGTCACA.1,101
GCGGAGCTCTCCCA.1,101
GCGGAGCTGGCATT.1,1244
GCGGAGCTTATGGC.1,1244
GCGGAGCTTTACTC.1,1256
GCGGAGCTTTTCTG.1,
GCGGCAACCGACTA.1,1256
GCGGGACTGGACAG.1,1256
GCGGGACTGTCCTC.1,1256
GCGGGACTGTGTCA.1,1015
GCGGGACTTCCTGC.1,1244
GCGTAAACATTTCC.1,1256
GCGTAAACCAAAGA.1,1016
GCGTAAACCACAAC.1,1256
GCGTAAACTCTTTG.1,107
GCGTAATGCACTAG.1,101
GCGTAATGCGTTGA.1,101
GCGTAATGTATCTC.1,1244
GCGTAATGTGGCAT.1,1016
GCGTACCTCGGGAA.1,1488
GCGTACCTTATCGG.1,1488
GCGTACCTTGCAAC.1,107
GCGTACCTTGCATG.1,1256
GCGTATGACGAACT.1,1256
GCGTATGATCCGAA.1,1244
GCGTATGATGAGAA.1,1256
GCGTATGATTGGCA.1,1039
GCTACAGAGTCGAT.1,101
GCTACAGATTCAGG.1,1244
GCTACAGATTCGTT.1,1488
GCTACCTGTCCTCG.1,1256
GCTACGCTTGGTAC.1,1244
GCTAGAACACGACT.1,1256
GCTAGAACCAATCG.1,1039
GCTAGAACGAACTC.1,107
GCTAGAACTCGACA.1,1015
GCTAGAACTCGCAA.1,1256
GCTAGATGCGCAAT.1,1256
GCTAGATGCTTCGC.1,107
GCTAGATGGCCATA.1,1015
GCTAGATGTGAGCT.1,1015
GCTAGATGTGGTGT.1,107
GCTAGATGTGGTTG.1,1256
GCTATACTAAAGTG.1,1244
GCTATACTATCGTG.1,1016
GCTATACTCATTCT.1,101
GCTATACTGCCATA.1,1015
GCTATACTGGAGCA.1,1256
GCTATACTGGCATT.1,1488
GCTATACTTTGACG.1,1015
GCTATACTTTGCGA.1,1488
GCTCAAGAGGACAG.1,1016
GCTCAAGAGTGAGG.1,1015
GCTCAAGAGTGTCA.1,1488
GCTCAAGATATCGG.1,1016
GCTCACTGCAAAGA.1,1256
GCTCACTGCCTTAT.1,1016
GCTCACTGGGGAGT.1,1256
GCTCAGCTAAACAG.1,1015
GCTCAGCTATTCGG.1,1256
GCTCAGCTGAGGCA.1,1016
GCTCAGCTGGCATT.1,1256
GCTCAGCTGTTACG.1,1015
GCTCAGCTTGTCAG.1,1015
GCTCAGCTTTCGTT.1,1015
GCTCAGCTTTCTTG.1,
GCTCCATGACGTAC.1,1015
GCTCCATGCCTCGT.1,1256
GCTCCATGTCTACT.1,1488
GCTCCATGTTGCGA.1,107
GCTCGACTACACCA.1,1244
GCTGATGAAGTACC.1,1256
GCTGATGAATCTCT.1,1244
GCTGATGACTCAAG.1,1256
GCTGATGATAGACC.1,1244
GCTTAACTACCTAG.1,1256
GCTTAACTCCTTGC.1,1244
GCTTAACTGGAAAT.1,1488
GCTTAACTTCAGTG.1,1015
GCTTGAGAGTACCA.1,1256
GCTTGAGAGTTAGC.1,101
GCTTGAGATAGTCG.1,1016
GCTTGAGATCTCGC.1,1488
GGAACACTACCAGT.1,1015
GGAACACTAGGCGA.1,1015
GGAACACTCCGTAA.1,1256
GGAACACTCTTACT.1,107
GGAACACTGAACCT.1,1244
GGAACACTTCTCAT.1,1016
GGAACTACACCATG.1,101
GGAACTTGCCCAAA.1,101
GGAACTTGCGTGTA.1,1015
GGAACTTGCTCCCA.1,1488
GGAACTTGGGTCAT.1,1256
GGAACTTGTTCATC.1,1488
GGAAGGTGGACGGA.1,101
GGAAGGTGTCGACA.1,1016
GGAAGGTGTGCACA.1,1256
GGAATCTGAGTGTC.1,1016
GGAATGCTACCTGA.1,1015
GGAATGCTCGATAC.1,1015
GGAATGCTCGGTAT.1,1039
GGAATGCTGACAGG.1,1016
GGAATGCTGCAGTT.1,1256
GGAATGCTGGCATT.1,1016
GGACAACTAGAGTA.1,1256
GGACAACTAGTGCT.1,1488
GGACAACTCCGCTT.1,1015
GGACAACTTTCTCA.1,1256
GGACAGGACCCAAA.1,1244
GGACAGGACTAGTG.1,1488
GGACAGGACTGCAA.1,101
GGACAGGATCTTTG.1,1488
GGACATTGATGCTG.1,1256
GGACATTGTATTCC.1,1488
GGACCCGACCGTTC.1,1016
GGACCCGAGCTTCC.1,1488
GGACCCGAGTCAAC.1,1256
GGACCCGATCCTAT.1,1488
GGACCCGATGGAAA.1,1244
GGACCGTGAAAGTG.1,1015
GGACCGTGACTTTC.1,1016
GGACCGTGCAAAGA.1,1256
GGACCGTGCATTTC.1,1256
GGACCGTGCCAATG.1,1488
GGACCGTGGACGGA.1,1015
GGACCGTGGCCTTC.1,1488
GGACCTCTCACCAA.1,107
GGACCTCTGTTGTG.1,101
GGACCTCTTCAGAC.1,1244
GGACCTCTTCGTTT.1,1488
GGACCTCTTTGACG.1,1256
GGACGAGAAAGGGC.1,1256
GGACGAGACTTGCC.1,
GGACGAGAGAGCAG.1,1039
GGACGAGAGCATAC.1,1016
GGACGCACAAGATG.1,1256
GGACGCACACGTGT.1,1015
GGACGCACACTACG.1,1015
GGACGCACCATGAC.1,1256
GGACGCACTAACCG.1,1244
GGACGCTGAGTACC.1,107
GGACGCTGGGTATC.1,1015
GGACTATGAAGGTA.1,1244
GGACTATGCTCTAT.1,1015
GGACTATGGGAGGT.1,
GGACTATGTACAGC.1,1039
GGAGACGAGTCAAC.1,101
GGAGAGACCGCAAT.1,1015
GGAGAGACGTGTTG.1,1015
GGAGAGACGTTGGT.1,1488
GGAGAGACTCGTGA.1,1244
GGAGAGACTGATGC.1,1244
GGAGCAGACCATGA.1,1015
GGAGCAGAGGGTGA.1,1256
GGAGCAGAGTAAAG.1,1015
GGAGCAGATAGCCA.1,1015
GGAGCAGATGTAGC.1,1488
GGAGCCACAAGGTA.1,1256
GGAGCCACAGAGAT.1,1256
GGAGCCACCTATGG.1,1015
GGAGCCACGAACCT.1,1256
GGAGCCACGTCGTA.1,1256
GGAGCCACTTTGCT.1,1016
GGAGCGCTAAGAAC.1,101
GGAGCGCTACACTG.1,1039
GGAGCGCTCCACCT.1,1015
GGAGCGCTGTCGAT.1,1015
GGAGCGCTTCTCGC.1,1016
GGAGGATGGATAGA.1,1015
GGAGGCCTCACTCC.1,107
GGAGGCCTCATGCA.1,1256
GGAGGCCTCCGATA.1,1488
GGAGGCCTGGAGGT.1,1015
GGAGGCCTTGAGCT.1,1244
GGAGGTGACACACA.1,1244
GGAGGTGAGGCGAA.1,1016
GGAGGTGATTGACG.1,1015
GGAGTTACACCAAC.1,1244
GGAGTTACTCCCGT.1,1015
GGAGTTACTTTGTC.1,1244
GGAGTTTGAACCTG.1,1256
GGAGTTTGAAGATG.1,1256
GGAGTTTGTGTCCC.1,1016
GGATACTGCTTAGG.1,101
GGATACTGGAGCTT.1,1244
GGATACTGGGACAG.1,1488
GGATACTGTGTGAC.1,1256
GGATAGCTCAGTCA.1,1015
GGATAGCTCTTGGA.1,1015
GGATAGCTGTATCG.1,
GGATAGCTTCCTGC.1,1015
GGATAGCTTGAGGG.1,1244
GGATGTACCCCTCA.1,1244
GGATGTACCTGTAG.1,1016
GGATGTACGATAAG.1,1244
GGATGTACGTTTGG.1,1256
GGATGTACTGATGC.1,1016
GGATGTTGACTGGT.1,1488
GGATGTTGAGTCTG.1,1244
GGATGTTGCGGAGA.1,1488
GGATGTTGGGAAGC.1,107
GGATGTTGGGGATG.1,1244
GGATTGTGAACGTC.1,1488
GGATTGTGACGGGA.1,1244
GGATTGTGGCTTCC.1,101
GGATTGTGGTGCAT.1,1256
GGATTGTGTGCTCC.1,1015
GGATTTCTCCCGTT.1,1016
GGATTTCTCTCTTA.1,1016
GGATTTCTGGGTGA.1,101
GGATTTCTGGTTCA.1,1244
GGATTTCTTGGAGG.1,1244
GGATTTCTTTTCTG.1,1244
GGCAAGGAACACTG.1,1015
GGCAATACACCTAG.1,1244
GGCAATACGGGAGT.1,1015
GGCAATACTTCGTT.1,1256
GGCACGTGCACTAG.1,1016
GGCACGTGCCGATA.1,1244
GGCACGTGGGTAAA.1,1016
GGCACTCTAGCTAC.1,1244
GGCACTCTCACTGA.1,1256
GGCACTCTCTGGAT.1,1039
GGCACTCTGCAGTT.1,1015
GGCACTCTTTCACT.1,1488
GGCATATGGGGACA.1,1488
GGCCACGAACGGGA.1,1244
GGCCACGAATGTGC.1,1015
GGCCACGACACTCC.1,1244
GGCCACGAGAGGGT.1,1039
GGCCACGATAACGC.1,1488
GGCCAGACAAGTGA.1,1244
GGCCAGACATCTTC.1,1015
GGCCAGACCGAGAG.1,1015
GGCCAGACCGAGTT.1,1015
GGCCAGACGCTGAT.1,1016
GGCCAGACGTTAGC.1,1016
GGCCAGACGTTTGG.1,1015
GGCCAGACTCTAGG.1,1039
GGCCCAGATCGCTC.1,1015
GGCCCAGATGCTTT.1,1256
GGCCGAACCAGAGG.1,1039
GGCCGAACCTGACA.1,1015
GGCCGAACGCTGAT.1,1488
GGCCGAACGTACGT.1,1015
GGCCGATGCCACAA.1,1016
GGCCGATGCCGTTC.1,1256
GGCCGATGTCGACA.1,1244
GGCGACACCACTTT.1,1015
GGCGACACCTTAGG.1,1016
GGCGACACGGTAGG.1,1256
GGCGACACTGATGC.1,1015
GGCGACACTTTGGG.1,1256
GGCGACTGAACCTG.1,1016
GGCGACTGAACTGC.1,1244
GGCGACTGCTATGG.1,1016
GGCGACTGTGCATG.1,1244
GGCGCATGACTCAG.1,1039
GGCGCATGACTTTC.1,1015
GGCGCATGCCTTGC.1,1016
GGCGCATGCGTTAG.1,1015
GGCGCATGCTTATC.1,107
GGCGCATGGAGGGT.1,1256
GGCGCATGGCAAGG.1,1244
GGCGGACTCATGGT.1,1244
GGCGGACTGAACCT.1,101
GGCGGACTTGAGCT.1,1015
GGCGGACTTTCATC.1,1015
GGCTAAACACACGT.1,1016
GGCTAAACCACTAG.1,1015
GGCTAAACGGTTTG.1,1244
GGCTAAACGTATGC.1,1244
GGCTAAACTTCTGT.1,1244
GGCTAATGATTTCC.1,1256
GGCTAATGCTGATG.1,1015
GGCTAATGGAACTC.1,1244
GGCTAATGGCTACA.1,1256
GGCTAATGTAGACC.1,107
GGCTAATGTCTCAT.1,1256
GGCTAATGTTTGGG.1,1256
GGCTACCTAGCTCA.1,1256
GGCTACCTAGGCGA.1,1016
GGCTACCTATCGAC.1,1256
GGCTACCTATGTCG.1,1488
GGCTACCTCTCGAA.1,
GGCTACCTGGACGA.1,1016
GGCTACCTTCGCCT.1,101
GGCTACCTTGCTCC.1,107
GGCTACCTTTCCGC.1,1015
GGCTCACTCAGATC.1,1015
GGCTCACTCTGGTA.1,1015
GGCTCACTGTGTTG.1,1256
GGCTCACTTCCCGT.1,1244
GGGAACGAACAGCT.1,1244
GGGAACGAAGGGTG.1,1015
GGGAACGAGAGGTG.1,1015
GGGAACGAGGTGGA.1,1488
GGGAACGATGCTGA.1,1488
GGGAACGATTATCC.1,107
GGGAAGACAGTTCG.1,1256
GGGAAGACGCTACA.1,101
GGGAAGACTCCCGT.1,1244
GGGAAGACTCTTTG.1,1256
GGGAAGTGCAGAAA.1,1039
GGGAAGTGCTTCTA.1,1015
GGGACCACACCCTC.1,1016
GGGACCACAGGAGC.1,1256
GGGACCACCAAGCT.1,1015
GGGACCACGAGACG.1,1256
GGGACCACTCAAGC.1,1256
GGGACCTGGAGACG.1,1016
GGGACCTGTTGTGG.1,1488
GGGATGGAACTGTG.1,107
GGGATGGAAGGAGC.1,1016
GGGATGGAATGGTC.1,107
GGGATGGACAAGCT.1,1015
GGGATGGATAAAGG.1,1244
GGGATGGATCTATC.1,1244
GGGATGGATGCCCT.1,
GGGATGGATGTAGC.1,107
GGGATTACCACTTT.1,1256
GGGATTACCTCCCA.1,1016
GGGATTACGGTTAC.1,107
GGGATTACTTGTGG.1,1015
GGGCAAGAGCTGAT.1,1016
GGGCAAGAGCTGTA.1,1015
GGGCACACACTTTC.1,1244
GGGCACACATGTCG.1,1015
GGGCACACCAGAGG.1,1488
GGGCACACCGTAGT.1,1015
GGGCACACGTTCGA.1,1244
GGGCACACTGGAAA.1,1488
GGGCAGCTCACTAG.1,1244
GGGCAGCTCATGAC.1,1256
GGGCAGCTGGGATG.1,1244
GGGCAGCTGTCGTA.1,1488
GGGCAGCTTGTCGA.1,1256
GGGCCAACCTTGCC.1,1015
GGGCCAACGCAAGG.1,1488
GGGCCAACGGTCTA.1,1016
GGGCCAACTCTTTG.1,1039
GGGCCAACTTCCGC.1,1256
GGGCCAACTTCTGT.1,1015
GGGCCATGAAGGGC.1,1016
GGGCCATGCCGAAT.1,1039
GGGCCATGCCTTGC.1,1016
GGGCCATGCGCAAT.1,107
GGGCCATGCTACTT.1,1015
GGGCCATGGGTATC.1,1488
GGGCCATGTTCTCA.1,1016
GGGTAACTACACCA.1,1015
GGGTAACTATCACG.1,1244
GGGTAACTATGTCG.1,1488
GGGTAACTCCTACC.1,1015
GGGTAACTCGTCTC.1,1244
GGGTAACTGTTTCT.1,1244
GGGTTAACACCTCC.1,1244
GGGTTAACAGAAGT.1,1244
GGGTTAACGGGAGT.1,1015
GGGTTAACTTCTGT.1,1015
GGGTTATGGCCTTC.1,1256
GGGTTATGGGAAGC.1,107
GGGTTATGTCTCTA.1,107
GGTAAAGACACTTT.1,1256
GGTAAAGAGTCATG.1,1015
GGTACAACAGACTC.1,1015
GGTACAACGGAACG.1,1256
GGTACAACTCACCC.1,1015
GGTACAACTCTAGG.1,1015
GGTACATGCCTCGT.1,
GGTACATGCTATGG.1,1039
GGTACTGAACGCAT.1,101
GGTACTGAACGGGA.1,1256
GGTACTGAATGACC.1,1015
GGTACTGACGCAAT.1,1256
GGTACTGAGGTGTT.1,107
GGTACTGATCCCAC.1,1244
GGTACTGATCGACA.1,1244
GGTAGTACAACCTG.1,1256
GGTAGTACCGTAAC.1,1016
GGTATCGAAGCAAA.1,1256
GGTATCGACACTTT.1,1256
GGTATCGAGAGGTG.1,1015
GGTATCGAGGTCTA.1,1256
GGTATGACAGATGA.1,107
GGTATGACTGACTG.1,1256
GGTCAAACGGGATG.1,1015
GGTCAAACTCCAGA.1,1256
GGTCTAGACAAGCT.1,107
GGTCTAGACCCAAA.1,1244
GGTCTAGAGCTAAC.1,1488
GGTCTAGAGTCCTC.1,1256
GGTCTAGATGTAGC.1,1039
GGTGATACAGAGTA.1,1015
GGTGATACCAATCG.1,1015
GGTGATACCTTGCC.1,101
GGTGATACGAGCTT.1,107
GGTGATACGAGGCA.1,1039
GGTGGAGAGAGGCA.1,107
GGTGGAGAGGAACG.1,
GGTGGAGAGTTGGT.1,1256
GGTTGAACAAGGGC.1,1015
GGTTGAACCATGCA.1,1016
GGTTGAACTAGCCA.1,1256
GGTTGAACTCTTAC.1,1244
GGTTGAACTGACTG.1,1256
GGTTGAACTGCTGA.1,1244
GGTTGAACTGGTCA.1,107
GGTTGAACTGTGCA.1,1244
GGTTTACTAAGCCT.1,1244
GGTTTACTCTCCAC.1,1256
GGTTTACTCTCGCT.1,101
GGTTTACTGAACCT.1,1256
GGTTTACTGACTAC.1,1244
GGTTTACTGATGAA.1,1015
GTAACGTGAACCAC.1,1488
GTAACGTGCTTCTA.1,1244
GTAACGTGGGTAAA.1,1256
GTAACGTGGTCGTA.1,1016
GTAACGTGTCTAGG.1,1016
GTAAGCACAGAACA.1,107
GTAAGCACCTAGTG.1,1016
GTAAGCACTGTTTC.1,1015
GTAAGCTGAGTTCG.1,1244
GTAAGCTGTCAGAC.1,1488
GTAATAACCCTCCA.1,1015
GTAATAACGAGACG.1,1244
GTAATAACTATGGC.1,107
GTAATAACTGGTTG.1,1256
GTAATATGAAAACG.1,107
GTAATATGAAGAAC.1,1015
GTAATATGTCCTTA.1,1256
GTAATATGTTTGGG.1,1015
GTACAGTGACCCAA.1,101
GTACAGTGGAACTC.1,1244
GTACAGTGGCCAAT.1,1016
GTACAGTGGCTTAG.1,1244
GTACCCTGGAGCAG.1,1016
GTACCCTGGGTTCA.1,1256
GTACCCTGGTAAGA.1,1016
GTACCCTGTCGCTC.1,1015
GTACCCTGTGACCA.1,107
GTACCCTGTTCGTT.1,1016
GTACGAACACCTAG.1,101
GTACGAACCAAGCT.1,1015
GTACGAACTCAGAC.1,1256
GTACGTGACAATCG.1,1015
GTACGTGACTAGCA.1,1244
GTACGTGAGCATAC.1,1039
GTACGTGAGTTGTG.1,1016
GTACTACTAAACAG.1,1015
GTACTACTCATACG.1,1256
GTACTACTCCTCCA.1,1016
GTACTACTTAAAGG.1,1488
GTACTTTGAAGGTA.1,1244
GTACTTTGCCACCT.1,1256
GTACTTTGCCGTAA.1,1256
GTACTTTGTCTAGG.1,1256
GTACTTTGTGCGTA.1,107
GTACTTTGTGCTGA.1,1488
GTAGACTGCCAACA.1,1488
GTAGACTGCTACCC.1,101
GTAGACTGTTATCC.1,101
GTAGCAACACACCA.1,1015
GTAGCAACACCTTT.1,1015
GTAGCAACAGTGCT.1,1039
GTAGCAACGAATAG.1,1015
GTAGCAACGTTTCT.1,1039
GTAGCAACTCCTAT.1,107
GTAGCAACTCTCAT.1,1244
GTAGCATGATCTTC.1,1488
GTAGCATGGGACAG.1,1016
GTAGCATGTCGACA.1,1244
GTAGCCCTATCTCT.1,101
GTAGCCCTTACGCA.1,1256
GTAGCTGAGCGTTA.1,1016
GTAGCTGAGGCGAA.1,1256
GTAGCTGATATTCC.1,1015
GTAGGTACAACGTC.1,101
GTAGGTACAATCGC.1,1015
GTAGGTACAGTGCT.1,1244
GTAGGTACCCAATG.1,1256
GTAGGTACCCCGTT.1,1015
GTAGGTACCCCTCA.1,1256
GTAGGTACCTCATT.1,1244
GTAGGTACGTCACA.1,101
GTAGGTACGTCGAT.1,107
GTAGGTACTCAGAC.1,1244
GTAGGTACTTCCCG.1,1015
GTAGTCGAAGTGCT.1,1244
GTAGTCGAGCTGAT.1,1016
GTAGTCGATCAGAC.1,1039
GTAGTGACGCCATA.1,1015
GTAGTGACGTATCG.1,101
GTAGTGACTGACCA.1,1256
GTAGTGTGATCAGC.1,1244
GTAGTGTGGGTCAT.1,1256
GTAGTGTGGTTTCT.1,1488
GTAGTGTGGTTTGG.1,101
GTAGTGTGTCCAGA.1,1015
GTAGTGTGTGCCTC.1,1488
GTAGTGTGTTATCC.1,1015
GTAGTGTGTTCGTT.1,1016
GTATCACTACCTTT.1,1256
GTATCACTAGTAGA.1,1488
GTATCACTATCTTC.1,1015
GTATCACTCCAACA.1,1016
GTATCTACCCTGTC.1,1015
GTATCTACCGAGTT.1,1488
GTATGGTGACACAC.1,101
GTATGGTGAGAGTA.1,101
GTATGGTGCACTTT.1,1488
GTATGGTGGTGAGG.1,1488
GTATGGTGTTTCAC.1,1256
GTATGGTGTTTCGT.1,1016
GTATGGTGTTTGGG.1,1016
GTATTAGACAACCA.1,1488
GTATTAGACGCATA.1,1244
GTATTAGAGCATAC.1,1256
GTATTAGAGCGGAA.1,1256
GTATTCACAATGCC.1,1015
GTATTCACGACGTT.1,1016
GTATTCACGCTCCT.1,1244
GTATTCACGGAGGT.1,1256
GTATTCACTCACCC.1,101
GTCAACGAGAGGGT.1,1244
GTCAACGAGATAAG.1,1039
GTCAACGAGCAGAG.1,101
GTCAATCTCACTCC.1,1488
GTCAATCTCCTCGT.1,101
GTCACAGACGGAGA.1,1244
GTCACAGAGTATGC.1,1488
GTCACCTGAAAAGC.1,1256
GTCACCTGAACGAA.1,1015
GTCACCTGTGCTAG.1,1244
GTCATACTGGTTAC.1,1244
GTCATACTGTATGC.1,1256
GTCATACTTAGAAG.1,1256
GTCATACTTAGACC.1,
GTCATACTTCCTAT.1,1015
GTCCAAGATGAACC.1,1488
GTCCAAGATGGCAT.1,1256
GTCCACACAAGGCG.1,1015
GTCCACACCGACTA.1,1015
GTCCACACTACGAC.1,1016
GTCCACACTCAGAC.1,1016
GTCCACACTCCTGC.1,1244
GTCCACTGCAGCTA.1,1016
GTCCACTGCAGTCA.1,1039
GTCCACTGCTTGAG.1,1488
GTCCACTGTGCTAG.1,101
GTCCACTGTTCACT.1,1244
GTCCACTGTTCGGA.1,1016
GTCCAGCTAAGCCT.1,1244
GTCCAGCTCTGTGA.1,1488
GTCCAGCTGAATAG.1,1256
GTCCAGCTGTGTTG.1,1244
GTCCAGCTTGCCCT.1,101
GTCCAGCTTGTTTC.1,1016
GTCCAGCTTTACTC.1,1256
GTCCCATGAGTACC.1,1256
GTCCCATGCAATCG.1,1015
GTCCCATGCCGATA.1,101
GTCCCATGCTTGTT.1,
GTCGAATGACACTG.1,1256
GTCGAATGACGCAT.1,1488
GTCGAATGATGCCA.1,1244
GTCGAATGCTCTAT.1,1015
GTCGAATGCTTCCG.1,1244
GTCGAATGGGTCAT.1,1256
GTCGACCTATTTCC.1,1488
GTCGACCTCGCTAA.1,1488
GTCGACCTGAAAGT.1,1015
GTCGACCTGCATCA.1,1015
GTCGACCTTCTCGC.1,
GTCGCACTAGCGGA.1,107
GTCGCACTGCCTTC.1,1015
GTCGCACTTCGTTT.1,1256
GTCTAACTAGAATG.1,1488
GTCTAACTAGGTTC.1,1256
GTCTAACTCTACGA.1,1256
GTCTAACTGACGAG.1,1015
GTCTAACTTCAGGT.1,1015
GTCTAACTTGCAGT.1,1015
GTCTAGGACAACTG.1,1244
GTCTAGGAGCAGAG.1,107
GTCTAGGATTGAGC.1,101
GTCTGAGACACCAA.1,1015
GTCTGAGACCTTCG.1,1256
GTCTGAGAGACACT.1,1015
GTCTGAGATGGGAG.1,1488
GTCTGAGATGGTGT.1,1256
GTGAACACACCACA.1,1016
GTGAACACACGTTG.1,1015
GTGAACACGCCTTC.1,1015
GTGAACACTACTTC.1,1244
GTGACAACCACCAA.1,1015
GTGACAACGGCAAG.1,1256
GTGACAACTAGTCG.1,1016
GTGACAACTTCATC.1,1256
GTGACCCTACCTAG.1,101
GTGACCCTACTGTG.1,1256
GTGACCCTAGAATG.1,1244
GTGACCCTATCACG.1,107
GTGACCCTCGTTGA.1,1015
GTGACCCTGTTCGA.1,1256
GTGACCCTTAAGCC.1,
GTGACCCTTCCAGA.1,1016
GTGAGGGAAGGGTG.1,1016
GTGAGGGACTAGTG.1,1244
GTGAGGGAGGAAGC.1,101
GTGAGGGAGGGATG.1,1244
GTGAGGGATTGGTG.1,
GTGATCGATGCTCC.1,1015
GTGATGACCCATGA.1,1244
GTGATGACTTCAGG.1,1244
GTGATTCTAAAGTG.1,1039
GTGATTCTCGCCTT.1,1256
GTGATTCTGTACGT.1,
GTGATTCTTAGAAG.1,101
GTGCAAACAAGTAG.1,1244
GTGCAAACCAGATC.1,1015
GTGCAAACTGAGGG.1,1015
GTGCCACTTGCCCT.1,1016
GTGCTAGAAACGAA.1,1256
GTGCTAGAGTATCG.1,1488
GTGCTAGATTTGGG.1,1244
GTGGAGGAGTCTTT.1,1488
GTGGATTGAGAACA.1,1016
GTGGATTGCCATGA.1,1256
GTGGATTGGATAGA.1,1256
GTGGATTGGGAGTG.1,1015
GTGGTAACACAGTC.1,1244
GTGGTAACCAGATC.1,1015
GTGGTAACCCCAAA.1,1015
GTGGTAACGGATCT.1,1244
GTGGTAACGTGAGG.1,1015
GTGTACGAAAACGA.1,1015
GTGTACGAAAGCCT.1,1015
GTGTACGAACTCAG.1,1244
GTGTACGACATGAC.1,107
GTGTACGACTAGTG.1,1256
GTGTACGAGAACTC.1,1015
GTGTACGATTGTGG.1,101
GTGTAGTGAACGTC.1,1488
GTGTAGTGACTACG.1,1256
GTGTAGTGGCAGTT.1,1016
GTGTAGTGGTTGTG.1,1256
GTGTAGTGTAGAGA.1,1016
GTGTAGTGTCAGGT.1,1015
GTGTAGTGTTCTTG.1,1244
GTGTATCTGCGTAT.1,1015
GTGTATCTTGGAGG.1,1256
GTGTATCTTGGTAC.1,1015
GTGTATCTTTCGGA.1,1488
GTGTCAGAATAAGG.1,1244
GTGTCAGAATGCCA.1,101
GTGTCAGAGGAGCA.1,1016
GTGTCAGATCGCTC.1,1015
GTGTGATGCTAAGC.1,1039
GTGTGATGCTGAAC.1,1488
GTGTGATGGTACCA.1,1016
GTTAAAACCGGAGA.1,1244
GTTAAAACCTCAAG.1,101
GTTAAAACGTAAAG.1,107
GTTAAAACTAGCGT.1,1015
GTTAAATGACTGTG.1,1015
GTTAAATGATGTGC.1,1488
GTTAAATGCGCCTT.1,
GTTAAATGCTTGAG.1,1244
GTTAAATGGGTTCA.1,1039
GTTAAATGGTATCG.1,1015
GTTAAATGTATGGC.1,1015
GTTAAATGTGGTGT.1,1015
GTTAACCTCATTCT.1,1015
GTTAACCTCGCAAT.1,107
GTTAACCTGTTTCT.1,1015
GTTACGGAACTGGT.1,1015
GTTACGGATTGCGA.1,1016
GTTACTACACACAC.1,1256
GTTACTACGGACAG.1,1015
GTTAGGTGACAGCT.1,1015
GTTAGGTGAGAGGC.1,1244
GTTAGGTGCCTGAA.1,1488
GTTAGGTGGAGGAC.1,1488
GTTAGGTGGCCATA.1,107
GTTAGGTGGGTGAG.1,1016
GTTAGTCTAGGTCT.1,1488
GTTAGTCTGGTGAG.1,1016
GTTATAGACTATTC.1,1256
GTTATAGATATCTC.1,1015
GTTATAGATCAGTG.1,1016
GTTATAGATGCTCC.1,1256
GTTATAGATTATCC.1,101
GTTATAGATTGCAG.1,1015
GTTATCTGCACTAG.1,1015
GTTATCTGCTCTTA.1,1256
GTTATCTGTCATTC.1,1256
GTTATGCTTCAAGC.1,1039
GTTATGCTTCGCAA.1,1488
GTTCAACTACGCTA.1,1256
GTTCAACTACTGTG.1,1488
GTTCAACTAGATCC.1,1244
GTTCAACTCACCAA.1,1016
GTTCAACTGACAAA.1,1244
GTTCAACTTGCAGT.1,1015
GTTCAACTTGCCAA.1,1256
GTTCAGGAAGCTCA.1,
GTTCAGGAGCTTCC.1,1016
GTTCAGGAGTGCTA.1,1015
GTTCATACACACCA.1,1256
GTTCATACACACGT.1,1015
GTTCATACAGCTAC.1,1039
GTTCATACATTGGC.1,1015
GTTCATACCAGCTA.1,107
GTTCATACCCCGTT.1,1015
GTTCATACGTGTTG.1,1016
GTTGACGAATCGAC.1,1244
GTTGACGAGACTAC.1,1488
GTTGACGAGTCGTA.1,1016
GTTGACGATGTGCA.1,1015
GTTGACGATTATCC.1,101
GTTGACGATTTCGT.1,1015
GTTGAGTGAACAGA.1,1015
GTTGAGTGATTCCT.1,1015
GTTGAGTGCAGAAA.1,1016
GTTGAGTGTCAGTG.1,1244
GTTGAGTGTGAGAA.1,1488
GTTGAGTGTGAGGG.1,1016
GTTGAGTGTGGAGG.1,1015
GTTGAGTGTTCATC.1,1015
GTTGATCTACTTTC.1,1016
GTTGATCTAGCTCA.1,1016
GTTGATCTCACCAA.1,1039
GTTGATCTTCGACA.1,101
GTTGGATGACAGCT.1,1015
GTTGGATGCGCAAT.1,1244
GTTGGATGTCACGA.1,1256
GTTGGATGTCAGAC.1,1256
GTTGGATGTGCTTT.1,1488
GTTGTACTAAGTGA.1,1015
GTTGTACTCACTGA.1,1256
GTTTAAGACACTAG.1,101
GTTTAAGAGAATGA.1,1015
GTTTAAGAGCGAGA.1,1015
GTTTAAGAGGAAGC.1,1244
GTTTAAGAGTCAAC.1,1488
GTTTAAGATGCTTT.1,1256
TAAACAACAAAAGC.1,1016
TAAACAACACCAGT.1,101
TAAACAACCCATGA.1,1244
TAAACAACCGAGTT.1,1244
TAAACAACTCTCGC.1,1016
TAAAGACTACGTAC.1,1244
TAAAGACTCGCATA.1,1015
TAAAGACTCTGTTT.1,1015
TAAAGACTGGACAG.1,1016
TAAAGACTGGGCAA.1,1015
TAAAGACTTTTGGG.1,101
TAAAGTTGAGTCGT.1,1256
TAAAGTTGAGTTCG.1,1488
TAAAGTTGATTGGC.1,1015
TAAAGTTGTCAGGT.1,1244
TAAAGTTGTCCGTC.1,1256
TAAAGTTGTCGACA.1,1256
TAAATCGAAACTGC.1,1488
TAAATCGAACCATG.1,1488
TAAATCGAACCTGA.1,1015
TAAATCGAACGGTT.1,101
TAAATCGACCATAG.1,1488
TAAATCGACTAAGC.1,1244
TAAATCGATACTGG.1,1256
TAAATCGATCCCAC.1,1256
TAAATCGATGCCTC.1,1256
TAAATGTGAGGAGC.1,1244
TAAATGTGCTCAGA.1,1015
TAAATGTGCTTAGG.1,1016
TAAATGTGTCCTGC.1,1015
TAACAATGAGGTTC.1,1256
TAACAATGCCTCCA.1,1244
TAACAATGTAGTCG.1,1488
TAACAATGTGGGAG.1,107
TAACACCTAAGATG.1,1256
TAACACCTAGCAAA.1,1244
TAACACCTGTCATG.1,101
TAACACCTGTTACG.1,1488
TAACACCTTTGTGG.1,1244
TAACATGACTCGAA.1,1015
TAACATGAGTCTAG.1,1244
TAACATGATGCTTT.1,1015
TAACCGGAAACGAA.1,1015
TAACCGGAATTCCT.1,1488
TAACCGGACATGGT.1,1256
TAACCGGACCGTAA.1,101
TAACCGGAGAGATA.1,1039
TAACCGGAGAGGTG.1,1016
TAACCGGAGGTTCA.1,1244
TAACCGGATATCTC.1,1488
TAACCGGATGAACC.1,1488
TAACCGGATGACAC.1,1488
TAACCGGATGTCCC.1,1488
TAACGTCTACCGAT.1,1015
TAACGTCTCCTCAC.1,1015
TAACGTCTCGCAAT.1,1015
TAACTAGAAAAAGC.1,1015
TAACTAGAGAGCTT.1,101
TAACTAGAGCCTTC.1,1015
TAACTAGATCCTGC.1,101
TAACTAGATCGCCT.1,1256
TAACTAGATTAGGC.1,1256
TAACTAGATTGCGA.1,1039
TAACTCACACGCAT.1,1488
TAACTCACAGTAGA.1,101
TAACTCACCATTTC.1,107
TAACTCACTACAGC.1,101
TAACTCACTTCCCG.1,1015
TAAGAACTCTTAGG.1,1015
TAAGAACTTACTCT.1,1244
TAAGAACTTCTCAT.1,1016
TAAGAGGAATTGGC.1,1488
TAAGAGGACCCTAC.1,1488
TAAGAGGACCTCGT.1,1244
TAAGAGGAGTCGTA.1,1015
TAAGAGGATGATGC.1,1016
TAAGAGGATGCTAG.1,1256
TAAGAGGATTGTGG.1,1016
TAAGAGGATTTGTC.1,
TAAGATACCCCTTG.1,1244
TAAGATACCCTAAG.1,1244
TAAGATACGAAACA.1,1244
TAAGATACGAGCAG.1,101
TAAGATACTCACCC.1,1016
TAAGATACTTGTCT.1,1256
TAAGATTGGCGATT.1,1244
TAAGATTGGTGAGG.1,1015
TAAGATTGTCTGGA.1,1016
TAAGATTGTGGTTG.1,1256
TAAGATTGTGTCGA.1,1015
TAAGCGTGATTGGC.1,101
TAAGCGTGCCTACC.1,1488
TAAGCGTGCTGTTT.1,1256
TAAGCGTGGTCACA.1,107
TAAGCTCTACTACG.1,1015
TAAGCTCTCCTAAG.1,1256
TAAGCTCTGCTAAC.1,1016
TAAGGCTGAACTGC.1,1015
TAAGGCTGACCTGA.1,1016
TAAGGCTGAGCATC.1,1256
TAAGGCTGATGACC.1,1244
TAAGGCTGTAGCCA.1,1256
TAAGGGCTACCTGA.1,
TAAGGGCTCATTGG.1,1016
TAAGGGCTCTTCCG.1,1015
TAAGGGCTGGTTAC.1,1015
TAAGGGCTTAAGGA.1,101
TAAGTAACGGAGCA.1,1244
TAAGTAACTCCAAG.1,1244
TAAGTAACTGCTGA.1,1015
TAAGTCCTCGAGTT.1,101
TAAGTCCTGTATGC.1,1488
TAATCCACACAGCT.1,1016
TAATCCACATGTGC.1,101
TAATCCACCGTGAT.1,1256
TAATCCACCTCTAT.1,
TAATCCACGGTCTA.1,1015
TAATCGCTACCATG.1,1016
TAATCGCTCGGGAA.1,1016
TAATCGCTCTACCC.1,1015
TAATCGCTGAGCTT.1,1015
TAATCGCTGCGTTA.1,1016
TAATCGCTTGGCAT.1,1016
TAATGAACCAGTTG.1,1015
TAATGAACCCTTAT.1,1256
TAATGAACGGTCTA.1,1015
TAATGAACTCTAGG.1,1244
TAATGATGATCGTG.1,1488
TAATGATGGCTGAT.1,
TAATGATGGGTGAG.1,1016
TAATGCCTAGCTAC.1,1256
TAATGCCTAGTCGT.1,101
TAATGCCTCAGAAA.1,1488
TAATGCCTCATGGT.1,1016
TAATGCCTCTGGAT.1,1015
TAATGCCTGACGAG.1,1015
TAATGCCTGCAGAG.1,1015
TAATGCCTTGATGC.1,1256
TAATGTGAACGTAC.1,1256
TAATGTGACCCTCA.1,1244
TAATGTGACCGTAA.1,107
TAATGTGAGCTTAG.1,107
TAATGTGAGGATCT.1,1488
TAATGTGATATTCC.1,107
TAATGTGATGACAC.1,1256
TAATGTGATGAGCT.1,101
TACAAATGCGAACT.1,1488
TACAAATGGTGCAT.1,1256
TACAAATGTCAGTG.1,1488
TACAAATGTGCTGA.1,1016
TACAATGACTCAAG.1,1256
TACACACTAACAGA.1,101
TACACACTACCGAT.1,1039
TACACACTATGTCG.1,1016
TACACACTGGTTAC.1,1488
TACACACTTAACGC.1,1015
TACACACTTGCTTT.1,1244
TACACACTTTGCTT.1,1256
TACATAGATGGTGT.1,1244
TACATCACACACTG.1,1256
TACATCACACGGGA.1,1015
TACATCACCTGTAG.1,1015
TACATCACCTTCGC.1,1256
TACATCACGTTCAG.1,1015
TACATCACTCTGGA.1,101
TACCATTGCGTTAG.1,1015
TACCATTGCTTATC.1,101
TACCATTGGCTACA.1,1244
TACCATTGGTCTAG.1,1256
TACCATTGTCGACA.1,107
TACCATTGTGCGTA.1,1256
TACCATTGTGCTCC.1,101
TACCATTGTTATCC.1,1015
TACCATTGTTGGCA.1,1244
TACCGAGAACCCAA.1,1488
TACCGAGACCTCAC.1,1015
TACCGAGATGTGAC.1,101
TACCGAGATTCTCA.1,1015
TACCGCTGACAGCT.1,1488
TACCGCTGGATAAG.1,1256
TACCGCTGGGTCAT.1,1015
TACCGCTGGTCGAT.1,107
TACCGCTGGTTGGT.1,1256
TACCGCTGTCCCGT.1,1015
TACCGCTGTGAGCT.1,1244
TACCGGCTAACGTC.1,1015
TACCGGCTCCATGA.1,1016
TACCGGCTCTCGCT.1,1488
TACCGGCTTAACGC.1,1015
TACGACGAAACCGT.1,1488
TACGACGAAACGGG.1,1488
TACGACGAGGTCTA.1,1256
TACGAGACCACCAA.1,1016
TACGAGACCATACG.1,1488
TACGAGACCTCTAT.1,1488
TACGAGACTCCAAG.1,1015
TACGAGACTGGCAT.1,1256
TACGAGACTGGTGT.1,1488
TACGAGTGACTAGC.1,1244
TACGAGTGAGTGCT.1,1015
TACGAGTGCGCCTT.1,1244
TACGAGTGCTACGA.1,1488
TACGAGTGCTCTCG.1,1039
TACGAGTGTTATCC.1,1015
TACGATCTAAGTGA.1,1256
TACGATCTATAAGG.1,1244
TACGATCTCCAGTA.1,1256
TACGATCTCGAGAG.1,1015
TACGATCTCTATGG.1,1488
TACGATCTGATAAG.1,101
TACGCAGAAGGTCT.1,1015
TACGCAGAATGTGC.1,1244
TACGCAGACTCATT.1,1015
TACGCAGACTTGTT.1,1015
TACGCAGATGTCAG.1,1039
TACGCCACAAGGGC.1,1256
TACGCCACACGACT.1,1039
TACGCCACGCGGAA.1,1015
TACGCCACTGGCAT.1,1016
TACGCCACTTCGTT.1,1256
TACGCGCTACTCTT.1,1015
TACGCGCTCTCCAC.1,1256
TACGCGCTGTTAGC.1,1015
TACGCGCTTCATTC.1,1256
TACGCGCTTGCAAC.1,1488
TACGGAACCGTGAT.1,1244
TACGGAACGTGTCA.1,1488
TACGGCCTCAACCA.1,101
TACGGCCTTCCAGA.1,1015
TACGTACTAGCGTT.1,1488
TACGTACTATTTCC.1,1256
TACGTACTCACTAG.1,1256
TACGTTACCGAATC.1,1015
TACGTTACTGTAGC.1,1016
TACTAAGAAACGAA.1,1244
TACTAAGAATCGTG.1,1256
TACTAAGAGAGACG.1,1244
TACTAAGATACGAC.1,107
TACTACACAAGGCG.1,1015
TACTACACACCCTC.1,1015
TACTACACCGATAC.1,101
TACTACACTACTCT.1,1244
TACTACACTCACGA.1,1015
TACTACACTGAACC.1,1256
TACTACACTTCTTG.1,1016
TACTACTGACTGTG.1,1015
TACTACTGCGAATC.1,1256
TACTACTGCGTGAT.1,1256
TACTACTGTCAGGT.1,1244
TACTACTGTGACAC.1,1244
TACTCAACCTAGAC.1,101
TACTCAACCTAGTG.1,1015
TACTCCCTCACTAG.1,1256
TACTCCCTGAAAGT.1,1256
TACTCCCTTGGGAG.1,1244
TACTCTGACCCGTT.1,1015
TACTCTGAGAACTC.1,1244
TACTCTGAGAATCC.1,1244
TACTCTGATCTTTG.1,1244
TACTGGGAACTGGT.1,1015
TACTGGGAGACGTT.1,1039
TACTGGGAGCTACA.1,1256
TACTGGGATTGAGC.1,1016
TACTGGGATTTCGT.1,1015
TACTGTTGCCCTTG.1,101
TACTGTTGCCTCCA.1,1244
TACTGTTGCGCTAA.1,1016
TACTGTTGCTATGG.1,1256
TACTGTTGCTGAGT.1,1015
TACTGTTGCTGCTC.1,1244
TACTGTTGGTAAAG.1,1256
TACTGTTGTCCGAA.1,1488
TACTGTTGTTTGTC.1,1016
TACTTGACAACCGT.1,1256
TACTTGACATGCTG.1,101
TACTTGACCGCTAA.1,1244
TACTTGACCTGACA.1,1015
TACTTGACTGAGGG.1,1256
TACTTGACTTCCAT.1,1488
TACTTTCTAACGGG.1,1016
TACTTTCTAACTGC.1,1244
TACTTTCTCATTTC.1,1015
TACTTTCTGCTATG.1,1039
TAGAAACTACCATG.1,1015
TAGAAACTACTTTC.1,1256
TAGAAACTATCGAC.1,1015
TAGAAACTGTAAAG.1,1015
TAGAAACTGTCTGA.1,107
TAGAATACAAGGCG.1,1488
TAGAATACATCGAC.1,1244
TAGAATACCATTTC.1,1256
TAGAATACCCGATA.1,1016
TAGAATACCGTTGA.1,1488
TAGAATACGTACGT.1,101
TAGAATACTACAGC.1,1015
TAGAATTGAGATGA.1,1016
TAGAATTGATCGAC.1,1244
TAGAATTGCGAGTT.1,1015
TAGAATTGCTCATT.1,1256
TAGAATTGGTAAAG.1,1015
TAGAATTGGTCATG.1,1244
TAGAATTGTACGAC.1,1244
TAGAATTGTCTCGC.1,1015
TAGAATTGTGGTGT.1,1015
TAGAATTGTGTTCT.1,1015
TAGACGTGATAAGG.1,101
TAGACGTGATCGTG.1,1015
TAGACGTGTATGGC.1,1488
TAGAGAGAACGCAT.1,1244
TAGAGAGAAGTACC.1,1015
TAGAGAGAATCACG.1,1015
TAGAGAGACTGGTA.1,1256
TAGAGAGAGTACCA.1,107
TAGAGCACATTGGC.1,1244
TAGAGCACCGAATC.1,1015
TAGAGCACGAGCAG.1,1488
TAGAGCACGCGAGA.1,1488
TAGAGCACGGAGGT.1,1488
TAGAGCACGGGCAA.1,1488
TAGAGCACGGTGTT.1,101
TAGAGCACTCCAGA.1,1256
TAGATCCTCATACG.1,1488
TAGATCCTCCGCTT.1,1015
TAGATCCTCGTTGA.1,1488
TAGATCCTTCTCTA.1,1016
TAGATTGAACCTCC.1,1015
TAGATTGACGCTAA.1,1016
TAGATTGACTATTC.1,1244
TAGATTGACTCCCA.1,1244
TAGATTGAGCGTAT.1,1016
TAGCATCTTCGCCT.1,1488
TAGCCCACAAGCCT.1,1015
TAGCCCACGTTGTG.1,107
TAGCCCTGGTAAAG.1,1488
TAGCCGCTAGGTTC.1,101
TAGCCGCTGAAGGC.1,1488
TAGCCGCTGCGAAG.1,1015
TAGCGATGGCGGAA.1,1256
TAGCGATGGGACTT.1,1488
TAGCGATGTTGTGG.1,107
TAGCTACTAGCGTT.1,101
TAGCTACTATCGTG.1,1039
TAGCTACTCCAATG.1,1015
TAGCTACTCTACCC.1,1488
TAGCTACTGGGAGT.1,1256
TAGCTACTGGTGTT.1,1016
TAGGACTGAAGAAC.1,1015
TAGGACTGCATCAG.1,1244
TAGGACTGGCTCCT.1,1256
TAGGACTGTGAGCT.1,1015
TAGGACTGTTCAGG.1,101
TAGGAGCTACCTCC.1,1256
TAGGAGCTAGAGTA.1,107
TAGGAGCTGCGGAA.1,1016
TAGGAGCTTCATTC.1,1015
TAGGCAACATTTCC.1,1256
TAGGCAACCGGGAA.1,1244
TAGGCAACGCTTAG.1,1015
TAGGCAACGGACAG.1,1016
TAGGCAACGTCTGA.1,1488
TAGGCATGAAGCCT.1,1256
TAGGCATGACGGTT.1,1016
TAGGCATGGGGAGT.1,1256
TAGGCATGGGGATG.1,1016
TAGGCATGTCCTGC.1,1256
TAGGCTGACACTCC.1,1488
TAGGCTGAGCCATA.1,1015
TAGGGACTACCCAA.1,1488
TAGGGACTAGTGTC.1,107
TAGGGACTATTCTC.1,107
TAGGGACTCACAAC.1,1488
TAGGGACTCTAAGC.1,1256
TAGGGACTTGCATG.1,
TAGGGACTTTCACT.1,1488
TAGGGACTTTGCGA.1,1016
TAGGTCGAACGTGT.1,1244
TAGGTCGACCAAGT.1,1488
TAGGTCGACCTATT.1,1015
TAGGTCGACTACTT.1,1015
TAGGTCGACTGTGA.1,1244
TAGGTCGAGGCAAG.1,1015
TAGGTCGATCTGGA.1,1244
TAGGTGACAGGAGC.1,1244
TAGGTGACCGACTA.1,1244
TAGGTGACCTCGAA.1,1016
TAGGTGACTGCTGA.1,1256
TAGGTGTGACCCTC.1,1015
TAGGTGTGCAGATC.1,1244
TAGGTGTGGAGGAC.1,1015
TAGGTGTGGCGGAA.1,107
TAGGTGTGTCCCAC.1,1039
TAGGTTCTGAGGAC.1,1016
TAGGTTCTGAGGTG.1,1016
TAGGTTCTGGAGCA.1,1015
TAGGTTCTTCGTTT.1,1015
TAGGTTCTTCTACT.1,
TAGGTTCTTCTGGA.1,107
TAGGTTCTTGAGGG.1,107
TAGGTTCTTGTCAG.1,1488
TAGTAAACAGAACA.1,1015
TAGTAAACAGAGTA.1,1015
TAGTAAACCCCTAC.1,101
TAGTAAACTAACCG.1,1015
TAGTAATGAAAAGC.1,1015
TAGTAATGAACAGA.1,1015
TAGTAATGCGTCTC.1,1015
TAGTAATGTTTCAC.1,1244
TAGTACCTAAGCCT.1,1015
TAGTACCTCCTCCA.1,1015
TAGTACCTCTAGCA.1,1244
TAGTATGAAGCTAC.1,1015
TAGTATGACCGCTT.1,107
TAGTATGACTACGA.1,1015
TAGTCACTCATTCT.1,1256
TAGTCACTCTAAGC.1,107
TAGTCACTGGGACA.1,107
TAGTCACTGTCGAT.1,1015
TAGTCACTTGACTG.1,1015
TAGTCGGAAGTCGT.1,1016
TAGTCGGACAGAGG.1,1039
TAGTCGGATACTGG.1,107
TAGTCGGATCCTAT.1,1488
TAGTCGGATGATGC.1,1488
TAGTCTTGGAAAGT.1,1256
TAGTCTTGGGGATG.1,1256
TAGTCTTGGTTGAC.1,1488
TAGTCTTGTAGCCA.1,1256
TAGTCTTGTCCCGT.1,1488
TAGTGGTGAAAAGC.1,1015
TAGTGGTGAGTCTG.1,1256
TAGTGGTGAGTGTC.1,1488
TAGTGGTGCACTCC.1,1244
TAGTGGTGCTACCC.1,1256
TAGTGGTGCTGGAT.1,1244
TAGTGGTGGAATCC.1,1015
TAGTGGTGGGACAG.1,1256
TAGTGGTGGGGTGA.1,1256
TAGTTAGAAAACAG.1,1488
TAGTTAGAGGACGA.1,1256
TAGTTAGAGTCAAC.1,1016
TAGTTCACAACGTC.1,1015
TAGTTCACAAGGTA.1,107
TAGTTCACCTGACA.1,107
TAGTTCACGTTGAC.1,1015
TAGTTCACTCAGTG.1,1256
TAGTTCACTGTCGA.1,1244
TAGTTGCTCTACTT.1,107
TAGTTGCTTATCGG.1,1015
TAGTTGCTTCGCCT.1,1256
TAGTTGCTTGCCCT.1,1016
TAGTTGCTTGGTGT.1,1039
TATAAGACGCTGAT.1,101
TATAAGTGAGCATC.1,1488
TATAAGTGTTACTC.1,1256
TATACAGACTGTAG.1,1039
TATACAGAGACGTT.1,1244
TATACAGAGTGTCA.1,1244
TATACAGATAGAGA.1,1015
TATACAGATTCCAT.1,1015
TATACCACAAAACG.1,101
TATACCACCTGTGA.1,1244
TATACCACGCAAGG.1,1015
TATACCACTTATCC.1,1015
TATACGCTAGGGTG.1,101
TATACGCTATGTGC.1,1256
TATACGCTGTCATG.1,1256
TATACGCTTCGCCT.1,1256
TATACGCTTGCCAA.1,1256
TATAGATGCTTCGC.1,1015
TATAGATGGCTGAT.1,1488
TATAGATGTGCAAC.1,1244
TATAGCCTATCAGC.1,1256
TATAGCCTCTCGCT.1,1256
TATAGCCTGTAAAG.1,1015
TATAGCCTTCTTTG.1,1256
TATAGCCTTGCTTT.1,1256
TATAGCCTTTCATC.1,1256
TATAGCCTTTCTTG.1,1015
TATAGCCTTTGACG.1,1016
TATCAAGACGTAGT.1,1244
TATCAAGATCTCTA.1,1256
TATCAAGATTCTAC.1,1015
TATCACTGACCTTT.1,1015
TATCACTGCACTCC.1,1015
TATCACTGCCTCCA.1,1244
TATCACTGGTCGTA.1,1256
TATCACTGTAACCG.1,1015
TATCAGCTAGTAGA.1,1016
TATCAGCTCCAACA.1,107
TATCAGCTCCTGAA.1,1488
TATCAGCTTGAACC.1,1488
TATCAGCTTTATCC.1,1016
TATCAGCTTTTACC.1,1244
TATCCAACCTCTAT.1,1015
TATCCAACCTTTAC.1,1015
TATCCAACTTTGTC.1,101
TATCCTGAAGTGCT.1,1488
TATCCTGACCCAAA.1,1016
TATCCTGAGGATTC.1,1244
TATCCTGATGACAC.1,1015
TATCCTGATGCCTC.1,1256
TATCGACTAAGATG.1,1488
TATCGACTACGACT.1,1488
TATCGACTACTACG.1,1016
TATCGACTAGCAAA.1,1016
TATCGACTCACTCC.1,107
TATCGACTCGAGAG.1,1244
TATCGACTTACGAC.1,1488
TATCGACTTGCACA.1,1016
TATCGACTTGGTGT.1,1015
TATCGTACTATCGG.1,1256
TATCGTACTTGCGA.1,101
TATCTCGAACAGCT.1,1256
TATCTCGACAGTCA.1,1039
TATCTCGAGTAAAG.1,1244
TATCTCGATCTATC.1,1015
TATCTGACAAAAGC.1,1256
TATCTGACTGTGAC.1,1039
TATCTTCTAAGTAG.1,1015
TATCTTCTAGAACA.1,1256
TATCTTCTATCGAC.1,1015
TATCTTCTCTCCCA.1,1256
TATCTTCTGGGAGT.1,1244
TATCTTCTTCTACT.1,101
TATCTTCTTTCGGA.1,1015
TATGAATGATTCTC.1,1488
TATGAATGCTTCGC.1,1244
TATGAATGGCAAGG.1,1256
TATGAATGGTATCG.1,101
TATGAATGTCTTAC.1,1244
TATGAATGTTTCGT.1,1244
TATGCGGAAGTCAC.1,1015
TATGCGGAATTCGG.1,1244
TATGCGGACGTCTC.1,101
TATGCGGACTATTC.1,1256
TATGGGACACCCAA.1,101
TATGGGACATCGTG.1,1244
TATGGGACGGAAGC.1,1488
TATGGGACGTTGCA.1,1256
TATGGGACTACTCT.1,1488
TATGGGTGCAGGAG.1,101
TATGGGTGCGTGAT.1,
TATGGGTGGCCATA.1,1488
TATGGGTGGTAGCT.1,1256
TATGGGTGTGTCAG.1,101
TATGGTCTACACCA.1,1016
TATGGTCTCCGAAT.1,1488
TATGGTCTTGCATG.1,1244
TATGTCACCAACCA.1,1016
TATGTCACCTCATT.1,1256
TATGTCACCTGACA.1,1015
TATGTCACTATCTC.1,1015
TATGTCACTCGTAG.1,1256
TATGTCTGCTGCAA.1,1488
TATGTCTGGAACCT.1,1039
TATGTCTGGTGAGG.1,1244
TATGTCTGTAGAGA.1,1015
TATGTCTGTGATGC.1,1039
TATGTGCTATGGTC.1,101
TATGTGCTCTCCAC.1,1015
TATGTGCTCTTGAG.1,1015
TATGTGCTTCAGTG.1,1015
TATTGCTGAATCGC.1,1016
TATTGCTGAGAGAT.1,1039
TATTGCTGCAACTG.1,1039
TATTGCTGCGCTAA.1,1488
TATTGCTGTATCTC.1,1244
TATTGCTGTATGGC.1,1016
TATTGCTGTGGTGT.1,1015
TATTTCCTAACCGT.1,1016
TATTTCCTAAGTGA.1,1015
TATTTCCTACGCTA.1,1015
TATTTCCTAGGGTG.1,1015
TATTTCCTCCTAAG.1,1016
TATTTCCTCGGAGA.1,107
TATTTCCTGTATGC.1,1488
TCAACACTAGCGTT.1,1015
TCAACACTATCGAC.1,1015
TCAACACTGGCAAG.1,1256
TCAACACTTGGTAC.1,1016
TCAAGGACCCGTTC.1,1015
TCAAGGACCTTCCG.1,107
TCAAGGACGGAGCA.1,1488
TCAAGGTGAGATGA.1,1015
TCAAGGTGCAATCG.1,1256
TCAAGGTGCTCAAG.1,1015
TCAAGGTGTAGAAG.1,1015
TCAAGGTGTCTCGC.1,1244
TCAAGGTGTCTTCA.1,1015
TCAAGTCTACCATG.1,1015
TCAAGTCTCTCATT.1,1244
TCAAGTCTCTTATC.1,1016
TCAAGTCTGAAAGT.1,
TCAAGTCTGTCATG.1,1244
TCAAGTCTGTTAGC.1,1015
TCAAGTCTTACTTC.1,1015
TCAAGTCTTAGCCA.1,1015
TCAAGTCTTCTAGG.1,1244
TCAAGTCTTGTCGA.1,1256
TCAATAGAAGCTAC.1,1244
TCAATAGAGCGATT.1,101
TCAATAGAGTAGGG.1,1016
TCAATAGATAGCCA.1,1016
TCAATAGATTTGCT.1,1256
TCAATCACACGGGA.1,1016
TCAATCACCTTGCC.1,1256
TCAATCACGGAGGT.1,1244
TCAATCACGGGATG.1,
TCAATCACTTGAGC.1,1015
TCACAACTACCTGA.1,107
TCACAACTGGTGGA.1,
TCACAACTGGTTTG.1,1015
TCACAACTTGCATG.1,1488
TCACAACTTTTCTG.1,1016
TCACATACAACTGC.1,1256
TCACATACCTTGCC.1,1488
TCACATACGGTCAT.1,1256
TCACATACTTTCAC.1,1488
TCACCCGAACTGGT.1,1488
TCACCCGAACTTTC.1,1015
TCACCCGAATTCGG.1,1016
TCACCCGATCCTCG.1,1256
TCACCGTGAACCAC.1,107
TCACCGTGAAGGTA.1,107
TCACCGTGCTGAGT.1,1244
TCACCGTGGCTTCC.1,1244
TCACCGTGGGGCAA.1,1244
TCACCGTGTAAGCC.1,1256
TCACCGTGTGATGC.1,1015
TCACCGTGTTCAGG.1,1016
TCACCTCTAGGTTC.1,1015
TCACCTCTCACTTT.1,1256
TCACCTCTGAATGA.1,1016
TCACCTCTGGACGA.1,1015
TCACGAGAATTCGG.1,1015
TCACGAGACCCGTT.1,1015
TCACGAGAGCGATT.1,1256
TCACGAGATCTACT.1,1016
TCACGAGATGTCCC.1,101
TCACTATGATCACG.1,101
TCACTATGCACTAG.1,1488
TCACTATGCGACAT.1,1015
TCACTATGCTTCTA.1,1244
TCACTATGTGACTG.1,107
TCACTATGTTCATC.1,1015
TCACTATGTTGAGC.1,1244
TCAGACGAAACCAC.1,1256
TCAGACGAGGTCAT.1,1015
TCAGAGACAAGCCT.1,1244
TCAGAGACCTCTAT.1,
TCAGAGACCTTGGA.1,1015
TCAGAGACTCTGGA.1,1488
TCAGAGACTTTCGT.1,1039
TCAGCAGAAACCGT.1,1016
TCAGCAGAACGTGT.1,1016
TCAGCAGAAGAACA.1,107
TCAGCAGATAAAGG.1,1488
TCAGCAGATTTGGG.1,1256
TCAGCGCTAAGGTA.1,101
TCAGCGCTACACTG.1,1256
TCAGCGCTCCTTAT.1,101
TCAGCGCTGGTCAT.1,1015
TCAGCGCTTGGAGG.1,1488
TCAGGATGAGCACT.1,1256
TCAGGATGCTCAAG.1,1256
TCAGGATGGCATCA.1,1016
TCAGGATGGCGAAG.1,1488
TCAGGATGTAAGCC.1,1015
TCAGGATGTCCTAT.1,1256
TCAGGATGTGCATG.1,1015
TCAGGATGTGGTCA.1,1015
TCAGGATGTTGCTT.1,1016
TCAGTACTAAGAAC.1,1015
TCAGTACTACTGTG.1,1244
TCAGTACTCCACCT.1,1015
TCAGTACTCCCTTG.1,1015
TCAGTACTGCTGTA.1,1015
TCAGTACTTGTTTC.1,1015
TCAGTGGAATCGGT.1,1016
TCAGTGGACAATCG.1,1015
TCAGTGGAGGAGGT.1,1015
TCAGTTACCTCCCA.1,1016
TCAGTTACGAGGGT.1,1015
TCATCAACAGGTTC.1,1256
TCATCAACCGTTGA.1,1244
TCATCAACGCATAC.1,1256
TCATCAACGTTCTT.1,
TCATCAACTATGCG.1,1256
TCATCAACTCACCC.1,1256
TCATCATGCACTCC.1,1015
TCATCATGCAGCTA.1,1016
TCATCCCTAACGGG.1,1039
TCATCCCTACACGT.1,1015
TCATCCCTAGCGGA.1,1016
TCATCCCTCCCACT.1,1244
TCATGTACAAAAGC.1,1016
TCATGTACATCGTG.1,1256
TCATGTACTGACAC.1,1244
TCATTCGAATCACG.1,1488
TCATTCGAGATACC.1,1016
TCATTCGATGCAAC.1,1244
TCATTGACACCATG.1,107
TCATTGACACCCTC.1,1016
TCATTGACACGCTA.1,1015
TCATTGACCTGATG.1,107
TCATTGACTGCCTC.1,1016
TCCACGTGCGTGTA.1,1244
TCCACGTGCTTACT.1,1016
TCCACGTGTCGTTT.1,107
TCCACGTGTGCAGT.1,1244
TCCACGTGTGTGGT.1,1015
TCCACTCTAAAGCA.1,
TCCACTCTGGGTGA.1,1244
TCCAGAGAACTACG.1,1488
TCCAGAGAATAAGG.1,101
TCCAGAGATAGAGA.1,1488
TCCAGAGATCTCGC.1,1488
TCCATAACCCTTCG.1,1015
TCCATAACGGAAAT.1,
TCCATAACGTATGC.1,1015
TCCATCCTAGCCTA.1,1015
TCCATCCTGGAACG.1,1015
TCCATCCTTCGCAA.1,1015
TCCCACGACTGGTA.1,
TCCCACGATCCTAT.1,1244
TCCCAGACAGCCAT.1,107
TCCCAGACCAAAGA.1,101
TCCCAGACTTCTTG.1,101
TCCCAGACTTGTCT.1,1244
TCCCATCTCGTACA.1,1244
TCCCATCTGCTACA.1,1488
TCCCATCTGGAAAT.1,101
TCCCATCTTGAGGG.1,1256
TCCCGAACACGCAT.1,1256
TCCCGAACAGTTCG.1,1256
TCCCGAACCAGATC.1,1015
TCCCGAACGCCAAT.1,1256
TCCCGAACTCCTCG.1,1015
TCCCGATGACGTTG.1,1015
TCCCGATGAGCATC.1,1016
TCCCGATGCTACCC.1,1016
TCCCGATGGTTAGC.1,1256
TCCCTACTAACCTG.1,1015
TCCCTACTACTGTG.1,1015
TCCCTACTAGATGA.1,101
TCCCTACTCAACCA.1,1244
TCCCTACTCCTTAT.1,1015
TCCCTACTCTGGTA.1,1256
TCCCTACTGATGAA.1,1015
TCCCTACTTGAGAA.1,1015
TCCCTACTTGCTCC.1,1015
TCCGAAGAACCTGA.1,1039
TCCGAAGATACTTC.1,1256
TCCGAAGATATGCG.1,1015
TCCGAGCTAGATGA.1,1244
TCCTAAACAAGTGA.1,1256
TCCTAAACCGCATA.1,1244
TCCTAAACGCATAC.1,1244
TCCTAATGAGCACT.1,1039
TCCTAATGCTGCAA.1,1016
TCCTAATGCTTGTT.1,1015
TCCTAATGGGTAAA.1,1244
TCCTAATGTCTGGA.1,1244
TCCTAATGTGTGGT.1,1015
TCCTAATGTTCATC.1,1015
TCCTACCTACAGCT.1,1244
TCCTACCTCTCAGA.1,1015
TCCTACCTTGAGGG.1,1256
TCCTATGAAGCCTA.1,1244
TCCTATGAAGCTAC.1,107
TCCTATGATAAAGG.1,1015
TCCTATGATATCTC.1,1244
TCGAATCTCCTCAC.1,1015
TCGAATCTCCTTCG.1,1488
TCGAATCTCTTCGC.1,1256
TCGAATCTGTACGT.1,101
TCGAATCTTTCATC.1,1015
TCGACCTGACCTGA.1,1015
TCGACCTGTCATTC.1,1016
TCGACCTGTTATCC.1,1256
TCGACGCTCAGCTA.1,1488
TCGACGCTGAGCTT.1,1016
TCGACGCTGGTTCA.1,1015
TCGACGCTTAGAGA.1,1488
TCGAGAACGGTAAA.1,1015
TCGAGAACTCTCCG.1,1039
TCGAGAACTGCAAC.1,1488
TCGAGAACTGCTTT.1,1256
TCGAGCCTCACAAC.1,101
TCGAGCCTCCTCGT.1,1015
TCGAGCCTCCTTAT.1,1244
TCGAGCCTGACGGA.1,1015
TCGAGCCTTCGTGA.1,1488
TCGATACTAGAACA.1,1488
TCGATACTCACAAC.1,1244
TCGATACTGAGGCA.1,1256
TCGATTTGACGGAG.1,1016
TCGATTTGGATACC.1,1015
TCGATTTGGGTGGA.1,1488
TCGATTTGGTCAAC.1,1015
TCGATTTGTGACAC.1,107
TCGATTTGTGCCTC.1,1039
TCGATTTGTGCTTT.1,1488
TCGCAAGACAGAAA.1,1488
TCGCAAGAGCGATT.1,1244
TCGCAAGATGAGCT.1,1015
TCGCAAGATGCCAA.1,1015
TCGCAAGATGCCTC.1,1015
TCGCACACCCTTGC.1,1015
TCGCACACGGTTTG.1,1256
TCGCACACTACTTC.1,1256
TCGCACACTAGCCA.1,1244
TCGCACACTGGAAA.1,
TCGCACACTGGTGT.1,1488
TCGCACTGACTCAG.1,107
TCGCACTGATGGTC.1,1256
TCGCACTGATTCCT.1,1039
TCGCACTGCTCGCT.1,107
TCGCACTGCTGATG.1,101
TCGCACTGGGTCTA.1,1016
TCGCACTGTACAGC.1,1016
TCGCACTGTTAGGC.1,1256
TCGCACTGTTGCAG.1,101
TCGCAGCTAGTACC.1,1016
TCGCAGCTGCCATA.1,1244
TCGCCATGAGCTAC.1,1015
TCGCCATGATGTCG.1,1244
TCGCCATGCAACTG.1,1256
TCGCCATGCATTGG.1,1015
TCGCCATGCCGATA.1,1256
TCGCCATGCCTTAT.1,1015
TCGCCATGCGGGAA.1,1256
TCGCCATGCGTAGT.1,1016
TCGCCATGCTGCAA.1,1016
TCGCCATGTATTCC.1,1256
TCGGACCTCCTATT.1,1015
TCGGACCTCTCAAG.1,1244
TCGGACCTCTCATT.1,1016
TCGGCACTCCCACT.1,1488
TCGGCACTGGTATC.1,1016
TCGGCACTTGTCAG.1,1488
TCGTAGGACGAGTT.1,1256
TCGTAGGACTGTTT.1,1015
TCGTAGGATGCTCC.1,1039
TCGTGAGAACCCTC.1,1015
TCGTGAGAACGCTA.1,1488
TCGTGAGACCTATT.1,1256
TCGTGAGAGGTGAG.1,1016
TCGTTATGAAGATG.1,1244
TCGTTATGAGAGAT.1,1244
TCGTTATGAGATCC.1,1256
TCGTTATGCTGTCC.1,1015
TCGTTATGGACACT.1,1015
TCGTTATGGTCATG.1,1244
TCGTTATGTTCAGG.1,1488
TCTAACACAAAAGC.1,1244
TCTAACACATTTCC.1,1244
TCTAACACGAATGA.1,1244
TCTAACACGCTAAC.1,107
TCTAACACTCTGGA.1,1244
TCTAACACTGCAAC.1,1244
TCTAACACTGGTTG.1,1244
TCTAACTGAAGGGC.1,1016
TCTAACTGGCGAGA.1,1488
TCTAAGCTCTCTAT.1,101
TCTAAGCTTGGAGG.1,107
TCTACAACAACAGA.1,1256
TCTACAACAACCAC.1,1244
TCTACAACAGGCGA.1,1244
TCTACAACCCGCTT.1,1016
TCTACAACCGATAC.1,1015
TCTAGACTCAAGCT.1,101
TCTAGACTCGTCTC.1,1256
TCTAGACTTGGGAG.1,1488
TCTAGACTTTGGTG.1,1244
TCTAGTTGACCCAA.1,1256
TCTAGTTGAGAACA.1,1256
TCTAGTTGATTGGC.1,1256
TCTAGTTGCCATGA.1,1488
TCTAGTTGGAAAGT.1,1016
TCTAGTTGTCTTAC.1,1015
TCTATGTGAGAACA.1,1015
TCTATGTGCCGTAA.1,1015
TCTATGTGGATAAG.1,1015
TCTATGTGGTGAGG.1,1488
TCTATGTGTCTTCA.1,1015
TCTATGTGTTCTCA.1,1256
TCTCAAACAAGGGC.1,1488
TCTCAAACACCTCC.1,1488
TCTCAAACCTTGAG.1,1039
TCTCAAACTCCAAG.1,101
TCTCAAACTGGTCA.1,1256
TCTCCACTCAAAGA.1,1015
TCTCCACTCCCTAC.1,1488
TCTCCACTCTACCC.1,1488
TCTCCACTGGTCTA.1,1488
TCTCCACTTTCTGT.1,1244
TCTCTAGAACTTTC.1,1015
TCTCTAGAGGAACG.1,1016
TCTCTAGAGGAGCA.1,101
TCTCTAGATGGGAG.1,1039
TCTCTAGATTCCGC.1,1015
TCTCTAGATTCGTT.1,1016
TCTGATACCGTGAT.1,1244
TCTGATACGGAACG.1,1015
TCTGATACTTACCT.1,1016
TCTGATACTTGTCT.1,1244
TCTTACGAAGAATG.1,1015
TCTTACGAGAAGGC.1,1256
TCTTACGAGGTAGG.1,1015
TCTTACGATCGCCT.1,1244
TCTTCAGAACCTAG.1,1244
TCTTCAGAAGTAGA.1,1244
TCTTCAGACGACTA.1,1015
TCTTCAGAGTCCTC.1,1244
TCTTGATGGACGAG.1,1244
TCTTGATGGCGATT.1,1256
TCTTGATGGCTTAG.1,101
TCTTGATGTTCGCC.1,1016
TGAAATTGCTCTAT.1,1244
TGAAATTGGTGCAT.1,1039
TGAAATTGTCCAGA.1,1244
TGAAATTGTCTAGG.1,1488
TGAACCGATAGCCA.1,1244
TGAAGCACCTGTGA.1,1016
TGAAGCACGTACCA.1,1015
TGAAGCACTTACTC.1,1256
TGAAGCTGCGAACT.1,1256
TGAAGCTGGGCAAG.1,101
TGAAGCTGTATGCG.1,1015
TGAATAACACCGAT.1,1244
TGAATAACCTGGAT.1,1244
TGAATAACGGACAG.1,1015
TGAATAACTCTAGG.1,1244
TGAATAACTTGCGA.1,1244
TGACACGAAAGTGA.1,101
TGACACGACATACG.1,1016
TGACACGACCACCT.1,1256
TGACACGAGGATCT.1,1015
TGACACGAGGTAAA.1,1015
TGACACGAGTACCA.1,1015
TGACCAGAAAGGTA.1,1015
TGACCAGAATCGAC.1,1039
TGACCAGACCAATG.1,1015
TGACCAGATCAGTG.1,1016
TGACCAGATGCACA.1,1244
TGACCAGATTCTCA.1,1256
TGACCGCTCTAGCA.1,107
TGACCGCTCTGGTA.1,1488
TGACCGCTTAAGGA.1,1244
TGACGAACCCAGTA.1,1488
TGACGAACTGTCTT.1,107
TGACGATGACACAC.1,1016
TGACGATGACACGT.1,1016
TGACGATGTCAAGC.1,1015
TGACGATGTCTGGA.1,1015
TGACGCCTAGTTCG.1,1256
TGACGCCTCACCAA.1,1015
TGACGCCTCAGTCA.1,1256
TGACGCCTCGTGTA.1,1015
TGACGCCTGCCCTT.1,1039
TGACGCCTGCCTTC.1,1016
TGACGCCTTCTGGA.1,1244
TGACGCCTTGTAGC.1,1244
TGACTGGAAGGAGC.1,1488
TGACTGGACACTTT.1,101
TGACTGGACTCTTA.1,1488
TGACTGGAGCCCTT.1,1256
TGACTGGAGTCTAG.1,1015
TGACTGGATAACCG.1,1488
TGACTGGATCGATG.1,1016
TGACTGGATGTGGT.1,1256
TGACTTACAGAAGT.1,101
TGACTTACGGTGTT.1,1039
TGACTTACTAAAGG.1,1015
TGACTTACTGAACC.1,1015
TGACTTTGAGATGA.1,107
TGACTTTGCTGACA.1,1244
TGACTTTGTGGCAT.1,1015
TGACTTTGTTCATC.1,101
TGAGACACAAAAGC.1,101
TGAGACACGCGTAT.1,1015
TGAGACACGCTTAG.1,1488
TGAGACACGGGACA.1,1256
TGAGACACTCTTAC.1,1244
TGAGACACTTTGTC.1,1244
TGAGCAACAGAGAT.1,1488
TGAGCAACCTCAGA.1,101
TGAGCAACGATAAG.1,1016
TGAGCTGAAAGATG.1,1015
TGAGCTGAAGTACC.1,107
TGAGCTGACAGCTA.1,101
TGAGCTGACCGATA.1,1244
TGAGCTGATAGCCA.1,101
TGAGCTGATCGTGA.1,1256
TGAGCTGATGTGCA.1,1256
TGAGGACTGACTAC.1,1244
TGAGGACTTTTCGT.1,1244
TGAGGTACAGGCGA.1,1016
TGAGGTACAGTCTG.1,1015
TGAGGTACATGCTG.1,1016
TGAGGTACGGTCAT.1,1015
TGAGGTACGTTAGC.1,1256
TGAGGTACTATCGG.1,1488
TGAGGTACTCACGA.1,1488
TGAGGTACTCTCCG.1,1016
TGAGTCGACCCAAA.1,1256
TGAGTCGACCTATT.1,1488
TGAGTCGAGCGTAT.1,101
TGAGTCGATAACCG.1,1256
TGAGTCGATATCTC.1,1015
TGAGTCGATCTATC.1,1015
TGAGTCGATTGCTT.1,1015
TGAGTGACAAGGCG.1,101
TGAGTGACAGAGTA.1,101
TGAGTGACCCAATG.1,1256
TGAGTGACTCCTCG.1,1488
TGAGTGACTTTCGT.1,1016
TGATAAACAGGTTC.1,1015
TGATAAACCCGTAA.1,1039
TGATACCTATGTGC.1,1488
TGATACCTCCAATG.1,1256
TGATACCTCGGTAT.1,1016
TGATACCTTCCTTA.1,1015
TGATATGATGTTCT.1,1256
TGATCACTCCTCGT.1,1488
TGATCACTTGGCAT.1,1244
TGATCGGACTCTCG.1,1488
TGATCGGAGGTAAA.1,1016
TGATCGGATCGCAA.1,1488
TGATCGGATGTAGC.1,1016
TGATTAGACCCGTT.1,1244
TGATTCACCAGCTA.1,101
TGATTCACCCTTCG.1,1015
TGATTCACCGAATC.1,1015
TGATTCACGGCGAA.1,1488
TGATTCACTAGCGT.1,107
TGATTCTGACGTTG.1,1256
TGATTCTGATTCCT.1,1015
TGATTCTGGCTATG.1,1015
TGATTCTGGTAGGG.1,1015
TGATTCTGTCAGGT.1,1015
TGCAACGACACACA.1,1488
TGCAACGACCCAAA.1,1256
TGCAACGAGGAGCA.1,101
TGCAACGATCAAGC.1,1015
TGCAAGACCTTGCC.1,1256
TGCAAGTGACACTG.1,1488
TGCAAGTGCTCCAC.1,1256
TGCAAGTGGAATAG.1,1016
TGCAAGTGGTAGGG.1,1015
TGCAAGTGGTCTTT.1,1039
TGCAAGTGTCTAGG.1,107
TGCAAGTGTGGTTG.1,1016
TGCAAGTGTTCCGC.1,1015
TGCAATCTAAGTGA.1,107
TGCAATCTACGCAT.1,1244
TGCACAGAAAGCAA.1,1015
TGCACAGATCGCAA.1,1488
TGCACAGATTTGTC.1,101
TGCACGCTCAGAAA.1,1016
TGCACGCTGGACTT.1,1256
TGCACGCTGGTTAC.1,1244
TGCAGATGACGTTG.1,1488
TGCAGATGAGCGGA.1,101
TGCAGATGGCGAGA.1,1039
TGCAGATGGCTCCT.1,1015
TGCAGATGTCGTTT.1,1488
TGCAGATGTTGGCA.1,1244
TGCATGGACTGCAA.1,1488
TGCATGGATGTGGT.1,1016
TGCCAAGAACCAGT.1,1244
TGCCAAGACTCGCT.1,107
TGCCAAGATAGACC.1,1039
TGCCAAGATCAGTG.1,1488
TGCCACTGCACTAG.1,1244
TGCCACTGCTAGCA.1,101
TGCCACTGCTGTGA.1,101
TGCCACTGGGTGTT.1,1256
TGCCACTGTATGGC.1,1488
TGCCACTGTCGCCT.1,1015
TGCCAGCTAGCACT.1,1015
TGCCAGCTCCGCTT.1,1015
TGCCAGCTGCTATG.1,1244
TGCCCAACAGGTTC.1,1016
TGCCCAACCACTGA.1,101
TGCCCAACCTGACA.1,1015
TGCCCAACGCCATA.1,1256
TGCCCAACTTCTGT.1,1244
TGCCGACTATCGTG.1,1488
TGCCGACTATGCTG.1,1488
TGCCGACTGCATCA.1,101
TGCCGACTGTGTAC.1,1488
TGCCGACTTATGCG.1,1015
TGCCGACTTGCAGT.1,1015
TGCGAAACCGCTAA.1,1244
TGCGAAACGCATCA.1,1015
TGCGAAACGCCATA.1,1244
TGCGAAACGGGATG.1,1015
TGCGAAACTGAAGA.1,1256
TGCGATGAAAAAGC.1,1015
TGCGATGACTGTGA.1,1016
TGCGATGATCGTGA.1,1256
TGCGATGATGGAGG.1,101
TGCGATGATGTGCA.1,1016
TGCGATGATTCGGA.1,107
TGCGCACTAGGGTG.1,1488
TGCGCACTAGTTCG.1,1256
TGCGTAGACTCTTA.1,1015
TGCGTAGAGTCGTA.1,1039
TGCGTAGATAAGGA.1,101
TGCGTAGATTTCGT.1,107
TGCTAGGACCGAAT.1,1016
TGCTAGGACCGTAA.1,101
TGCTAGGACTTACT.1,1015
TGCTAGGAGTACGT.1,1015
TGCTATACCGCAAT.1,101
TGCTATACTCAAGC.1,1488
TGCTATACTGAGAA.1,1256
TGCTATACTTAGGC.1,
TGCTGAGAGCGTTA.1,1488
TGCTGAGAGTGTCA.1,1488
TGCTGAGATCCTAT.1,1039
TGCTGAGATGCTAG.1,101
TGCTTAACACTGTG.1,1244
TGCTTAACATTCCT.1,1015
TGCTTAACTTTCTG.1,1039
TGGAAAGAACACCA.1,1015
TGGAAAGAAGTTCG.1,1016
TGGAAAGAGGATTC.1,1256
TGGAAAGATTCCCG.1,1016
TGGAACACGAAACA.1,101
TGGAACACTCTCCG.1,1039
TGGAACACTTATCC.1,1039
TGGAACTGTAAGGA.1,1015
TGGAACTGTCTCTA.1,1016
TGGAAGCTGATAGA.1,1244
TGGAAGCTGGCATT.1,1016
TGGAAGCTTCCGTC.1,1015
TGGACCCTGGGATG.1,1015
TGGACCCTGTACGT.1,1015
TGGACCCTTCGCTC.1,1256
TGGACCCTTTGCAG.1,101
TGGACTGAAACTGC.1,1244
TGGACTGAAGATGA.1,1256
TGGACTGACCAAGT.1,1256
TGGACTGATCGCTC.1,1256
TGGACTGATGCCCT.1,1488
TGGAGACTACTTTC.1,1016
TGGAGACTAGCAAA.1,1488
TGGAGACTCTTTAC.1,1244
TGGAGACTGCCTTC.1,1015
TGGAGACTTAAGGA.1,1015
TGGAGGGAACTGTG.1,1015
TGGAGGGAGGTTAC.1,1015
TGGAGGGATATCTC.1,1256
TGGAGGGATGTAGC.1,1256
TGGATCGAGCGTTA.1,1256
TGGATCGAGTGTCA.1,1488
TGGATCGATCCTGC.1,1244
TGGATCGATCGCCT.1,101
TGGATCGATGCAAC.1,1016
TGGATGACAGCAAA.1,1015
TGGATGACCTATGG.1,1015
TGGATGACTGTGGT.1,1244
TGGATGTGAAGAGT.1,1244
TGGATGTGAGCTAC.1,1016
TGGATGTGCACTTT.1,1016
TGGATGTGCATTTC.1,1256
TGGATGTGGTATCG.1,1015
TGGATGTGGTTGTG.1,101
TGGATGTGTAGCGT.1,1488
TGGATGTGTCTTAC.1,1256
TGGATGTGTGAGCT.1,1488
TGGATGTGTGCTCC.1,1015
TGGATGTGTGTGCA.1,107
TGGATTCTATAAGG.1,1244
TGGATTCTCAGTCA.1,1015
TGGATTCTGAGGAC.1,
TGGATTCTGTCACA.1,101
TGGCAATGAGAAGT.1,
TGGCAATGAGGGTG.1,1039
TGGCAATGATACCG.1,1015
TGGCAATGATCACG.1,1256
TGGCAATGCCATAG.1,1015
TGGCAATGCTACGA.1,1015
TGGCAATGGGTCTA.1,107
TGGCAATGTGCCTC.1,
TGGCAATGTGTTCT.1,1256
TGGCACCTACAGTC.1,1244
TGGCACCTGATAAG.1,1015
TGGGTATGACCATG.1,1015
TGGGTATGAGATCC.1,1015
TGGGTATGCGATAC.1,1016
TGGGTATGCGGAGA.1,1256
TGGGTATGGACACT.1,1256
TGGGTATGTACTGG.1,1256
TGGGTATGTGGTAC.1,1244
TGGGTATGTTGACG.1,1488
TGGTACGAACCTAG.1,1244
TGGTACGAAGCTAC.1,1016
TGGTACGACTTAGG.1,1488
TGGTACGATACGAC.1,1488
TGGTAGACACCACA.1,1015
TGGTAGACACCCTC.1,1488
TGGTAGACGGAGTG.1,1244
TGGTAGACGTTCAG.1,1256
TGGTAGACTAACCG.1,1256
TGGTAGACTACTGG.1,1244
TGGTAGACTCTTTG.1,1016
TGGTAGTGAAGAAC.1,1016
TGGTAGTGACTACG.1,1015
TGGTAGTGGGACTT.1,1015
TGGTAGTGGTCATG.1,101
TGGTAGTGTGTGAC.1,1244
TGGTATCTAAGTAG.1,1015
TGGTATCTACAGCT.1,1244
TGGTATCTAGCTAC.1,101
TGGTATCTCGGAGA.1,1015
TGGTATCTTTCGCC.1,1015
TGGTCAGAAGGTTC.1,1244
TGGTCAGATTCACT.1,1488
TGGTTACTCCATAG.1,1016
TGGTTACTGCGTTA.1,1016
TGGTTACTTTCTTG.1,1015
TGGTTACTTTGCTT.1,1015
TGGTTACTTTGGTG.1,1244
TGTAAAACAGGGTG.1,1015
TGTAAAACATACCG.1,1015
TGTAAAACCAACTG.1,1244
TGTAAAACCAGATC.1,1016
TGTAAAACCTCGAA.1,1244
TGTAAAACGAAAGT.1,1015
TGTAACCTAAGTAG.1,1015
TGTAACCTACGTAC.1,1015
TGTAACCTCCACAA.1,1256
TGTAACCTCCCTCA.1,1244
TGTAACCTCTCCAC.1,1256
TGTAACCTTTCATC.1,1244
TGTAATGAACTTTC.1,107
TGTAATGAATCGGT.1,107
TGTAATGACAGTCA.1,1488
TGTAATGACCCGTT.1,1488
TGTAATGACCGATA.1,1016
TGTAATGACTCGCT.1,101
TGTACTTGCACAAC.1,1244
TGTACTTGCAGAGG.1,1015
TGTACTTGCGACAT.1,101
TGTACTTGCGCATA.1,1015
TGTACTTGGCAAGG.1,107
TGTACTTGGTTAGC.1,1015
TGTACTTGTCCAGA.1,101
TGTACTTGTCCTAT.1,1015
TGTACTTGTCGCAA.1,1015
TGTACTTGTGTCTT.1,1015
TGTAGGTGTCCCAC.1,1488
TGTAGTCTACCCAA.1,1244
TGTAGTCTGCGGAA.1,101
TGTAGTCTTAACCG.1,101
TGTAGTCTTCGCAA.1,1016
TGTAGTCTTTGAGC.1,1039
TGTATCTGAACGAA.1,1016
TGTATCTGGTAAGA.1,1256
TGTATCTGGTGTTG.1,1488
TGTATGCTAACGTC.1,1015
TGTATGCTCGTCTC.1,1244
TGTATGCTTCTCGC.1,1488
TGTCAGGACATGAC.1,1256
TGTCAGGACGAATC.1,
TGTCAGGACTTGAG.1,1488
TGTCTAACGGAGCA.1,1256
TGTGACGAAACGTC.1,1256
TGTGACGAAGCCTA.1,1016
TGTGACGACAACCA.1,1256
TGTGACGACCCTCA.1,1039
TGTGACGAGAGATA.1,1256
TGTGACGATCATTC.1,107
TGTGACGATCTAGG.1,1016
TGTGAGACATTCCT.1,1015
TGTGAGACCATACG.1,1244
TGTGAGACCATGCA.1,1016
TGTGAGACCGCAAT.1,1015
TGTGAGTGAACCAC.1,1016
TGTGAGTGAAGTAG.1,1244
TGTGAGTGCTGATG.1,107
TGTGAGTGCTTCTA.1,101
TGTGAGTGTATTCC.1,1488
TGTGAGTGTTATCC.1,1488
TGTGAGTGTTTCAC.1,1256
TGTGATCTTAACGC.1,1244
TGTGGATGAGCCTA.1,101
TGTGGATGGGCAAG.1,1244
TGTGGATGGGTTCA.1,1488
TGTGGATGTTACTC.1,1015
TGTTAAGACAAAGA.1,1039
TGTTAAGACTATTC.1,1244
TGTTAAGAGTGTCA.1,1244
TGTTAAGATTGTCT.1,1256
TGTTACACAGTGCT.1,1016
TGTTACACATCGAC.1,1488
TGTTACACGTTCTT.1,1256
TGTTACACTCCTAT.1,1488
TGTTACACTGTAGC.1,1015
TGTTACTGAAACAG.1,1015
TGTTACTGAAAGCA.1,1016
TGTTACTGCGACAT.1,1016
TGTTACTGCTTCCG.1,1016
TGTTACTGGAGCTT.1,101
TGTTACTGTCAGTG.1,1488
TGTTACTGTGCTCC.1,1244
TTAACCACGGTGAG.1,1244
TTAACCACTGTCAG.1,107
TTACAGCTCATGCA.1,1256
TTACAGCTCGTGTA.1,1256
TTACAGCTTACTGG.1,107
TTACCATGCCTATT.1,1244
TTACCATGCCTTTA.1,1016
TTACCATGGACAGG.1,1016
TTACCATGTTCGTT.1,1015
TTACGACTAACCTG.1,1256
TTACGACTCCGCTT.1,1244
TTACGACTCCTCCA.1,1256
TTACGACTCGATAC.1,1488
TTACGACTCTCAGA.1,1015
TTACGACTGGACAG.1,1016
TTACGACTTGCCCT.1,1244
TTACGTACGTAAGA.1,1015
TTACGTACTGTCAG.1,1015
TTACGTACTGTGAC.1,1015
TTACTCGAAACGAA.1,1244
TTACTCGAACCAAC.1,1244
TTAGAATGAAAGTG.1,1244
TTAGAATGTGTGAC.1,1256
TTAGACCTAAGAGT.1,1016
TTAGACCTAGAATG.1,1256
TTAGACCTAGTGTC.1,1015
TTAGACCTCCATAG.1,107
TTAGACCTGTTAGC.1,1256
TTAGCTACTGTCAG.1,1015
TTAGGGACAAGAGT.1,1015
TTAGGGACAGCAAA.1,1015
TTAGGGACCCACAA.1,1015
TTAGGGACGTACGT.1,1244
TTAGGGACTCTATC.1,1256
TTAGGGACTGAAGA.1,1256
TTAGGGTGACGCAT.1,1015
TTAGGGTGAGCCTA.1,1015
TTAGGGTGGCTGAT.1,1244
TTAGGGTGTTTCGT.1,1256
TTAGGTCTTCTGGA.1,1256
TTAGGTCTTTGGTG.1,1256
TTAGTCACCGAGTT.1,1016
TTAGTCACGGTCAT.1,101
TTAGTCACGTACCA.1,1488
TTAGTCACTATGCG.1,1256
TTAGTCACTGAGGG.1,1015
TTAGTCTGAGTCGT.1,1244
TTAGTCTGCTGTAG.1,1488
TTAGTCTGGAAGGC.1,1256
TTAGTCTGGCGAGA.1,1488
TTAGTCTGTAGCCA.1,1015
TTAGTCTGTGGATC.1,1015
TTAGTCTGTTCACT.1,1015
TTATCCGAAGGTTC.1,1488
TTATCCGAGATACC.1,1015
TTATCCGAGTGTTG.1,101
TTATCCGATCCTTA.1,1244
TTATCCGATTGGCA.1,107
TTATGAGAGGCAAG.1,1256
TTATGAGATACGCA.1,1256
TTATGCACCACTAG.1,107
TTATGCACCCGCTT.1,1244
TTATGCACCCTCAC.1,1244
TTATGGCTCCTTCG.1,1015
TTATGGCTGGTCAT.1,107
TTATGGCTTCATTC.1,1256
TTATGGCTTGGAGG.1,1488
TTATTCCTCCAACA.1,1039
TTATTCCTCGTGTA.1,1039
TTATTCCTGAGCTT.1,1039
TTATTCCTGCGATT.1,1244
TTATTCCTTCTCTA.1,1244
TTATTCCTTCTTTG.1,1016
TTCAAAGAACCCTC.1,1244
TTCAAAGAAGGTCT.1,1039
TTCAAAGACATGAC.1,1016
TTCAAAGACCCGTT.1,1244
TTCAAAGACGTCTC.1,1256
TTCAAAGATAACCG.1,1015
TTCAAAGATGACCA.1,1016
TTCAAAGATTGACG.1,1488
TTCAACACATGCCA.1,1244
TTCAACACCAACTG.1,1256
TTCAACACCTGTGA.1,1015
TTCAAGCTACAGTC.1,107
TTCAAGCTGACAAA.1,1015
TTCAAGCTGTACAC.1,1488
TTCAAGCTGTTACG.1,1256
TTCACAACATCTTC.1,1256
TTCACAACCCGTTC.1,101
TTCACAACCTGAGT.1,1015
TTCACAACTGACTG.1,1015
TTCACAACTGCAAC.1,1016
TTCACCCTACGACT.1,1016
TTCACCCTGGTAGG.1,1256
TTCACCCTTGCACA.1,1488
TTCAGACTAAGGGC.1,101
TTCAGACTAGCCTA.1,1256
TTCAGACTCCGAAT.1,1256
TTCAGTACAGCCAT.1,107
TTCAGTACCTGTTT.1,1256
TTCAGTACGCTAAC.1,1244
TTCAGTACTTCGCC.1,1015
TTCAGTTGAAAGCA.1,1015
TTCAGTTGCCCTTG.1,1016
TTCAGTTGCGAATC.1,1015
TTCAGTTGCGTCTC.1,107
TTCAGTTGCTACGA.1,1256
TTCAGTTGTCTTTG.1,101
TTCATCGAGTCTGA.1,1039
TTCATCGATCAGGT.1,101
TTCATCGATGAGAA.1,1244
TTCATCGATTGCAG.1,101
TTCATGACAGCCAT.1,1016
TTCATGACAGCGGA.1,1488
TTCATGACCTGACA.1,1015
TTCATGTGCGACTA.1,1488
TTCATGTGCGTGAT.1,1488
TTCATGTGCTCTAT.1,1488
TTCATGTGGCGTTA.1,1256
TTCATGTGGTATCG.1,1016
TTCATGTGTTCTCA.1,1256
TTCATTCTAAAAGC.1,1244
TTCATTCTACAGCT.1,1015
TTCATTCTACAGTC.1,1016
TTCATTCTCACAAC.1,1244
TTCATTCTCCAAGT.1,107
TTCATTCTTCCTGC.1,1256
TTCATTCTTCTCGC.1,1256
TTCCAAACAGGTTC.1,1488
TTCCAAACGGCGAA.1,1015
TTCCAAACGTGTCA.1,1016
TTCCAAACGTTCTT.1,1016
TTCCATGAAAGGTA.1,1244
TTCCATGAATGACC.1,101
TTCCATGACTTACT.1,1488
TTCCATGAGCATCA.1,1256
TTCCATGATCGCCT.1,101
TTCCCACTGCAGTT.1,1015
TTCCCACTTTACCT.1,1016
TTCCTAGACTGTCC.1,101
TTCCTAGAGGATCT.1,1015
TTCGAGGACATGCA.1,107
TTCGAGGATGCAGT.1,1015
TTCGATTGAAGTGA.1,1244
TTCGATTGCTTGGA.1,1244
TTCGATTGTGCCTC.1,1015
TTCGGAGAATTCGG.1,1488
TTCGGAGACATTGG.1,1244
TTCGGAGACGAACT.1,1256
TTCGGAGACGTGTA.1,1488
TTCGTATGATCGAC.1,1015
TTCGTATGTCCGTC.1,1244
TTCGTATGTGACAC.1,1244
TTCTACGAAACGTC.1,1256
TTCTACGAGAGATA.1,1244
TTCTACGAGTCGAT.1,1015
TTCTACGATACAGC.1,1256
TTCTAGTGAGGAGC.1,1016
TTCTAGTGAGTGTC.1,1488
TTCTAGTGCGCCTT.1,1016
TTCTAGTGGAAAGT.1,1016
TTCTCAGAAAAACG.1,1488
TTCTCAGAAATCGC.1,1488
TTCTCAGACCTTAT.1,1015
TTCTCAGATACGCA.1,1488
TTCTCAGATACTGG.1,1256
TTCTCAGATCTCGC.1,1015
TTCTGATGAGCATC.1,1015
TTCTGATGAGCTAC.1,1015
TTCTGATGAGTTCG.1,1015
TTCTGATGCCAACA.1,1256
TTCTGATGGAGGAC.1,1256
TTCTGATGGCCTTC.1,1015
TTCTGATGGTCATG.1,1488
TTCTGATGTACTTC.1,1016
TTCTGATGTCATTC.1,1015
TTCTGATGTCTCGC.1,
TTCTTACTCGGAGA.1,1244
TTCTTACTGGTAGG.1,101
TTGAACCTAACTGC.1,1488
TTGAACCTAATGCC.1,1015
TTGAACCTCCGTAA.1,1488
TTGAACCTCGGTAT.1,1015
TTGAACCTCTACCC.1,1488
TTGAATGAAAACGA.1,1256
TTGAATGAAGTTCG.1,1016
TTGAATGACTGACA.1,107
TTGACACTCTGCTC.1,1256
TTGACACTGACACT.1,101
TTGACACTGAGGTG.1,1256
TTGAGGACATGCTG.1,1488
TTGAGGACCTTGCC.1,1015
TTGAGGACTAGCCA.1,1488
TTGAGGTGACGTAC.1,1256
TTGAGGTGATCAGC.1,1488
TTGAGGTGCATCAG.1,1256
TTGAGGTGGGTTTG.1,1039
TTGAGGTGTAGACC.1,1488
TTGATCTGACGGGA.1,1488
TTGATCTGGACGTT.1,1015
TTGATCTGGCTGAT.1,1016
TTGATCTGGGAACG.1,1244
TTGATCTGGGTTTG.1,1244
TTGATCTGTACTGG.1,1256
TTGCATTGACCACA.1,1488
TTGCATTGAGCACT.1,1244
TTGCATTGCAGAGG.1,1244
TTGCATTGCAGTTG.1,1244
TTGCATTGCTCATT.1,1015
TTGCATTGCTGAGT.1,101
TTGCATTGGGTAGG.1,1256
TTGCATTGGGTCAT.1,1016
TTGCATTGGGTGGA.1,1244
TTGCATTGGTAGCT.1,1256
TTGCATTGTTTGGG.1,1488
TTGCTAACACCACA.1,1244
TTGCTAACCGCATA.1,1256
TTGCTAACCTAGCA.1,1015
TTGCTATGGCTCCT.1,1016
TTGCTATGGTGTAC.1,1016
TTGCTATGTCAGGT.1,1256
TTGCTATGTGCGTA.1,1016
TTGGAGACACGTAC.1,1244
TTGGAGTGAGGGTG.1,1015
TTGGAGTGCACTGA.1,1256
TTGGAGTGCTCGAA.1,
TTGGAGTGCTGTAG.1,1016
TTGGAGTGGTATGC.1,1256
TTGGAGTGGTTGTG.1,1256
TTGGAGTGTATTCC.1,1244
TTGGAGTGTTCCCG.1,1488
TTGGGAACTAGCCA.1,1016
TTGGTACTACACCA.1,1016
TTGGTACTCTCTTA.1,1015
TTGGTACTGCTTAG.1,1015
TTGGTACTGGTTCA.1,1256
TTGGTACTGTCATG.1,1256
TTGGTACTGTTCGA.1,1015
TTGGTACTTACTGG.1,1256
TTGGTACTTAGAAG.1,107
TTGTACACATAAGG.1,1016
TTGTACACCAGAAA.1,1039
TTGTACACCGGTAT.1,107
TTGTAGCTAAGATG.1,101
TTGTAGCTAATGCC.1,1256
TTGTAGCTAGTCAC.1,1015
TTGTAGCTCGCCTT.1,1015
TTGTAGCTCTCATT.1,1488
TTGTAGCTCTCGCT.1,1015
TTGTAGCTGCGTTA.1,1256
TTGTAGCTGGTGAG.1,1256
TTGTCATGAGATGA.1,1244
TTGTCATGCTAGTG.1,1016
TTGTCATGCTGGTA.1,101
TTGTCATGGTCACA.1,1015
TTTAGAGAATCAGC.1,1256
TTTAGAGACTGGAT.1,1244
TTTAGAGAGACGAG.1,1016
TTTAGAGAGCATAC.1,1488
TTTAGAGAGGACTT.1,1015
TTTAGAGATCCAAG.1,1244
TTTAGAGATCCTAT.1,1488
TTTAGAGATTCATC.1,1488
TTTAGCTGATTCCT.1,1016
TTTAGCTGCAATCG.1,1488
TTTAGCTGCATCAG.1,1015
TTTAGCTGTGTCAG.1,1016
TTTAGCTGTTTGTC.1,1016
TTTAGGCTACACGT.1,1039
TTTAGGCTCCCTAC.1,1244
TTTAGGCTCTCGAA.1,1015
TTTAGGCTTAGCCA.1,1015
TTTAGGCTTTCGGA.1,1015
TTTATCCTAAGTGA.1,1244
TTTATCCTCCCTTG.1,1039
TTTATCCTGCGAGA.1,
TTTATCCTGGAAAT.1,
TTTATCCTGGGATG.1,1244
TTTCACGAGAAACA.1,1016
TTTCACGATACTTC.1,1015
TTTCACGATGCTGA.1,1244
TTTCAGTGCCTGTC.1,1016
TTTCAGTGGACGAG.1,1015
TTTCAGTGTCCTGC.1,1244
TTTCCAGACGCATA.1,1039
TTTCGAACCAGATC.1,1016
TTTCGAACTTGCGA.1,1039
TTTCGAACTTGCTT.1,1488
TTTCTACTATGACC.1,107
TTTCTACTGAGGGT.1,1015
TTTCTACTGGTCTA.1,1015
TTTCTACTTGACCA.1,1015
TTTGACTGAAGCAA.1,1488
TTTGACTGAGTCGT.1,101
TTTGACTGCCGCTT.1,1244
TTTGACTGTTACCT.1,1015
TTTGCATGCTTCGC.1,101
TTTGCATGGTCCTC.1,1256
AAACATACCAAGCT.1,101
AAACATACCCCTAC.1,1488
AAACATACCCGTAA.1,1244
AAACATACCCTCGT.1,1488
AAACATACGAGGTG.1,1488
AAACATACGCGAAG.1,101
AAACATACGTCGTA.1,1488
AAACATACTCAGGT.1,1016
AAACATTGACCTGA.1,1244
AAACATTGACTTTC.1,1488
AAACATTGGTACCA.1,1016
AAACATTGGTGTCA.1,1488
AAACATTGTAGCCA.1,1488
AAACATTGTCCAGA.1,1015
AAACATTGTGCTAG.1,1016
AAACATTGTGTCCC.1,101
AAACATTGTGTGGT.1,1488
AAACATTGTTTGTC.1,101
AAACCGTGCTCTCG.1,1488
AAACCGTGCTGGAT.1,1488
AAACGCACAAGGGC.1,101
AAACGCACGCAGAG.1,1015
AAACGCACGTACAC.1,1015
AAACGCTGAAGAAC.1,1256
AAACGCTGAGCACT.1,101
AAACGCTGGCCCTT.1,1015
AAACGCTGGGTGGA.1,101
AAACGGCTCTTGGA.1,1015
AAACGGCTTACTCT.11,
AAACGGCTTGCTCC.1,1488
AAACTTGACGTGTA.11,
AAACTTGAGACACT.1,1256
AAACTTGAGCTATG.1,101
AAACTTGATCTAGG.1,1488
AAACTTGATCTCAT.1,1015
AAAGAGACAGCCAT.1,1015
AAAGAGACCTCTAT.1,1015
AAAGAGACGCAGAG.1,1488
AAAGAGACTGTGAC.1,1015
AAAGATCTCCTTTA.1,1015
AAAGATCTGAGAGC.1,101
AAAGATCTTGCGTA.1,1488
AAAGATCTTTCTCA.1,1488
AAAGCAGAAACAGA.1,1015
AAAGCAGAACGGGA.1,1039
AAAGCAGAACGTGT.1,1488
AAAGCAGAATTGGC.1,1015
AAAGCAGATTGCGA.1,1256
AAAGCCTGGGTTCA.1,1015
AAAGCCTGGTATCG.1,1015
AAAGCCTGTTCTAC.1,1244
AAAGGCCTACCATG.1,1039
AAAGGCCTAGCTCA.1,1015
AAAGGCCTCAAAGA.1,1015
AAAGGCCTCCGATA.1,1016
AAAGGCCTGACACT.1,1256
AAAGGCCTGTCTTT.1,1015
AAAGGCCTTCCCAC.1,1488
AAAGGCCTTGAGGG.1,1015
AAAGGCCTTTGCAG.1,101
AAAGTTTGACCCTC.1,101
AAAGTTTGCTTTAC.1,1256
AAAGTTTGTCCTTA.1,1488
AAAGTTTGTTATCC.1,1016
AAAGTTTGTTCGCC.1,1256
AAATACTGCAGCTA.1,107
AAATACTGCATGAC.1,1016
AAATACTGGACGAG.1,1488
AAATCAACAAGAAC.1,1015
AAATCAACGGCGAA.1,107
AAATCAACTTACTC.1,1039
AAATCATGAAGGTA.1,1244
AAATCATGCTCATT.1,1016
AAATCATGGATAGA.1,1039
AAATCATGGGACTT.1,1016
AAATCATGTCTAGG.1,1256
AAATCATGTTGAGC.1,1488
AAATCCCTAGACTC.1,1039
AAATCCCTAGGTCT.1,107
AAATCTGAACCACA.1,1244
AAATCTGATCGCCT.1,1256
AAATGGGAAACGTC.1,1488
AAATGGGAAGATCC.11,
AAATGGGACATGGT.1,1016
AAATGGGACCTCCA.1,101
AAATGGGACGTTAG.1,1015
AAATGGGAGTATGC.1,1256
AAATGGGATAGCGT.1,1488
AAATGGGATGAGAA.1,1488
AAATGTTGACCTAG.1,1016
AAATGTTGAGTAGA.1,1016
AAATGTTGCCTTCG.1,1015
AAATGTTGCGTAGT.1,1244
AAATGTTGCTACTT.1,1015
AAATGTTGGATAGA.1,1488
AAATGTTGGATGAA.1,1015
AAATGTTGTAAGGA.1,1488
AAATTCGAATACCG.1,1488
AAATTCGACTCTAT.1,1244
AAATTCGACTGTCC.1,1015
AAATTCGAGTACAC.1,1015
AAATTCGATACTTC.1,1015
AAATTCGATAGACC.1,1015
AAATTCGATCTCGC.1,1015
AAATTCGATGCTAG.1,1488
AAATTCGATGTGCA.11,
AAATTGACGACAGG.1,1488
AACAAACTATACCG.1,1244
AACAAACTCAGGAG.1,1256
AACAAACTGCGTAT.1,1488
AACAAACTTGAAGA.1,1256
AACAATACAAGTGA.1,1244
AACAATACCGTTAG.1,1244
AACAATACCTGAAC.1,1488
AACAATACGATAAG.1,1015
AACAATACGCAGAG.1,1039
AACACGTGCAATCG.1,1256
AACACGTGTGCTTT.1,1015
AACACTCTTCAAGC.1,1256
AACACTCTTGATGC.1,1016
AACAGAGAACGGAG.1,1244
AACAGAGAAGTTCG.1,1039
AACAGAGACATGCA.1,1015
AACAGAGACTACCC.1,1015
AACAGAGATCTGGA.1,1244
AACAGAGATGCTAG.1,1488
AACAGCACAATCGC.1,101
AACAGCACAGAGTA.1,1256
AACAGCACCCCAAA.1,1015
AACAGCACCCGTAA.1,1488
AACAGCACTATGGC.1,1015
AACAGCACTCTTTG.1,1015
AACATATGAGTACC.1,1244
AACATATGCACTGA.1,1039
AACATATGGCAAGG.1,1015
AACATATGGCTCCT.1,1244
AACATTGAAGAACA.1,1488
AACATTGAAGTTCG.1,1015
AACATTGACAGGAG.1,1015
AACATTGACTCAAG.1,101
AACATTGAGTTTGG.1,101
AACATTGATGGTGT.1,1015
AACCACGAAGCCAT.1,1488
AACCACGAAGGTTC.1,1016
AACCACGAGAATCC.11,
AACCACGAGCCATA.1,1016
AACCACGAGCCCTT.1,1015
AACCACGAGGTGTT.1,1488
AACCACGAGTTCGA.1,1015
AACCACGATCGATG.1,1015
AACCACGATCTTAC.1,1488
AACCACGATGCCTC.1,1256
AACCACGATTCTTG.1,1039
AACCAGTGACGCAT.1,107
AACCAGTGATCTCT.1,1256
AACCAGTGATGTCG.1,101
AACCAGTGCTGCAA.1,1016
AACCAGTGGGAACG.1,1244
AACCAGTGTGCACA.1,1016
AACCCAGAACCCAA.1,1039
AACCCAGAACGGTT.1,1244
AACCCAGAAGCTAC.1,1256
AACCCAGAGCCTTC.1,1016
AACCCAGAGTGAGG.1,1016
AACCCAGATTGCTT.1,1244
AACCGATGACACGT.1,1244
AACCGATGAGAACA.1,1015
AACCGATGCAGATC.1,1039
AACCGATGCTGAAC.1,1488
AACCGATGGAGGGT.1,1015
AACCGATGGCGGAA.1,1488
AACCGCCTAATCGC.1,1256
AACCGCCTATCGAC.1,1256
AACCGCCTCAACTG.1,1016
AACCGCCTCACTCC.1,1244
AACCGCCTCCCACT.1,1488
AACCGCCTCTTCTA.1,1016
AACCGCCTGTGTCA.1,1015
AACCGCCTTAACCG.1,1039
AACCGCCTTTCGGA.1,1488
AACCTACTATTGGC.1,107
AACCTACTCCCGTT.1,1015
AACCTACTCTCATT.1,101
AACCTACTCTCGAA.1,107
AACCTTACATACCG.1,1256
AACCTTACGCTGTA.1,1016
AACCTTACGTACCA.1,1039
AACCTTTGAAACGA.1,1256
AACCTTTGACGTGT.1,1256
AACCTTTGAGTAGA.1,1488
AACCTTTGCATTGG.1,101
AACCTTTGTTTCAC.1,1015
AACCTTTGTTTGGG.1,1015
AACGCAACAGGGTG.1,1256
AACGCAACGCGAAG.1,101
AACGCAACGTTACG.1,1015
AACGCAACTCCTAT.1,1256
AACGCATGACTACG.1,1016
AACGCATGTAGACC.1,1256
AACGCATGTGCTCC.1,1015
AACGCATGTGTCCC.1,1016
AACGCCCTCCCTCA.11,
AACGCCCTCCCTTG.1,101
AACGCCCTCCTCGT.1,107
AACGCCCTCGATAC.1,101
AACGCCCTGTAAAG.1,101
AACGGTACATGCCA.1,1015
AACGGTACCGTGAT.1,1016
AACGGTACGAGGCA.1,1015
AACGGTACGCTATG.1,101
AACGGTACGGACGA.1,1256
AACGGTACGTATGC.1,1244
AACGGTACGTTACG.1,1244
AACGGTACTACAGC.1,1488
AACGGTACTCGATG.1,1016
AACGGTACTGTCAG.1,1015
AACGGTTGCTGACA.1,1015
AACGGTTGGGTCTA.1,1244
AACGGTTGGTATGC.1,1256
AACGGTTGTCCCAC.1,1015
AACGTCGACAAAGA.1,1244
AACGTCGACCTGAA.1,1244
AACGTGTGAAAAGC.1,1256
AACGTGTGAAGGGC.1,1015
AACGTGTGGACGGA.1,107
AACGTGTGTGAGGG.1,1256
AACGTTCTAGCAAA.1,1244
AACGTTCTAGCGTT.1,1039
AACGTTCTCCTATT.1,1256
AACGTTCTGGGTGA.1,1256
AACGTTCTGTTGGT.1,101
AACGTTCTTACTTC.1,1488
AACGTTCTTCGCTC.11,
AACGTTCTTTTGCT.1,1016
AACTACCTAAACAG.1,1256
AACTACCTAAGCCT.1,1244
AACTACCTAGATCC.1,1488
AACTACCTCAATCG.1,1488
AACTACCTCTAGCA.1,1015
AACTCACTCCCTAC.1,1256
AACTCACTGAGGGT.1,1016
AACTCACTTATCGG.1,1039
AACTCACTTGAGGG.1,101
AACTCGGACCCAAA.1,1039
AACTCGGACTAGCA.1,1488
AACTCGGAGTTCAG.1,1016
AACTCGGATAAGGA.1,1256
AACTCTTGGGCATT.1,1256
AACTCTTGGTCTTT.1,1016
AACTCTTGTGTGCA.1,1015
AACTCTTGTTGACG.1,1256
AACTGTCTCGGAGA.1,1256
AACTGTCTCTATGG.1,1244
AACTGTCTGCTTAG.1,101
AACTGTCTGGACTT.1,1016
AACTGTCTGGATCT.1,1244
AACTGTCTTAAGCC.1,1256
AACTGTCTTGGTAC.1,1488
AACTTGCTATGCTG.1,1488
AACTTGCTCAACTG.1,1488
AACTTGCTCACTGA.1,1015
AACTTGCTCCCACT.1,1488
AACTTGCTGGGACA.1,1015
AACTTGCTGGGATG.1,1016
AACTTGCTTCTGGA.1,1039
AAGAACGAATTCGG.1,1016
AAGAACGACCCAAA.11,
AAGAACGACTACTT.1,1488
AAGAACGACTTGTT.1,1256
AAGAACGATGTGCA.1,1039
AAGAAGACGGGATG.1,1015
AAGAAGACTCTACT.1,1488
AAGAAGACTCTTCA.1,1488
AAGAAGACTGTAGC.1,101
AAGAAGACTTCCAT.1,1244
AAGAATCTACTGTG.1,101
AAGAATCTATCGGT.1,1488
AAGAATCTCGTACA.1,1015
AAGAATCTCTGCTC.1,1039
AAGAATCTGACGAG.1,1015
AAGAATCTGAGCAG.1,1015
AAGAATCTGGTTAC.1,1039
AAGAATCTGTGCAT.1,1488
AAGACAGAAAAACG.1,1015
AAGACAGACGTACA.1,1488
AAGACAGATTCGGA.1,1015
AAGACAGATTGGCA.1,1016
AAGAGATGAACAGA.1,1256
AAGAGATGCAAAGA.1,1016
AAGAGATGCCGATA.1,1256
AAGAGATGTACGAC.1,101
AAGAGATGTGCAAC.1,1015
AAGAGATGTTGCTT.1,1015
AAGATGGAAGACTC.1,1488
AAGATGGACGGTAT.1,1244
AAGATGGAGTCAAC.1,107
AAGATTACACACCA.1,101
AAGATTACGAATCC.1,101
AAGATTACGCTATG.1,101
AAGATTACGGTTTG.1,1015
AAGCAAGACCCTCA.1,1256
AAGCAAGAGGTATC.1,1015
AAGCAAGATTCACT.1,101
AAGCACTGAGGGTG.1,1016
AAGCACTGCCGCTT.1,1256
AAGCACTGGAATGA.1,1015
AAGCACTGTTCGCC.1,1016
AAGCCAACCCGCTT.1,1015
AAGCCAACGCCATA.1,1015
AAGCCAACGTGTCA.1,1256
AAGCCAACTCTCCG.1,1488
AAGCCAACTGACCA.1,107
AAGCCATGGTCACA.1,1488
AAGCCATGGTCTTT.1,1488
AAGCCATGTCCTCG.1,101
AAGCCATGTCGTTT.1,1016
AAGCCATGTGACTG.1,1256
AAGCCATGTTCGCC.1,1488
AAGCCTGAAACGTC.1,1488
AAGCCTGAAGCTCA.1,1256
AAGCGACTAGTCAC.1,1488
AAGCGACTCCACAA.1,1244
AAGCGACTCCTATT.1,107
AAGCGACTGCAGTT.1,1256
AAGCGACTGTACAC.1,1244
AAGCGACTTAAAGG.1,101
AAGCGTACTACAGC.1,1488
AAGCGTACTCTGGA.1,1244
AAGCGTACTGTCAG.1,1488
AAGGCTACAAGGGC.1,1256
AAGGCTACATCAGC.1,1256
AAGGCTACCTACCC.1,1015
AAGGCTACGAAAGT.1,1488
AAGGCTACTGCTGA.1,1039
AAGGCTACTGTCAG.1,107
AAGGCTTGCAAGCT.1,1488
AAGGCTTGCCCAAA.1,1488
AAGGCTTGGAGAGC.1,1015
AAGGCTTGGCGTAT.1,1244
AAGGCTTGGCTCCT.1,1244
AAGGTCACAGCCTA.1,1488
AAGGTCACCAAGCT.1,107
AAGGTCACCTTGTT.1,1488
AAGGTCACGTCGAT.1,1256
AAGGTCACTACTGG.1,1488
AAGGTCTGCAGAGG.1,1016
AAGGTCTGCTCAGA.1,1256
AAGGTCTGCTCTAT.1,1015
AAGGTCTGGACAGG.1,1015
AAGGTCTGTTCAGG.1,1244
AAGGTGCTAAGGGC.1,1015
AAGGTGCTAATCGC.1,1256
AAGGTGCTCTGATG.1,1256
AAGGTGCTGGTTCA.1,1015
AAGGTGCTGTCTTT.1,1488
AAGGTGCTTCCGAA.1,1256
AAGGTGCTTGGATC.1,1488
AAGGTGCTTTCACT.1,1244
AAGTAACTCTCTCG.1,1015
AAGTAACTTACGAC.1,1256
AAGTAGGACAGGAG.1,1256
AAGTAGGACTAGCA.1,1039
AAGTAGGATCGCAA.1,1488
AAGTAGGATTGAGC.1,1244
AAGTATACCTAGAC.1,1256
AAGTATACTACAGC.1,1015
AAGTATACTCTAGG.1,1015
AAGTATACTTCTCA.1,1256
AAGTCCGAAATGCC.1,1488
AAGTCCGAATCGGT.1,1488
AAGTCCGACCTTCG.1,1015
AAGTCCGACTCTTA.1,1256
AAGTCCGAGGTAAA.1,1016
AAGTCTCTCGAACT.1,1488
AAGTCTCTTCATTC.1,1015
AAGTCTCTTTGCTT.1,1256
AAGTGCACAACGAA.1,1244
AAGTGCACAAGCAA.1,1488
AAGTGCACGTTAGC.1,1256
AAGTGCACTGCCAA.1,101
AAGTGGCTGTCTAG.1,101
AAGTTATGACACTG.1,1488
AAGTTATGGAACTC.1,1244
AAGTTATGTACGCA.1,1244
AAGTTATGTTCACT.1,1244
AAGTTATGTTTCGT.1,1016
AAGTTCCTAAACAG.1,1256
AAGTTCCTAACGAA.1,1488
AAGTTCCTAGCCTA.1,1015
AAGTTCCTCCCGTT.1,1256
AAGTTCCTGAAACA.1,1256
AAGTTCCTGACGAG.1,1488
AAGTTCCTGGTGGA.11,
AAGTTCCTGTATCG.1,101
AAGTTCCTGTTCGA.1,1256
AAGTTCCTTGCTCC.1,1039
AAGTTCCTTTCCCG.1,1488
AATAACACATACCG.1,1488
AATAACACTCCGTC.1,1016
AATAACACTGCTGA.1,1488
AATAACACTGGTCA.1,1016
AATAAGCTAGAGGC.1,101
AATAAGCTCTATTC.11,
AATAAGCTTGTAGC.1,1256
AATAAGCTTGTGCA.1,1244
AATAAGCTTTCCGC.1,1488
AATACCCTACCTCC.1,1244
AATACCCTCGTGAT.11,
AATACTGACCTGTC.11,
AATACTGACTGGTA.1,101
AATACTGAGGACTT.1,1015
AATACTGATCACGA.11,
AATAGGGAACCCAA.1,101
AATAGGGAACTACG.1,1256
AATAGGGAGTCCTC.1,1256
AATAGGGATCAGGT.1,1015
AATAGGGATTAGGC.1,1488
AATAGGGATTCTCA.1,1015
AATAGGGATTCTGT.1,1488
AATATCGAATGTCG.1,1256
AATATCGACACCAA.1,1256
AATATCGACTCTCG.1,1015
AATATCGACTTTAC.1,1016
AATATCGAGAGGCA.11,
AATATCGAGCGTAT.1,1256
AATATCGAGTCGAT.1,1488
AATCAAACCAGGAG.1,1256
AATCAAACTGATGC.1,1015
AATCAAACTGGTCA.1,1488
AATCAAACTGTCTT.1,1015
AATCAAACTTAGGC.1,1244
AATCCGGAAGCAAA.1,1015
AATCCGGAAGTGCT.1,101
AATCCGGACTCGCT.1,1015
AATCCGGATCGTTT.1,1256
AATCCGGATCTCTA.1,1015
AATCCGGATGACCA.1,1244
AATCCTACACGTGT.1,1256
AATCCTACCGCCTT.1,101
AATCCTACCTCCAC.1,1015
AATCCTACGAATCC.1,1256
AATCCTACGGTTTG.1,1488
AATCCTACTCACGA.1,1488
AATCCTACTCGCCT.1,1244
AATCCTTGATGTCG.1,1244
AATCCTTGCATGGT.11,
AATCCTTGCTGGAT.1,1244
AATCCTTGGTCGTA.1,1244
AATCCTTGTGGATC.1,1488
AATCCTTGTGGTTG.1,1016
AATCGGTGACCCAA.1,1488
AATCGGTGCGAACT.1,1039
AATCGGTGCGTAGT.1,1256
AATCGGTGCTAAGC.1,1039
AATCGGTGTTGAGC.1,1256
AATCTAGAACACGT.1,1488
AATCTAGAATAAGG.1,1256
AATCTAGACGACTA.1,1244
AATCTAGAGCGTAT.1,1016
AATCTAGATATCGG.1,1039
AATCTAGATCTTTG.1,101
AATCTCACAAGAGT.1,101
AATCTCACGCTCCT.1,1016
AATCTCTGAGAGGC.1,1016
AATCTCTGAGCCTA.1,1015
AATCTCTGATCGTG.1,1488
AATCTCTGCAAAGA.1,1015
AATCTCTGCCCAAA.1,101
AATCTCTGCGACAT.1,1015
AATCTCTGCGTCTC.1,1244
AATCTCTGCTATTC.1,1015
AATCTCTGGAACCT.1,1256
AATCTCTGGTCTGA.1,1488
AATGAGGAAGGTCT.1,1488
AATGAGGACTATTC.1,1488
AATGAGGACTCAGA.1,1016
AATGAGGAGTATCG.1,1244
AATGAGGATGCCAA.1,1244
AATGAGGATGTAGC.11,
AATGATACGTTTCT.1,1488
AATGATACTTGAGC.1,1015
AATGCGTGCACTAG.1,107
AATGCGTGCTGTGA.1,1256
AATGCGTGTACAGC.1,1015
AATGCGTGTCCAAG.1,1256
AATGCGTGTGTTCT.1,101
AATGGAGAGCAGTT.1,1015
AATGGAGAGGCAAG.1,1488
AATGGCTGAACTGC.1,1256
AATGGCTGCTGGTA.1,1488
AATGGCTGTCAGAC.1,1015
AATGGCTGTGGTCA.1,1256
AATGTAACAAACAG.1,1244
AATGTAACCGTGTA.1,1015
AATGTAACCTGTTT.1,1488
AATGTAACGTCATG.1,1015
AATGTAACTTCGTT.1,1256
AATGTAACTTGGCA.1,1488
AATGTCCTACCTAG.11,
AATGTCCTACGTTG.11,
AATGTCCTAGTACC.1,1015
AATGTCCTATTCTC.1,1015
AATGTCCTCCGAAT.1,101
AATGTCCTCGAACT.1,1488
AATGTCCTGTACGT.11,
AATGTCCTTGGGAG.1,1015
AATGTTGAAACCGT.1,1256
AATGTTGAAGGGTG.1,107
AATGTTGACGCAAT.1,1256
AATTACGAAAGAAC.1,1244
AATTACGACCTTTA.1,1244
AATTACGACTGGAT.1,1488
AATTACGAGAATGA.1,1015
AATTCCTGAAGGTA.1,107
AATTCCTGACACAC.1,1244
AATTCCTGCATTTC.1,1256
AATTCCTGGTACAC.1,1488
AATTGATGCGTTAG.1,1015
AATTGATGCTCATT.1,1488
AATTGATGGGTCTA.1,1488
AATTGATGTCAGAC.1,101
AATTGTGACATCAG.1,107
AATTGTGACTTCTA.1,1256
AATTGTGATGTGAC.1,1016
AATTGTGATTTCGT.1,1015
ACAAAGGAAGCACT.1,1256
ACAAAGGAGACTAC.1,1015
ACAAAGGAGTACGT.1,1488
ACAAAGGATCAGTG.1,1015
ACAAAGGATGGGAG.1,1015
ACAAATTGAGACTC.1,1016
ACAAATTGCTGAAC.1,1256
ACAAATTGGTTGTG.1,1015
ACAAATTGTAGAAG.11,
ACAACCGACAAAGA.1,101
ACAACCGAGGTGGA.1,101
ACAACCGATGTCAG.1,1488
ACAAGAGAAGAGGC.1,1488
ACAAGAGACGCATA.1,1488
ACAAGAGACTAGCA.1,107
ACAAGAGAGTTGAC.1,1488
ACAAGAGATAGAAG.1,1244
ACAAGAGATCTTCA.1,1016
ACAAGAGATTGTGG.1,1256
ACAAGCACATTGGC.1,1256
ACAAGCACCGCAAT.1,1016
ACAAGCACCTTCTA.1,1015
ACAAGCACTACGCA.1,1015
ACAATAACAATGCC.1,1015
ACAATAACATTCCT.1,1016
ACAATAACCAGCTA.1,1244
ACAATAACCCTGAA.1,1244
ACAATAACTCGATG.1,1256
ACAATCCTATCAGC.1,1244
ACAATCCTATCTCT.11,
ACAATCCTATTCGG.1,1488
ACAATCCTCCTCCA.1,1015
ACAATCCTCTCGCT.1,1015
ACAATCCTGACAGG.1,1488
ACAATCCTGTGTCA.1,1039
ACAATCCTTAAGCC.1,1015
ACAATCCTTGGCAT.1,1488
ACAATTGAAAAGCA.1,1016
ACAATTGAAAGGCG.1,1015
ACAATTGAACGGAG.1,1256
ACAATTGAAGATGA.1,1039
ACAATTGACATTCT.1,1256
ACAATTGAGAATAG.1,1244
ACAATTGAGAGGTG.1,1488
ACAATTGATTGTCT.1,1016
ACACAGACACGGTT.1,1015
ACACAGACATGTGC.1,1256
ACACAGACCGTTGA.1,1244
ACACAGACTTCTAC.1,1244
ACACAGACTTGACG.1,1488
ACACAGACTTGCGA.1,1015
ACACATCTACACCA.1,1015
ACACATCTCGCCTT.11,
ACACCAGAAAGGCG.1,1256
ACACCAGAAATCGC.1,1488
ACACCAGAATGCTG.1,1488
ACACCAGAGACGGA.1,1015
ACACCAGAGATGAA.1,1256
ACACCAGAGCGTTA.1,1244
ACACCAGAGTAAAG.1,1015
ACACCAGATGACCA.1,1488
ACACCAGATTCGTT.1,1256
ACACCCTGACGTGT.1,1256
ACACCCTGGTAAAG.1,1488
ACACCCTGGTTGAC.1,1488
ACACCCTGTCAGAC.1,1015
ACACCCTGTCCAGA.1,1016
ACACCCTGTTGGCA.1,1015
ACACGAACCCTGAA.1,1244
ACACGAACCTCTAT.1,1016
ACACGAACGTCTAG.1,1244
ACACGAACGTTGAC.1,101
ACACGAACTTGTCT.1,107
ACACGATGAAAAGC.1,1488
ACACGATGAAGCCT.1,101
ACACGATGACCACA.1,1244
ACACGATGACCTTT.1,1015
ACACGATGACTTTC.1,101
ACACGATGCTGGAT.1,1015
ACACGATGGGTCAT.1,1488
ACACGATGTTCAGG.1,1244
ACACGTGAGAATCC.1,1256
ACACGTGAGCTTAG.1,1015
ACACGTGAGTATGC.1,1256
ACACGTGATCCCAC.1,1016
ACACGTGATCCCGT.1,1244
ACACGTGATGAACC.1,1488
ACACGTGATGGTCA.1,1039
ACAGACACACGGAG.1,1015
ACAGACACCGAGAG.1,1256
ACAGACACCTAAGC.11,
ACAGACACGGTAAA.1,1015
ACAGACACTCAGGT.1,1016
ACAGACACTCTTAC.1,1256
ACAGCAACCATGGT.1,1015
ACAGCAACGAACTC.1,1488
ACAGCAACGAGACG.1,1244
ACAGCAACTATGCG.1,1244
ACAGCAACTGAGGG.1,107
ACAGGTACATGACC.1,107
ACAGGTACCGAGTT.1,1244
ACAGGTACCGTGTA.1,1015
ACAGGTACGATGAA.11,
ACAGGTACGCCCTT.1,1015
ACAGGTACGGACTT.1,1256
ACAGGTACTGCTCC.1,1488
ACAGTCGAATCACG.11,
ACAGTCGACATGGT.1,1256
ACAGTCGAGAGGAC.1,101
ACAGTCGATTCGGA.1,1256
ACAGTGACATGTGC.1,1244
ACAGTGACCACCAA.1,1015
ACAGTGACCCACCT.1,107
ACAGTGACGAGGAC.1,1256
ACAGTGACGGTACT.1,1256
ACAGTGACTGCGTA.1,1488
ACAGTGACTGTCCC.1,1488
ACAGTGTGAAGATG.1,1016
ACAGTGTGAAGTGA.1,1256
ACAGTGTGACGGGA.1,1488
ACAGTGTGAGATGA.1,1488
ACAGTGTGCCCAAA.1,1016
ACAGTGTGGCCTTC.1,1244
ACAGTGTGGTTTCT.1,1488
ACAGTGTGTGCTGA.1,1015
ACAGTGTGTGGATC.1,1256
ACAGTTCTCCACAA.1,1256
ACAGTTCTCTGATG.1,1256
ACAGTTCTCTTAGG.1,1039
ACAGTTCTGACGTT.1,1015
ACATACCTGTTGAC.1,107
ACATCACTCAGTCA.1,1488
ACATCACTCTGTTT.1,1244
ACATCACTGGAGGT.1,1244
ACATCACTGGTGGA.1,1256
ACATCACTGTTTCT.1,107
ACATGGTGACCCTC.1,1039
ACATGGTGACGCAT.1,1016
ACATGGTGACGGAG.1,1256
ACATGGTGCCTATT.1,1488
ACATGGTGCGTTAG.1,1244
ACATGGTGCTCCCA.1,1488
ACATGGTGCTGGTA.1,101
ACATGGTGGGTATC.1,1256
ACATGGTGTGCGTA.1,1256
ACATTCTGCCCTAC.1,1256
ACATTCTGCGAATC.1,1039
ACATTCTGCTACTT.1,1488
ACATTCTGCTTAGG.1,1015
ACATTCTGGTAGCT.1,1244
ACCAACGAACTGTG.1,1256
ACCAACGACCACAA.1,1016
ACCAACGATTGAGC.1,101
ACCACAGAACGTGT.1,1015
ACCACCTGCGATAC.1,1244
ACCACCTGCTTCTA.1,1015
ACCACCTGTCTATC.1,1256
ACCACGCTGACGGA.1,1015
ACCACGCTTCCTCG.1,1016
ACCACGCTTGGATC.1,1244
ACCAGCCTCTTATC.1,1016
ACCAGCCTTCCCAC.1,1039
ACCAGCCTTTATCC.1,1256
ACCAGCCTTTGGCA.1,1488
ACCAGTGAAATGCC.1,107
ACCAGTGAAGCCTA.1,1039
ACCAGTGAGACGTT.1,101
ACCATTACATGGTC.1,107
ACCATTACGCGGAA.1,1488
ACCATTTGCCGCTT.1,1256
ACCATTTGCTCCCA.1,1256
ACCATTTGTTCCAT.1,1015
ACCATTTGTTGACG.1,1244
ACCCAAGAAGCACT.1,101
ACCCAAGAGAAACA.1,1039
ACCCAAGAGAAGGC.1,1256
ACCCAAGAGCTAAC.1,1256
ACCCACTGAAACGA.1,1256
ACCCACTGACAGTC.1,1488
ACCCACTGACGTTG.1,1488
ACCCACTGGGAAAT.1,1244
ACCCACTGGGTTAC.1,1244
ACCCACTGTAAGCC.1,1015
ACCCACTGTAAGGA.1,1488
ACCCACTGTGGAGG.1,1488
ACCCAGCTAGTCAC.1,1244
ACCCAGCTAGTCTG.1,1256
ACCCAGCTGAGGGT.1,1016
ACCCGTACAAAGTG.1,1256
ACCCGTACAGCGGA.1,1016
ACCCGTACAGCGTT.11,
ACCCGTACCCTGAA.1,1256
ACCCGTACCGTGTA.1,1244
ACCCGTACGAGCTT.1,107
ACCCGTACGTCTAG.1,1488
ACCCGTACTAAAGG.1,1256
ACCCGTTGATCTTC.1,1488
ACCCGTTGCATTTC.1,1256
ACCCGTTGGAGAGC.1,1488
ACCCGTTGGCGTAT.1,1244
ACCCGTTGTGACAC.1,1488
ACCCTCGACGAGAG.1,107
ACCCTCGACGATAC.1,1256
ACCCTCGACGTAGT.1,1015
ACCCTCGAGGTACT.1,1256
ACCCTCGAGTATGC.1,1488
ACCCTCGAGTCTAG.1,1256
ACCCTCGATGTGCA.1,1016
ACCCTCGATTCGCC.1,1488
ACCGAAACATTGGC.1,1015
ACCGAAACTACTTC.1,1015
ACCGCGGAAAGATG.1,1256
ACCGCGGAAAGTGA.1,1488
ACCGCGGACTGATG.1,1015
ACCGCGGATGGTAC.1,1016
ACCGTGCTCAAAGA.1,1015
ACCGTGCTTTGCTT.1,1244
ACCTATTGAATGCC.1,1256
ACCTATTGACCGAT.1,1488
ACCTATTGATTCTC.1,101
ACCTATTGGAAGGC.1,101
ACCTATTGGCGAGA.1,1488
ACCTATTGGTCGAT.1,1244
ACCTATTGTTCACT.1,1488
ACCTCCGAACTGTG.1,1244
ACCTCCGAAGGAGC.1,1015
ACCTCCGAATTGGC.1,1256
ACCTCCGACACTCC.11,
ACCTCCGACCTTAT.1,107
ACCTCCGATGGTTG.1,1244
ACCTCCGATTCATC.1,1488
ACCTCGTGCAAGCT.1,1256
ACCTCGTGCATACG.1,1016
ACCTCGTGTATCTC.1,1015
ACCTGAGAAAAGTG.1,107
ACCTGAGAACACGT.1,1244
ACCTGAGAACGTTG.1,1016
ACCTGAGAGTCGAT.1,1244
ACCTGAGATCCGTC.1,1015
ACCTGAGATCCTTA.1,1256
ACCTGAGATGCTAG.11,
ACCTGAGATGGTTG.1,1015
ACCTGGCTCGTAAC.1,1015
ACCTGGCTGACGTT.1,101
ACCTTTGAAAGCCT.1,1015
ACCTTTGACGTTGA.1,101
ACCTTTGATCGCAA.1,1256
ACCTTTGATGCATG.1,1244
ACCTTTGATGGATC.1,101
ACCTTTGATTCTTG.1,1256
ACGAACACTAGACC.1,1244
ACGAACTGCAACCA.1,101
ACGAACTGCTACGA.1,1015
ACGAACTGGCAAGG.1,107
ACGAACTGGCTAAC.1,1015
ACGAACTGGGGTGA.1,1016
ACGAACTGGTATGC.1,101
ACGAACTGTATCTC.1,1015
ACGAACTGTCCAGA.1,1039
ACGAAGCTCTTGGA.1,1015
ACGAAGCTTCTACT.1,1488
ACGAAGCTTGACCA.11,
ACGACAACTAAGGA.1,1039
ACGACAACTGGTCA.1,1244
ACGACCCTAGATCC.1,1488
ACGACCCTAGCACT.1,1016
ACGACCCTATGCTG.1,1016
ACGACCCTCAGTCA.1,1488
ACGACCCTCTCTCG.1,1488
ACGACCCTCTGAGT.1,1256
ACGACCCTCTGTCC.1,107
ACGACCCTGGTAGG.1,1488
ACGAGGGACGTTGA.1,1016
ACGAGGGAGAATCC.1,1488
ACGAGGGAGGGAGT.1,1256
ACGAGGGATAGTCG.1,1015
ACGAGTACCAGCTA.1,1244
ACGAGTACCCCGTT.1,1015
ACGAGTACCTCAAG.1,1256
ACGAGTACCTCGAA.1,1015
ACGAGTACGGTCTA.1,101
ACGAGTACTATGGC.11,
ACGAGTACTCGATG.1,107
ACGAGTACTGAGGG.1,1488
ACGATCGACATTTC.1,1016
ACGATCGACGGTAT.1,1244
ACGATCGAGCGATT.1,1256
ACGATCGAGGAACG.1,1244
ACGATCGAGTACAC.1,101
ACGATCGATCTAGG.1,1015
ACGATGACATCTCT.1,107
ACGATGACGTTACG.1,1016
ACGATGACTGAGGG.1,1039
ACGATTCTCTATTC.1,1015
ACGATTCTGATACC.1,1488
ACGATTCTGTGTAC.1,1015
ACGATTCTTCGACA.1,1016
ACGATTCTTGCCAA.1,1015
ACGCAATGACGGTT.1,101
ACGCAATGGCGTAT.1,1488
ACGCACCTACCTGA.1,1256
ACGCACCTATCGTG.1,1488
ACGCACCTCAACTG.1,107
ACGCACCTGAACTC.1,1488
ACGCACCTGACGTT.1,1488
ACGCACCTGAGGAC.1,1039
ACGCACCTGCATCA.1,1488
ACGCACCTGGATTC.1,1488
ACGCACCTTCTGGA.1,1016
ACGCACCTTGGGAG.1,1488
ACGCCACTACTAGC.1,1244
ACGCCACTATGCCA.1,1016
ACGCCACTCAACCA.1,1244
ACGCCACTCAATCG.11,
ACGCCACTCCCACT.1,1488
ACGCCACTCCGAAT.1,1256
ACGCCACTCTTACT.1,107
ACGCCACTCTTCTA.1,1015
ACGCCACTGAAGGC.1,1015
ACGCCACTTCAAGC.1,1256
ACGCCACTTGGATC.1,1244
ACGCCACTTTTCAC.1,1488
ACGCCGGAAACGGG.1,1256
ACGCCGGAAGACTC.1,1244
ACGCCGGACCGAAT.1,107
ACGCCGGACCTTTA.1,1244
ACGCCGGAGCGGAA.1,1015
ACGCCGGATATCGG.1,1244
ACGCCTTGCCGTTC.1,1244
ACGCCTTGCTTCTA.1,1488
ACGCCTTGGTTAGC.1,1016
ACGCCTTGTAAAGG.1,107
ACGCCTTGTCCCGT.1,1015
ACGCCTTGTCGATG.1,1256
ACGCCTTGTCTTTG.1,1256
ACGCGGTGACAGTC.1,1016
ACGCGGTGAGCACT.1,1244
ACGCGGTGAGCATC.1,107
ACGCGGTGGGAGTG.1,1244
ACGCGGTGGTCGAT.1,1256
ACGCGGTGTTCAGG.1,1488
ACGCTCACAGTCTG.1,1488
ACGCTCACCTCAAG.1,1016
ACGCTCACCTTCTA.1,1015
ACGCTCACGGTAGG.1,101
ACGCTCACGTAGCT.1,1256
ACGCTCACTTGGCA.1,1488
ACGCTGCTGACAGG.1,1015
ACGCTGCTGGTACT.1,107
ACGCTGCTGTTGGT.1,101
ACGCTGCTTGAAGA.1,1015
ACGGAACTAGACTC.1,1256
ACGGAACTCATACG.1,1256
ACGGAACTGAGGGT.1,1256
ACGGAACTTCCCGT.1,1256
ACGGAACTTGCTCC.1,1016
ACGGAGGACTACCC.1,1256
ACGGATTGCTCAAG.1,1016
ACGGATTGCTCTCG.1,1244
ACGGATTGCTGATG.1,1488
ACGGATTGCTTCTA.1,1015
ACGGATTGGAATAG.1,1488
ACGGATTGGGCAAG.1,1039
ACGGATTGTCCGTC.1,1015
ACGGATTGTCGTTT.1,1015
ACGGATTGTGTAGC.1,1256
ACGGCGTGCACACA.1,1015
ACGGCGTGCTGACA.1,1488
ACGGCGTGGAGCAG.1,1488
ACGGCTCTATCGTG.1,1015
ACGGCTCTGAGGGT.1,1039
ACGGCTCTTCTGGA.1,1244
ACGGCTCTTGTCTT.1,1244
ACGGGAGAAGCAAA.1,101
ACGGGAGACCTTGC.1,1015
ACGGGAGAGCAAGG.1,1244
ACGGGAGAGGTCAT.1,1488
ACGGGAGATAAGGA.1,1244
ACGGGAGATCCCAC.1,1016
ACGGGAGATGAACC.1,1488
ACGGTAACCAACTG.1,101
ACGGTAACCTCGCT.1,1256
ACGGTAACGCGAGA.1,1016
ACGGTAACGGGCAA.1,1256
ACGGTATGCTGTTT.1,1015
ACGGTATGGCTCCT.1,1016
ACGGTATGGTTGGT.1,1016
ACGGTATGTTCACT.1,1244
ACGGTCCTAAAACG.1,107
ACGGTCCTAGCTCA.1,1488
ACGGTCCTCAGATC.1,1256
ACGGTCCTCTCCCA.1,101
ACGGTCCTGAACTC.1,101
ACGGTCCTGCATAC.11,
ACGGTCCTGTCTAG.1,1244
ACGGTCCTTTGGTG.1,1256
ACGTAGACATCTCT.1,1244
ACGTAGACCAGTCA.1,101
ACGTCAGAAAGGCG.1,1015
ACGTCAGAACCTGA.1,1015
ACGTCAGAATGACC.1,1256
ACGTCAGAGCTTCC.1,1244
ACGTCAGATATGGC.1,1016
ACGTCAGATGAAGA.1,1015
ACGTCCTGACTTTC.1,1488
ACGTCCTGGGTGGA.1,1256
ACGTCCTGTCATTC.11,
ACGTCGCTAGTAGA.1,1244
ACGTCGCTGGCGAA.1,101
ACGTCGCTTATGCG.1,1488
ACGTCGCTTTGACG.1,1488
ACGTGATGACCAAC.1,101
ACGTGATGGTGTTG.1,1256
ACGTGATGTATCTC.1,1039
ACGTGCCTAGCATC.1,1256
ACGTGCCTCGCCTT.1,1488
ACGTGCCTCTAGTG.1,1488
ACGTGCCTCTGAGT.1,1015
ACGTGCCTGGAGTG.1,101
ACGTGCCTGTACGT.1,1256
ACGTTACTCACTCC.1,1488
ACGTTACTGCGTTA.1,1488
ACGTTACTGGACTT.1,1015
ACGTTACTTATGCG.1,1488
ACGTTACTTCTAGG.1,101
ACGTTACTTGTCAG.1,1016
ACGTTGGAAAGGTA.1,1488
ACGTTGGAACTGGT.1,1015
ACGTTGGACTTGAG.1,1039
ACGTTGGATCGTGA.1,1015
ACGTTGGATGAACC.1,1244
ACGTTGGATGGTTG.1,1256
ACGTTTACGAGCAG.1,1244
ACTAAAACATAAGG.1,101
ACTAAAACATCTTC.1,1016
ACTAAAACCACTCC.1,1488
ACTAAAACCACTGA.1,101
ACTAAAACTCATTC.1,1488
ACTAAAACTTCGGA.1,1244
ACTAAAACTTGGCA.1,1244
ACTACGGAGAGCTT.1,1244
ACTACGGATTTACC.1,1244
ACTACTACAGCGGA.1,1015
ACTACTACAGTCAC.1,101
ACTACTACCTAAGC.1,1256
ACTACTACGCTCCT.1,1016
ACTAGGTGCAGGAG.1,1039
ACTAGGTGCCGCTT.1,1039
ACTAGGTGCTCAGA.1,1244
ACTAGGTGGGCATT.1,1016
ACTAGGTGTGCTTT.1,1488
ACTATCACAACGTC.1,107
ACTATCACGCCAAT.1,1244
ACTATCACTGAGAA.1,1244
ACTCAGGAAGATCC.1,107
ACTCAGGAAGATGA.1,1488
ACTCAGGACTATTC.1,1039
ACTCAGGATCTAGG.1,1256
ACTCCCGACTTCGC.1,1244
ACTCCCGAGCTCCT.1,1016
ACTCCCGATACGAC.1,1488
ACTCCTCTAGCACT.1,101
ACTCCTCTAGGGTG.1,1015
ACTCCTCTCAATCG.1,1244
ACTCCTCTCCCTTG.1,1256
ACTCCTCTCTGTAG.1,1039
ACTCCTCTGTAAGA.1,1244
ACTCCTCTGTGAGG.1,1244
ACTCCTCTTGGTCA.1,1016
ACTCGAGACTTGTT.11,
ACTCGAGAGCCAAT.1,1015
ACTCGAGAGTTTGG.1,1256
ACTCGCACACCAAC.1,1488
ACTCGCACAGCCAT.1,1244
ACTCGCACATGCCA.1,1244
ACTCGCACCTTAGG.1,1015
ACTCGCACGGTATC.1,1015
ACTCGCACGTAAAG.1,1039
ACTCGCACGTAGCT.1,1256
ACTCGCACTGCACA.1,1015
ACTCGCACTGTTCT.1,1015
ACTCTATGAGATCC.11,
ACTCTATGCCAAGT.1,1488
ACTCTATGCCTTTA.1,1016
ACTCTATGGGAAGC.1,1015
ACTCTATGGTACGT.11,
ACTCTATGTGGTCA.1,1244
ACTCTCCTAGCAAA.1,1256
ACTCTCCTGGTAGG.1,1016
ACTCTCCTTGAAGA.1,1256
ACTCTCCTTGCTTT.1,1015
ACTCTCCTTTGTGG.1,1015
ACTGAGACAACGTC.1,1244
ACTGAGACCCACCT.1,1244
ACTGAGACGCGATT.1,1015
ACTGAGACGGAACG.1,101
ACTGAGACGTGTAC.1,101
ACTGAGACTCAGGT.1,1016
ACTGCCACGTCATG.1,101
ACTGCCACTCAGAC.1,1244
ACTGCCTGACTGTG.1,101
ACTGCCTGCCGTTC.1,1256
ACTGCCTGCTGACA.1,1039
ACTGCCTGGGCAAG.1,101
ACTGCCTGGTGCTA.1,1015
ACTGCCTGTGGAGG.1,1488
ACTGGCCTAGAATG.1,1256
ACTGGCCTAGCATC.1,1016
ACTGGCCTCACTAG.1,1015
ACTGGCCTCTACTT.1,101
ACTGGCCTCTTAGG.1,1016
ACTGGCCTGGACAG.1,1015
ACTGGCCTGGGATG.1,1015
ACTGGCCTGTCTTT.1,1015
ACTGGCCTTCTCCG.1,1488
ACTGGCCTTGTGGT.1,107
ACTGTGGAACGGAG.1,1015
ACTGTGGAACTGGT.1,101
ACTGTGGATGCTAG.1,1039
ACTGTGGATGGTGT.1,101
ACTGTTACATGTCG.1,1488
ACTGTTACCAAAGA.1,1015
ACTGTTACCGTGTA.1,1488
ACTGTTACGTATGC.1,1256
ACTGTTACGTGCTA.1,1244
ACTTAAGAAGCGTT.1,1039
ACTTAAGAATTGGC.1,1256
ACTTAAGACCGCTT.1,1039
ACTTAAGATGCACA.1,1256
ACTTAGCTTCGTGA.1,1016
ACTTCAACACGGAG.1,1488
ACTTCAACAGAATG.1,1256
ACTTCAACCCACAA.1,1488
ACTTCAACCCCTTG.1,1244
ACTTCAACCTACTT.1,1016
ACTTCAACTTAGGC.1,1015
ACTTCCCTCGGAGA.1,1256
ACTTCCCTTTCTTG.11,
ACTTCCCTTTTACC.1,1256
ACTTCTGAACGTGT.1,1488
ACTTCTGAGGTTTG.1,107
ACTTCTGATACGCA.1,1256
ACTTCTGATTACCT.1,1015
ACTTCTGATTCACT.1,1256
ACTTGACTGAGCTT.1,1256
ACTTGACTTGTGCA.1,1015
ACTTGGGAAAAGTG.1,1015
ACTTGGGACAAAGA.1,1016
ACTTGGGACCTCAC.1,1015
ACTTGGGAGAGCAG.1,1488
ACTTGGGATGTGCA.1,101
ACTTGTACAGGCGA.1,1016
ACTTGTACATCGGT.1,1015
ACTTGTACCTATGG.1,1015
ACTTGTACGTAAGA.1,1256
ACTTGTACTAAGGA.1,1015
ACTTGTACTACTTC.1,1488
ACTTTGTGAAAAGC.1,1488
ACTTTGTGATAAGG.1,1488
ACTTTGTGATTTCC.1,101
ACTTTGTGCGTGAT.1,1039
AGAAACGAACCTAG.1,1256
AGAAAGTGAGTCAC.1,1015
AGAAAGTGCAGAGG.1,1256
AGAAAGTGGCAGTT.1,1016
AGAAAGTGGTGTCA.1,1256
AGAACAGAACGCAT.1,1244
AGAACAGAGTGTAC.1,1015
AGAACAGATTCTTG.1,1016
AGAACGCTCCACAA.1,1488
AGAACGCTGTTTCT.1,1256
AGAACGCTTCGCAA.1,101
AGAAGATGCTTGCC.1,1488
AGAATACTACTGTG.1,1244
AGAATACTGGTAGG.1,101
AGAATACTTCCTGC.1,1015
AGAATACTTTCCGC.1,1016
AGAATACTTTTCGT.1,1256
AGAATGGAACCCTC.1,101
AGAATGGAACTACG.1,1015
AGAATGGACTAAGC.1,1015
AGAATTTGAAACAG.1,1039
AGAATTTGCGTGAT.1,1015
AGAATTTGCTGAGT.1,1016
AGAATTTGGGATCT.1,1039
AGAATTTGGGTGAG.1,1244
AGAATTTGGTTCTT.1,1244
AGAATTTGTGCACA.1,101
AGAATTTGTTGCAG.1,107
AGACACACACCTAG.1,101
AGACACACAGTCAC.1,1256
AGACACACAGTGTC.1,1015
AGACACACCACTTT.1,1488
AGACACACCATTGG.1,1015
AGACACACCTGATG.1,101
AGACACACCTGGAT.1,1256
AGACACACTATGCG.1,1244
AGACACTGAAGCAA.1,1039
AGACACTGAGTCGT.1,1015
AGACACTGATTGGC.1,101
AGACACTGCCGAAT.1,1244
AGACACTGTAACCG.1,101
AGACACTGTACAGC.1,1016
AGACACTGTCTCTA.1,1016
AGACACTGTCTTAC.1,1244
AGACACTGTCTTTG.1,1015
AGACACTGTTAGGC.1,1244
AGACACTGTTCACT.1,1016
AGACCTGAAAGCCT.1,1256
AGACCTGACGGTAT.1,101
AGACCTGACTTAGG.1,107
AGACCTGATCGTAG.1,1488
AGACGTACAGGCGA.1,1016
AGACGTACCTCTTA.1,1488
AGACGTACGAGATA.1,1039
AGACGTACGAGGGT.1,1244
AGACGTACGGCGAA.1,1244
AGACGTACTAGAGA.1,1256
AGACTCGACATTCT.1,1244
AGACTCGACTACCC.1,107
AGACTCGAGGTACT.1,1016
AGACTGACCCTCGT.1,101
AGACTGACTCCTAT.1,1016
AGACTGACTCTCGC.1,1015
AGACTGACTTCTTG.1,1488
AGACTTCTCCAACA.1,1256
AGACTTCTGTGCTA.1,1488
AGAGAAACATAAGG.1,101
AGAGAAACCATCAG.1,1016
AGAGAAACCTGTAG.1,1488
AGAGAAACGGAAGC.1,1488
AGAGAAACTCTTCA.1,1488
AGAGAAACTGATGC.1,1015
AGAGAAACTTGAGC.1,1015
AGAGAAACTTTCTG.1,1256
AGAGAATGCTGTAG.1,1488
AGAGAATGGAGGTG.1,1256
AGAGAATGGCTGTA.1,1015
AGAGAATGGGGATG.1,1244
AGAGATGAACCAGT.1,1256
AGAGATGAACCTGA.1,1016
AGAGATGAGTTGGT.1,101
AGAGATGATGGAAA.1,1015
AGAGATGATGGTCA.1,1244
AGAGATGATGTCGA.1,1488
AGAGCGGACAACCA.1,101
AGAGCGGACCTCGT.1,1488
AGAGCGGAGATAGA.1,1256
AGAGCGGATGATGC.1,1015
AGAGCTACCGATAC.1,1488
AGAGCTACTCGCAA.1,107
AGAGCTACTCGTGA.1,1488
AGAGGTCTACACGT.1,1488
AGAGGTCTACGACT.1,1015
AGAGGTCTGAAACA.1,1256
AGAGGTCTGCGAGA.1,1256
AGAGGTCTGTACCA.1,107
AGAGTCACAAGCAA.1,1015
AGAGTCACACCTAG.1,1016
AGAGTCACCGATAC.1,1016
AGAGTCACTGCTCC.1,1244
AGAGTCTGACGTAC.1,1016
AGAGTCTGCTCAAG.1,1488
AGAGTGCTAATGCC.1,1015
AGAGTGCTCGTGAT.1,1244
AGAGTGCTGCAGTT.1,1488
AGAGTGCTGGCAAG.1,1244
AGAGTGCTGGTAAA.1,1488
AGAGTGCTGTTGAC.1,1015
AGATATACACGCTA.1,1015
AGATATACCGAATC.1,1015
AGATATACGTTGGT.1,1488
AGATATTGGCTCCT.1,1016
AGATATTGGCTTAG.1,1256
AGATATTGGGTATC.1,1488
AGATATTGTGGAGG.1,101
AGATCGTGCCAAGT.1,1039
AGATCGTGGGTATC.1,1488
AGATCGTGTTCCCG.1,1488
AGATCTCTTGGTCA.1,1488
AGATCTCTTTCGGA.1,107
AGATTAACCACCAA.1,1244
AGATTAACCCTGTC.1,1488
AGATTAACCGTAAC.1,1039
AGATTAACCGTCTC.1,1488
AGATTAACGACAGG.1,1015
AGATTAACGGAGTG.1,1015
AGATTAACGGCAAG.1,1244
AGATTAACGGTGTT.11,
AGATTAACTATTCC.1,1016
AGATTAACTCAGAC.1,1016
AGATTAACTGAAGA.11,
AGATTAACTTCACT.1,1256
AGATTCCTAGTCTG.1,1015
AGATTCCTGAATGA.1,101
AGATTCCTGGTAGG.1,1015
AGATTCCTGTCTAG.1,1256
AGATTCCTGTTGTG.1,101
AGATTCCTTTCTTG.1,1015
AGCAAAGACTTTAC.1,1015
AGCAACACCGAGAG.11,
AGCAACACGACGGA.1,1016
AGCAACACGATACC.1,1488
AGCAACACGGACAG.1,1015
AGCAACACGGACGA.1,1015
AGCAACACGGTTAC.1,1488
AGCAACACTGCCTC.1,1256
AGCAAGCTAAGGTA.1,1015
AGCAAGCTAGCACT.1,1488
AGCAAGCTCCCAAA.1,101
AGCAAGCTCGCAAT.1,1244
AGCAAGCTTGGTAC.1,1256
AGCAAGCTTGGTCA.1,1015
AGCAAGCTTGTGGT.1,1039
AGCACAACCCGCTT.1,1488
AGCACAACCGGAGA.1,1256
AGCACAACGAACTC.1,101
AGCACTGAAGCCTA.1,1015
AGCACTGAATAAGG.1,1488
AGCACTGAATGACC.1,1256
AGCACTGAATGCCA.1,1488
AGCACTGACCTTGC.1,1244
AGCACTGATTATCC.1,1016
AGCATCGAACTCAG.1,1016
AGCATCGAGGGTGA.1,1015
AGCATCGATGAGAA.1,1016
AGCATCGATTCGCC.1,1015
AGCATGACAGCTCA.1,1015
AGCATGACGCTAAC.1,1244
AGCATGACGTAAGA.1,1015
AGCATGACTTACTC.1,1488
AGCATTCTAAGTAG.1,1039
AGCATTCTACGTGT.1,1244
AGCATTCTAGTCAC.1,1488
AGCATTCTGAGCTT.1,1015
AGCATTCTTAGAAG.1,1256
AGCCAATGAGTGCT.1,1016
AGCCAATGCAGTCA.1,1256
AGCCAATGCCTATT.1,1016
AGCCAATGGTCTAG.1,1488
AGCCAATGGTTCTT.1,1256
AGCCAATGTCAGGT.1,1015
AGCCAATGTGCTTT.1,1488
AGCCAATGTTTGGG.1,1488
AGCCACCTAGAATG.1,1015
AGCCACCTCCCTAC.1,1016
AGCCACCTTGAAGA.1,1015
AGCCACCTTGTAGC.1,101
AGCCACCTTGTTCT.1,1016
AGCCGGACCGAATC.1,1244
AGCCGGACCGTCTC.1,1015
AGCCGGACCTCTCG.1,101
AGCCGGACTCCAGA.1,1256
AGCCGGTGACGTGT.1,1256
AGCCGGTGAGAGAT.1,1015
AGCCGGTGAGAGGC.1,101
AGCCGGTGCCTTCG.1,1488
AGCCGGTGCTACTT.1,1015
AGCCGGTGCTGACA.1,1015
AGCCGGTGGAATAG.1,1015
AGCCGGTGTAGAAG.1,1256
AGCCGTCTACAGTC.1,107
AGCCGTCTTGAGAA.1,1488
AGCCTCACAAAAGC.1,107
AGCCTCACACGACT.1,1015
AGCCTCACACGTAC.1,1015
AGCCTCACCCCACT.1,1016
AGCCTCACCGCTAA.1,1488
AGCCTCACCTCCAC.1,1016
AGCCTCACGGTCAT.1,1488
AGCCTCACGTCCTC.1,1015
AGCCTCACTAACCG.11,
AGCCTCACTGAAGA.1,101
AGCCTCTGACAGCT.1,1256
AGCCTCTGACTGGT.11,
AGCCTCTGCCCAAA.1,1016
AGCCTCTGTATCTC.1,1039
AGCCTCTGTGTTCT.1,1015
AGCCTCTGTTGCGA.1,1488
AGCGAACTAAAACG.1,1015
AGCGAACTAATGCC.1,1015
AGCGAACTCCATGA.1,1039
AGCGAACTGAGCAG.1,107
AGCGAACTGCTACA.1,107
AGCGAACTGCTGTA.1,1244
AGCGAACTTATGCG.1,1015
AGCGAACTTTCCAT.1,101
AGCGATACAGCTCA.1,1488
AGCGATACGGGCAA.1,1244
AGCGATACTTGAGC.1,1488
AGCGATTGAGCGTT.1,1256
AGCGATTGTTTGTC.1,107
AGCGCCGAAAAGCA.1,1256
AGCGCCGAGCAGAG.1,1256
AGCGCCGATACTTC.1,101
AGCGCCGATGACCA.1,1016
AGCGCTCTCATGAC.1,1039
AGCGCTCTCTCTTA.1,1244
AGCGCTCTGGCATT.1,1488
AGCGCTCTGTATGC.11,
AGCGCTCTGTGTTG.1,1244
AGCGCTCTTTAGGC.1,1015
AGCGGCACCAACTG.1,1256
AGCGGCACCTCGAA.1,1244
AGCGGCACCTTAGG.11,
AGCGGCACCTTCTA.1,1039
AGCGGCACCTTGGA.1,1256
AGCGGCACGGTTCA.1,107
AGCGGCACGTCTAG.1,1016
AGCGGCTGAAGATG.1,101
AGCGGCTGACACTG.1,1488
AGCGGCTGAGGTCT.1,1488
AGCGGCTGCATGGT.1,1256
AGCGGCTGCCTCGT.1,1488
AGCGGCTGGTTGGT.1,1039
AGCGGCTGTCATTC.1,1256
AGCGGCTGTGTTCT.1,1488
AGCGGCTGTTGTGG.1,1244
AGCGGGCTAACCTG.1,1488
AGCGGGCTACGGAG.1,1015
AGCGGGCTCACCAA.1,1016
AGCGGGCTCCAAGT.1,1256
AGCGGGCTCCTGTC.1,1244
AGCGGGCTGTAGGG.1,1039
AGCGGGCTTGTAGC.1,1488
AGCGGGCTTGTCCC.1,1039
AGCGGGCTTTACCT.1,1039
AGCGTAACAGATCC.1,1015
AGCGTAACCGTAGT.1,1488
AGCGTAACGCATCA.1,1488
AGCGTAACGCGGAA.1,101
AGCGTAACGGAGCA.1,1256
AGCGTAACGTAAGA.1,1015
AGCTCGCTCATGGT.1,1488
AGCTCGCTGATAGA.1,1244
AGCTGAACACACCA.1,1016
AGCTGAACCTGACA.1,1488
AGCTGAACGCATCA.1,101
AGCTGAACGGAACG.1,1488
AGCTGAACTACAGC.1,1015
AGCTGAACTGTGCA.1,101
AGCTGCCTACACCA.1,1015
AGCTGCCTACCGAT.1,1016
AGCTGCCTCCTTGC.1,1015
AGCTGCCTGAATCC.1,1015
AGCTGCCTGACAAA.1,1016
AGCTGCCTGACAGG.1,101
AGCTGCCTTCGACA.1,1039
AGCTGCCTTCGATG.1,1488
AGCTGCCTTCTGGA.1,1488
AGCTGTGACGACTA.1,1256
AGCTGTGAGAGGGT.1,1016
AGCTGTGAGCAGTT.1,1488
AGCTTACTAATGCC.1,1488
AGCTTACTAGATCC.1,1256
AGCTTACTAGCCAT.1,101
AGCTTACTCACACA.1,1244
AGCTTACTGTCATG.1,1256
AGCTTACTTCAGGT.1,1039
AGCTTACTTCCGAA.1,1256
AGCTTTACAGTGTC.1,1256
AGCTTTACCTATGG.1,1488
AGCTTTACCTCAGA.1,1039
AGCTTTACTGCTGA.1,101
AGCTTTACTTTCTG.1,1244
AGGAAATGCAACTG.1,1488
AGGAAATGGAAACA.1,1015
AGGAAATGGGTCTA.1,1488
AGGAAATGGTTACG.1,1039
AGGAAATGTGCTAG.1,1488
AGGAACCTCCTAAG.1,1488
AGGAACCTGAAAGT.1,1244
AGGAATGAAAGATG.1,1015
AGGAATGATCACGA.1,101
AGGAATGATGCCCT.1,107
AGGACACTACAGCT.1,101
AGGACACTCATGGT.1,1015
AGGACACTGGAGCA.1,1016
AGGACACTTGCATG.1,1244
AGGACTTGAAGAAC.1,1244
AGGACTTGACCAAC.1,1256
AGGACTTGAGTACC.1,101
AGGACTTGAGTGCT.1,1488
AGGACTTGCTAGAC.1,101
AGGACTTGGGTTTG.1,1039
AGGACTTGGTTCAG.1,1488
AGGACTTGGTTGGT.1,107
AGGACTTGTCTCCG.1,1256
AGGAGTCTACTGTG.1,1256
AGGAGTCTCGTAAC.1,1015
AGGAGTCTCGTCTC.1,1015
AGGAGTCTGAGACG.1,107
AGGAGTCTGTTGTG.1,1244
AGGAGTCTTGAGGG.1,1488
AGGAGTCTTTACCT.1,1015
AGGATAGACAACTG.1,1015
AGGATAGACGACAT.1,107
AGGATAGAGGACTT.1,1015
AGGATAGATCCCGT.11,
AGGATGCTCTCAAG.1,1488
AGGATGCTTATGCG.1,1015
AGGATGCTTCCCAC.1,1256
AGGCAACTAGTCGT.1,1015
AGGCAACTATTGGC.1,1244
AGGCAACTTAAGGA.1,1488
AGGCAACTTGCTAG.1,1256
AGGCAGGAAAAAGC.1,1244
AGGCAGGAACGTGT.1,1039
AGGCAGGAGCTTCC.1,107
AGGCAGGATCCAGA.1,1016
AGGCCTCTACCATG.1,1256
AGGCCTCTAGAATG.1,1015
AGGCCTCTGACGTT.1,1015
AGGCCTCTGTAGCT.1,1488
AGGCCTCTTCACCC.1,1015
AGGCCTCTTGTGAC.1,1015
AGGCCTCTTTGACG.1,1256
AGGCTAACATAAGG.1,1488
AGGCTAACGTACAC.1,1015
AGGCTAACTGAAGA.1,1488
AGGCTAACTGACAC.1,1244
AGGGACGAACTAGC.1,107
AGGGACGACCTGTC.1,1256
AGGGACGAGCCCTT.1,101
AGGGACGAGGGAGT.1,1244
AGGGACGATCCGTC.1,1016
AGGGACGATCTACT.1,1015
AGGGAGTGCGATAC.1,1039
AGGGAGTGCTTCTA.1,1488
AGGGCCACACAGTC.1,1039
AGGGCCACCCATGA.1,1015
AGGGCCACCGGGAA.1,1016
AGGGCCACTCCTGC.1,1256
AGGGCCTGAAGGCG.1,1016
AGGGCCTGCGCTAA.1,1256
AGGGCCTGGACAGG.1,1244
AGGGCCTGTCGTTT.1,101
AGGGCGCTATTTCC.1,1256
AGGGCGCTCATTTC.1,1015
AGGGCGCTTAGTCG.1,1039
AGGGCGCTTATGGC.1,1015
AGGGCGCTTGAAGA.1,1015
AGGGCGCTTGCTTT.1,1015
AGGGCGCTTTCTAC.1,1256
AGGGTGGAATCTTC.1,1256
AGGGTGGACACTTT.1,1016
AGGGTGGAGGAAGC.1,101
AGGGTGGATGAGGG.1,1016
AGGGTGGATTGGTG.1,101
AGGGTTTGACGGTT.1,107
AGGGTTTGACGTTG.1,1256
AGGGTTTGATGACC.1,101
AGGGTTTGGTAAGA.1,101
AGGGTTTGGTTGCA.1,1488
AGGTACACAGGCGA.1,1256
AGGTACACAGTCAC.1,1015
AGGTACACCCAAGT.1,1256
AGGTACACCGTGTA.11,
AGGTACACGAGACG.1,1015
AGGTACTGATGCTG.1,1015
AGGTACTGCCCACT.1,1488
AGGTACTGGAAAGT.1,1015
AGGTACTGTTCCAT.1,1488
AGGTCATGCTTATC.1,1015
AGGTCATGGGAACG.1,1016
AGGTCATGTTTCAC.1,1015
AGGTCTGACTTCTA.1,1256
AGGTCTGATAGCGT.1,1015
AGGTCTGATCTCCG.1,1015
AGGTCTGATGCCTC.1,1488
AGGTGGGAATGCCA.1,1488
AGGTGTTGGTACGT.1,107
AGGTGTTGGTGTCA.1,1488
AGGTGTTGGTTGTG.1,1256
AGGTGTTGGTTTGG.1,1016
AGGTGTTGTCTTCA.1,1015
AGGTTCGAGTCTTT.1,1244
AGGTTCGATTCACT.1,1488
AGGTTGTGACTGGT.1,101
AGGTTGTGCAGTTG.1,1015
AGGTTGTGCCTTGC.1,1488
AGGTTGTGGCGTAT.1,107
AGGTTGTGGTAGGG.1,107
AGGTTGTGTGGCAT.1,1015
AGGTTGTGTTCGTT.1,101
AGTAAGGAACACCA.1,1256
AGTAAGGATCGATG.1,1244
AGTAAGGATGAACC.1,1244
AGTAATACATCGGT.1,1244
AGTAATACCTCTTA.1,1016
AGTAATACCTGGTA.1,1488
AGTAATACGCATCA.1,1015
AGTAATACGGTCTA.1,1015
AGTAATACGTCTGA.1,1488
AGTAATACTAGAGA.1,1488
AGTAATACTAGCGT.1,1244
AGTAATTGAGCGGA.1,1488
AGTAATTGCTAAGC.1,1015
AGTAATTGCTGACA.1,1256
AGTAATTGCTGATG.1,1016
AGTAATTGGCGAAG.1,1244
AGTAATTGGTTCTT.1,1015
AGTAATTGTTGGCA.1,1015
AGTACGTGCATCAG.1,1488
AGTACGTGCCGTAA.1,1488
AGTACGTGCTTGTT.1,1488
AGTACGTGGATAGA.1,1488
AGTACGTGGCTGAT.1,101
AGTACGTGTGTCAG.1,1016
AGTACTCTACACAC.1,1488
AGTACTCTCCTATT.1,107
AGTACTCTGAGACG.1,1488
AGTACTCTGGGCAA.1,1256
AGTACTCTTCGCAA.1,1244
AGTACTCTTCTTAC.1,1244
AGTAGAGAAAAGCA.1,1488
AGTAGAGAAACGTC.1,1016
AGTAGAGACTGAGT.1,1488
AGTAGAGAGAGGGT.1,1016
AGTAGAGAGTTTCT.1,1016
AGTAGGCTAGTACC.1,1015
AGTAGGCTCAGATC.1,1488
AGTAGGCTCTTGAG.1,1015
AGTAGGCTTACTTC.1,1244
AGTATAACGGCAAG.1,1244
AGTATAACGTCACA.1,101
AGTATAACTTCTGT.1,1244
AGTATCCTACCGAT.1,101
AGTATCCTCTACGA.1,1244
AGTATCCTCTTACT.1,1015
AGTATCCTGCAGTT.1,1256
AGTATCCTGCTATG.1,1488
AGTATCCTGGGACA.1,107
AGTATCCTGGTGGA.1,1256
AGTATCCTGGTTTG.1,101
AGTATCCTGTACAC.1,1015
AGTATCCTTCGTTT.1,1488
AGTATCCTTGGCAT.1,1015
AGTCACGACTGGAT.1,1016
AGTCACGAGCAGTT.1,1015
AGTCAGACCGTGTA.1,107
AGTCAGACGGTAGG.1,1015
AGTCAGACTTACCT.11,
AGTCCAGACCGATA.1,1256
AGTCCAGACCTTTA.1,101
AGTCGAACAGAGTA.1,101
AGTCGAACCCATGA.1,101
AGTCGAACGGGTGA.1,1015
AGTCGCCTCATGCA.1,1015
AGTCGCCTCGGGAA.1,1015
AGTCGCCTGGAACG.1,1039
AGTCGCCTGTAAGA.1,1244
AGTCGCCTTGTGCA.1,1256
AGTCTACTACACGT.1,1256
AGTCTACTAGCAAA.1,1244
AGTCTACTCTATGG.1,1256
AGTCTACTTGTGCA.1,1016
AGTCTTACACACCA.1,1015
AGTCTTACCAACCA.1,1488
AGTCTTACGATACC.1,101
AGTCTTACGTGCTA.1,1016
AGTCTTACTGAGGG.1,1256
AGTGAAGACACTCC.1,1039
AGTGAAGACAGAGG.1,1488
AGTGAAGACGAATC.1,1039
AGTGAAGAGGTTCA.1,1015
AGTGAAGAGTTACG.1,1488
AGTGACACAAAGTG.1,1015
AGTGACACGAACCT.1,1488
AGTGACACGTACGT.1,1488
AGTGACACTCGCCT.1,1039
AGTGACACTGTCTT.1,1488
AGTGACTGAGTCGT.1,1016
AGTGACTGATGTGC.1,101
AGTGACTGCACACA.1,1015
AGTGACTGCACTCC.1,1256
AGTGACTGTTCGTT.1,1039
AGTGCAACAGATGA.1,1488
AGTGCAACCACTTT.1,1016
AGTGCAACCGGTAT.1,1256
AGTGTGACACACAC.1,1488
AGTGTGACCAGAGG.1,1015
AGTGTGACCATGCA.1,1488
AGTGTGACCGTTAG.1,1256
AGTGTGACCTGTAG.1,1488
AGTGTGACGCGAAG.1,1256
AGTGTGACGCTACA.1,1244
AGTGTGACGGAACG.1,1256
AGTGTGACGGGCAA.1,1016
AGTGTTCTAAGGTA.1,107
AGTGTTCTAGTGTC.1,1244
AGTTAAACCCGTTC.1,1015
AGTTAAACCGCAAT.1,1244
AGTTAAACCGTACA.1,1015
AGTTAAACCTGAGT.1,1015
AGTTAAACCTGTCC.1,1488
AGTTAAACGGTGGA.1,1488
AGTTAAACTGCCTC.1,1016
AGTTATGACACTAG.1,1488
AGTTATGACTACGA.1,1039
AGTTATGAGCGTAT.1,1039
AGTTATGATAGCGT.1,101
AGTTATGATGAAGA.1,1015
AGTTATGATGAGCT.1,1015
AGTTATGATTTACC.1,1256
AGTTATGATTTCTG.1,1016
AGTTCTACAGAAGT.1,1015
AGTTCTACAGGTTC.1,1039
AGTTCTACCAGGAG.1,107
AGTTCTACCTACCC.1,1256
AGTTCTACGGGTGA.1,1488
AGTTCTACGTACCA.1,1015
AGTTCTACTAAGGA.1,1488
AGTTCTACTGTCAG.1,101
AGTTCTTGCTGAGT.1,1488
AGTTCTTGTCCGAA.1,1015
AGTTGTCTACACCA.1,1039
AGTTGTCTACACGT.1,101
AGTTGTCTATTCCT.1,1488
AGTTGTCTCCTTTA.1,1244
AGTTGTCTGGGATG.1,1488
AGTTGTCTTACTGG.1,1256
AGTTGTCTTCAAGC.1,1488
AGTTTAGACCACCT.1,1256
AGTTTCACCTGACA.1,1016
AGTTTCACGACACT.1,1488
AGTTTCACTGCTAG.1,1039
AGTTTGCTATGGTC.1,1015
AGTTTGCTCTATTC.1,1015
AGTTTGCTGCAGTT.1,1488
AGTTTGCTGCTACA.1,1015
AGTTTGCTGGGATG.1,101
AGTTTGCTGGTTCA.1,1256
AGTTTGCTTCAAGC.1,107
AGTTTGCTTGAAGA.1,1256
AGTTTGCTTGTGGT.11,
AGTTTGCTTTCTGT.1,101
AGTTTGCTTTGTCT.1,101
ATAAACACCGAGTT.1,1016
ATAAACACCTACGA.11,
ATAAACACCTGTAG.1,1256
ATAAACACGGAGCA.1,1015
ATAAACACTTCGGA.1,101
ATAACAACAGTCGT.1,1015
ATAACAACCGAATC.1,1256
ATAACAACGGATCT.1,1016
ATAACAACTGTAGC.1,1488
ATAACATGACTCAG.1,1488
ATAACATGCTGATG.1,1488
ATAACATGGAATAG.1,107
ATAACATGTTCTGT.1,1488
ATAACCCTACGCAT.1,1256
ATAACCCTCCCGTT.1,1488
ATAACCCTGAACCT.1,1039
ATAACCCTTCACGA.1,1488
ATAAGTACAAGTGA.1,1016
ATAAGTACAGAACA.1,1256
ATAAGTACCTCTCG.1,1488
ATAAGTACTAGAGA.1,1015
ATAAGTACTCAGTG.1,1015
ATAAGTACTGGGAG.1,1015
ATAAGTTGCATTGG.1,1256
ATAAGTTGCTCATT.1,1488
ATAAGTTGGTGCTA.1,1015
ATAATCGAAAGTAG.1,1015
ATAATCGAGTCGAT.1,1488
ATAATCGAGTTTGG.1,1488
ATAATCGATCGATG.1,1015
ATAATGACCTTGAG.1,1244
ATAATGACGTGCAT.1,1488
ATAATGACTATGCG.1,1015
ATACAATGCACTTT.1,1488
ATACAATGCTCCAC.1,1488
ATACAATGCTGAGT.1,1015
ATACAATGTCATTC.1,101
ATACAATGTTGCAG.1,1016
ATACAATGTTGCTT.1,101
ATACACCTGTAAGA.1,1015
ATACACCTTAAAGG.1,1039
ATACACCTTTGCGA.1,1256
ATACCACTACCATG.1,1015
ATACCACTACTAGC.1,1015
ATACCACTCCAACA.1,1015
ATACCACTGGTACT.1,101
ATACCACTTCCAGA.1,1488
ATACCGGACTTATC.1,1256
ATACCGGAGAAGGC.1,1488
ATACCGGAGAATGA.1,1039
ATACCGGAGCCAAT.1,1256
ATACCGGATCGCAA.1,1039
ATACCGGATCTTCA.1,1016
ATACCGGATTACTC.1,1244
ATACCGGATTCGTT.1,1244
ATACCTACAAGGGC.1,1244
ATACCTACAGAGGC.1,1015
ATACCTACGTAAGA.1,1015
ATACCTACTGGAAA.1,1015
ATACCTTGACACAC.1,1244
ATACCTTGACCGAT.1,1256
ATACCTTGTCTTTG.1,101
ATACCTTGTGGCAT.1,1256
ATACGGACAGATCC.1,1016
ATACGGACCGTAGT.11,
ATACGGACGAATCC.1,1488
ATACGGACGAATGA.1,107
ATACGGACGTTGCA.1,1256
ATACGTCTACTCAG.1,1015
ATACGTCTCAGAAA.1,1256
ATACGTCTTCGTAG.1,1015
ATAGAACTACCTGA.1,1015
ATAGAACTACTACG.1,1256
ATAGAACTCGCCTT.1,1015
ATAGAACTGCAAGG.1,1015
ATAGAACTTGACTG.1,1015
ATAGAACTTTGACG.1,1016
ATAGATACAGAACA.1,1015
ATAGATACATGCCA.1,1244
ATAGATACCTGTCC.1,1015
ATAGATACCTTCTA.1,1039
ATAGATACGTTACG.1,1244
ATAGATACGTTGTG.1,101
ATAGATACTGACTG.11,
ATAGATTGAAACAG.11,
ATAGATTGCCCTTG.1,1015
ATAGATTGGGGAGT.1,1488
ATAGATTGTACTGG.1,1244
ATAGATTGTTCACT.1,1016
ATAGCCGACAGTTG.1,1488
ATAGCCGACCCACT.1,101
ATAGCCGACTTGCC.1,1488
ATAGCGTGAGAGAT.1,101
ATAGCGTGAGGTTC.1,1016
ATAGCGTGCTCGAA.1,1015
ATAGCTCTACTCAG.1,1015
ATAGGAGAACACGT.1,1039
ATAGGAGAACCTGA.1,1015
ATAGGAGACACACA.1,1015
ATAGGAGAGCTATG.1,1488
ATAGGAGATGTCCC.1,1016
ATAGGAGATTGCTT.1,1488
ATAGGCTGAGCTAC.1,1016
ATAGGCTGGGAAGC.1,1015
ATAGGCTGGTAAAG.1,101
ATAGTCCTAAACGA.1,1244
ATAGTCCTCAAAGA.1,1488
ATAGTCCTCTGCAA.1,1488
ATAGTCCTGCCATA.1,101
ATAGTCCTTCGACA.1,1488
ATAGTTGAAACGTC.1,1039
ATAGTTGACAGCTA.1,1244
ATAGTTGACCTCCA.1,1488
ATAGTTGATCGTAG.1,1488
ATATACGACCTACC.1,1016
ATATACGAGTAGGG.1,101
ATATACGATGTTTC.1,1015
ATATACGATTACTC.1,1016
ATATAGTGAGGCGA.1,1015
ATATAGTGCAATCG.1,1488
ATATAGTGGATGAA.1,1256
ATATAGTGTGCTAG.1,1256
ATATGAACAGGGTG.1,1015
ATATGAACCTACCC.1,101
ATATGAACGAAACA.1,1256
ATATGAACGGTGGA.1,1256
ATATGAACTGGATC.1,1015
ATATGCCTAAACGA.1,1039
ATATGCCTAACGAA.1,107
ATATGCCTAGGTCT.1,1244
ATATGCCTGCATAC.1,1488
ATATGCCTTCACCC.1,1256
ATATGCCTTTTACC.1,1256
ATCAAATGCAACTG.1,1015
ATCAAATGGAATGA.1,1244
ATCAAATGTTCTCA.1,1015
ATCAACCTCGTTGA.1,1244
ATCAACCTTTCACT.1,101
ATCACACTATTCGG.1,1015
ATCACACTCCATAG.1,101
ATCACACTCGTAAC.1,1016
ATCACACTCTGGAT.1,1244
ATCACACTGATAGA.1,1256
ATCACACTGGCGAA.1,1015
ATCACACTGTCGAT.1,1039
ATCACGGAACCCTC.11,
ATCACGGAAGTAGA.1,1256
ATCACGGAATGCCA.1,1016
ATCACGGACCTTGC.1,1256
ATCACGGACTAAGC.1,1015
ATCACGGAGACGTT.1,1039
ATCACGGATCACCC.1,1488
ATCACGGATGTCAG.1,1488
ATCACTACAGCCTA.1,1015
ATCACTACGAGACG.1,1015
ATCACTACGTGAGG.1,1016
ATCACTACTGCAAC.1,1256
ATCACTACTGGAGG.1,1256
ATCACTACTTCGGA.1,101
ATCACTTGACGTGT.1,1244
ATCACTTGGAATAG.1,1015
ATCACTTGTCCAGA.1,1488
ATCAGGTGGCTACA.1,1256
ATCAGGTGTCATTC.1,1488
ATCAGGTGTGAGGG.1,1016
ATCATCTGACGACT.1,1256
ATCATCTGCCACCT.1,1016
ATCATCTGCTCCAC.1,1488
ATCATCTGGCTAAC.1,1488
ATCATCTGGCTATG.1,1244
ATCATCTGTAACCG.1,101
ATCATCTGTACTTC.1,1244
ATCATGCTATTGGC.1,1256
ATCATGCTCAATCG.1,1039
ATCATGCTCAGATC.1,1016
ATCATGCTCTGACA.1,107
ATCATGCTGAGGGT.1,1015
ATCATGCTGCTCCT.1,1244
ATCATGCTGGAGCA.1,1015
ATCATGCTTCAGTG.1,1015
ATCATGCTTGAGAA.1,1256
ATCCAGGAACAGTC.1,1015
ATCCAGGAAGAACA.1,1488
ATCCAGGAATAAGG.1,1244
ATCCAGGACTGACA.1,101
ATCCAGGAGCATCA.1,101
ATCCAGGATAGTCG.11,
ATCCAGGATCTCGC.1,1016
ATCCATACATGCCA.1,1256
ATCCATACGAGACG.1,1015
ATCCATACGCAGTT.1,101
ATCCATACTTCTGT.1,1244
ATCCCGTGAAGCCT.1,1016
ATCCCGTGAGTCTG.1,1016
ATCCCGTGGATGAA.1,1015
ATCCCGTGGGTGAG.1,1015
ATCCCGTGTGCACA.1,1488
ATCCGCACCCAACA.1,1015
ATCCGCACCGTAGT.1,1256
ATCCGCACGGACAG.1,1015
ATCCGCACGGAGGT.1,1244
ATCCGCACGTTAGC.1,1256
ATCCGCACTCCTTA.1,1015
ATCCGCACTTGAGC.1,1016
ATCCTAACACTGTG.1,1488
ATCCTAACCCTTCG.1,1016
ATCCTAACCTGGAT.1,1015
ATCCTAACGCGTAT.1,1016
ATCCTAACTATGGC.1,1256
ATCGACGAACTAGC.1,1244
ATCGACGAAGTAGA.1,1244
ATCGACGACTGTTT.1,107
ATCGAGTGCTGTAG.1,1244
ATCGAGTGGTACCA.1,1015
ATCGCAGAAAGGTA.1,1488
ATCGCAGAACTGTG.1,1488
ATCGCAGAAGGTCT.1,107
ATCGCAGATAAAGG.1,1256
ATCGCCACAGAGAT.1,1015
ATCGCCACTGTAGC.1,1015
ATCGCCACTGTCCC.11,
ATCGCCTGACCTTT.1,1256
ATCGCCTGCAGTTG.1,1256
ATCGCCTGCTTGAG.1,1488
ATCGCCTGGCCAAT.1,1244
ATCGCCTGGGACGA.1,1015
ATCGCCTGTGTTCT.1,1488
ATCGCCTGTTTCTG.1,1016
ATCGCGCTAGAAGT.1,107
ATCGCGCTAGATCC.1,1015
ATCGCGCTCAATCG.1,1244
ATCGCGCTCACTTT.1,1244
ATCGCGCTGCCAAT.1,1244
ATCGCGCTTCTTTG.1,1039
ATCGGAACACCTCC.1,1256
ATCGGTGAAACAGA.1,1016
ATCGGTGAAACGGG.1,1015
ATCGGTGAACCAGT.1,101
ATCGGTGACGAGAG.1,1256
ATCGGTGACTCAAG.1,101
ATCGGTGACTGCTC.1,1256
ATCGGTGAGAGGCA.1,1016
ATCGGTGAGCGTAT.1,1256
ATCGGTGAGTTGCA.1,1015
ATCGGTGATCCCAC.1,1256
ATCGTTTGACGTGT.1,1488
ATCGTTTGCTGTTT.1,1256
ATCGTTTGTTGAGC.1,1244
ATCTACACAACTGC.1,1015
ATCTACACACGCAT.1,107
ATCTACACCTGACA.1,107
ATCTACACCTGGAT.1,1256
ATCTACTGGGTCAT.1,1488
ATCTACTGTTTGCT.1,1488
ATCTCAACAACCAC.1,1015
ATCTCAACCGTGAT.1,1039
ATCTCAACGTCAAC.11,
ATCTCAACTCCTGC.1,101
ATCTCAACTTCGTT.1,1016
ATCTGACTAGATGA.1,1488
ATCTGACTAGCTCA.1,1015
ATCTGACTCACTGA.1,1016
ATCTGACTCAGCTA.1,1244
ATCTGACTCATTTC.1,1488
ATCTGACTGATAAG.1,101
ATCTGGGAAGCACT.1,1256
ATCTGGGAATTTCC.1,107
ATCTGGGACACACA.1,1015
ATCTGGGACTTCCG.1,1015
ATCTGGGAGTCGAT.1,1488
ATCTGGGATAAGGA.1,101
ATCTGGGATGCCCT.1,1488
ATCTGTTGAGCGGA.1,1016
ATCTGTTGAGCTAC.1,1256
ATCTGTTGGGACTT.1,1244
ATCTGTTGTGGTGT.1,1256
ATCTTGACAGAGAT.1,101
ATCTTGACCACAAC.1,1015
ATCTTGACCTCGCT.1,1015
ATCTTGACGCTGAT.1,1039
ATCTTGACTCTACT.1,1015
ATCTTTCTAAAAGC.1,1244
ATCTTTCTGTTGCA.1,107
ATCTTTCTGTTTCT.1,101
ATCTTTCTTCATTC.1,1256
ATCTTTCTTCCCGT.1,1016
ATCTTTCTTGCCTC.1,101
ATCTTTCTTTCGTT.1,101
ATGAAACTAGAGTA.1,1488
ATGAAACTGCTGTA.11,
ATGAAACTGGTAAA.1,101
ATGAAGGATGCTGA.1,1488
ATGAAGGATGGTAC.1,1016
ATGACGTGCCCTCA.1,1015
ATGACGTGCGACAT.1,1039
ATGACGTGTGAGAA.1,1015
ATGAGAGAAAGGCG.1,1488
ATGAGAGACTTCGC.1,1244
ATGAGAGAGTTGGT.1,1015
ATGAGCACACGACT.1,1244
ATGAGCACAGCCAT.1,1015
ATGAGCACATGACC.1,107
ATGAGCACCCTGTC.1,101
ATGAGCACCCTTCG.1,1256
ATGATAACAAACAG.1,1039
ATGATAACCGTGAT.1,1488
ATGATAACCTAAGC.1,101
ATGATAACGAGGAC.1,101
ATGATAACTGCCTC.1,1039
ATGATATGAAAAGC.1,1256
ATGATATGACCCAA.1,1015
ATGATATGCCGCTT.1,1256
ATGATATGGACACT.1,1244
ATGATATGGCATAC.1,1016
ATGATATGGTCAAC.1,1015
ATGATATGGTCGTA.1,1016
ATGCACGAAAAGCA.1,1015
ATGCACGACTGGTA.1,1244
ATGCACGAGAATAG.1,101
ATGCACGATGGAAA.1,1016
ATGCAGACACTCTT.1,1256
ATGCAGACATGCTG.1,1244
ATGCAGACCTCTAT.1,1488
ATGCAGACGCGAAG.1,1016
ATGCAGACTGCACA.1,1039
ATGCAGTGCATGAC.1,1256
ATGCAGTGCGATAC.1,1256
ATGCAGTGGAGGGT.1,1488
ATGCAGTGGGTAGG.1,1016
ATGCAGTGGTCACA.1,1244
ATGCAGTGTCACGA.1,1015
ATGCAGTGTTTGGG.1,1015
ATGCCAGACTTATC.1,1256
ATGCCAGATCCTGC.1,1039
ATGCCGCTACGTTG.1,1244
ATGCCGCTATCTTC.1,1244
ATGCCGCTCCTGTC.1,1015
ATGCGATGGCGAGA.1,1488
ATGCGATGTACAGC.1,1256
ATGCGATGTCACCC.1,1244
ATGCGATGTCGCAA.1,1039
ATGCGCCTAGCACT.1,1039
ATGCGCCTCACTTT.1,107
ATGCGCCTGTACGT.1,101
ATGCTTTGAAAGTG.1,1244
ATGCTTTGCAGTTG.1,1016
ATGCTTTGTAAGGA.1,1015
ATGGACACACGCTA.1,1488
ATGGGTACAAGGCG.1,1015
ATGGGTACCTGGAT.1,101
ATGGGTACCTTCGC.1,1015
ATGGGTACTCCGTC.1,1015
ATGGTGACCCCAAA.1,1015
ATGGTGACCCGCTT.1,1015
ATGGTGACCTGCTC.1,1256
ATGGTGACTAGACC.1,101
ATGGTGACTAGTCG.1,1488
ATGGTGACTGCACA.1,1015
ATGTAAACCAGAAA.1,1016
ATGTAAACCTGCAA.1,1015
ATGTAAACGTGCAT.1,1016
ATGTAAACTTCGCC.1,1488
ATGTACCTACAGTC.1,1015
ATGTACCTCGCATA.1,1488
ATGTACCTCTCGCT.1,1256
ATGTACCTTCTATC.1,1244
ATGTCACTCAACCA.1,1244
ATGTCACTGGTAGG.1,1256
ATGTCACTTGGTCA.1,1015
ATGTCACTTTGGCA.1,1015
ATGTCACTTTTCAC.1,1244
ATGTCGGAAGCCAT.1,1015
ATGTCGGACTATGG.1,101
ATGTCGGACTTACT.1,1488
ATGTCGGAGGGACA.1,1488
ATGTTAGAAGAGTA.1,1015
ATGTTAGACCTACC.1,1256
ATGTTAGACTTGTT.1,1015
ATGTTAGAGGAGCA.1,1244
ATGTTAGAGGTTTG.1,1488
ATGTTAGATATGGC.1,1015
ATGTTCACAGCGTT.1,1015
ATGTTCACGAGCAG.1,1244
ATGTTCACGAGCTT.1,1488
ATGTTCACTTACCT.1,1016
ATGTTGCTGGTTCA.1,1256
ATTAACGATTTCGT.1,1016
ATTAAGACATACCG.1,1256
ATTAAGACCCCTCA.1,1015
ATTAAGACGAGAGC.1,1039
ATTAAGACTCAGTG.1,1256
ATTAAGACTGTCAG.1,1488
ATTAAGACTGTGGT.1,1015
ATTACCACCCTCAC.1,1256
ATTACCACGGAGGT.1,1256
ATTACCACGGTGAG.1,101
ATTACCTGACCTAG.1,101
ATTACCTGTTAGGC.1,1015
ATTAGATGACAGCT.1,1244
ATTAGATGACGGGA.1,1488
ATTAGATGAGCAAA.11,
ATTAGATGCTTCTA.1,1015
ATTAGATGGCTCCT.1,1015
ATTAGATGTGGTAC.1,1244
ATTAGTGACAGATC.1,1488
ATTAGTGACCTTTA.1,101
ATTAGTGACGTAAC.1,1015
ATTAGTGAGTTGTG.1,1039
ATTAGTGATGCTGA.1,101
ATTATGGAACCCTC.1,1244
ATTATGGAACGGTT.1,1015
ATTATGGATCCCAC.1,1039
ATTATGGATGCTCC.1,1244
ATTCAAGAACACAC.1,1016
ATTCAAGAAGTCAC.1,1039
ATTCAAGAAGTGCT.11,
ATTCAAGAAGTTCG.1,1039
ATTCAAGACCTACC.1,1488
ATTCAAGACTAGTG.1,1015
ATTCAAGACTTATC.1,1256
ATTCAGCTAAACGA.1,1039
ATTCAGCTACGTGT.1,1039
ATTCAGCTGGTGGA.1,1015
ATTCAGCTGTCCTC.1,1488
ATTCCAACAAGGTA.1,101
ATTCCAACATCGTG.1,101
ATTCCAACCTGCAA.1,1244
ATTCCAACGGTCTA.1,1256
ATTCCAACGTAAAG.1,1256
ATTCCAACGTTGAC.1,1244
ATTCCATGAGTGTC.1,1015
ATTCCATGATGACC.1,101
ATTCCATGCTCGCT.1,1488
ATTCCATGTAAGCC.1,1256
ATTCCATGTGAGCT.1,101
ATTCGACTACCTAG.1,1015
ATTCGACTGCGATT.1,1016
ATTCGACTGGTCTA.1,1015
ATTCGACTTCCGTC.1,1488
ATTCGACTTGGTTG.1,1016
ATTCGGGAACTCTT.1,1015
ATTCGGGACATGAC.1,1015
ATTCGGGACCCTCA.1,1015
ATTCGGGACTTACT.1,1256
ATTCGGGAGAGATA.1,1488
ATTCGGGAGATAAG.1,1244
ATTCGGGAGCGATT.1,1244
ATTCGGGAGGGACA.1,1015
ATTCGGGAGGGTGA.1,107
ATTCGGGATGTCCC.1,1488
ATTCTGACACTCAG.1,1015
ATTCTGACCATCAG.1,1488
ATTCTGACGCCATA.1,1015
ATTCTGACTACTTC.1,1488
ATTCTGACTGCTGA.1,1488
ATTCTTCTAAGATG.1,1256
ATTCTTCTCGAGAG.1,1244
ATTCTTCTTGAACC.1,1244
ATTCTTCTTGGTGT.1,1244
ATTCTTCTTTGTGG.1,1244
ATTGAAACACGTGT.1,1256
ATTGAAACAGTACC.11,
ATTGAAACGCGAAG.1,1016
ATTGAAACTTAGGC.1,1256
ATTGAATGACCATG.1,1488
ATTGAATGCCAGTA.1,1039
ATTGAATGTAAAGG.1,1015
ATTGAATGTCCTGC.1,1015
ATTGAATGTTCCCG.1,1256
ATTGATGAATGCTG.1,1016
ATTGATGAGGTACT.1,1015
ATTGATGAGGTGAG.1,1488
ATTGATGAGTCCTC.1,101
ATTGATGATCCTTA.1,1488
ATTGATGATGCAAC.1,1488
ATTGATGATTCTTG.1,1488
ATTGCACTGAACCT.1,1015
ATTGCACTTGTCGA.11,
ATTGCGGAAAACGA.1,1488
ATTGCGGACCGCTT.1,1015
ATTGCGGACGAGTT.1,1016
ATTGCGGAGCTGAT.1,1015
ATTGCGGAGTACGT.1,1039
ATTGCGGAGTTGCA.1,1016
ATTGCGGATACTCT.1,1244
ATTGCGGATTACCT.1,1015
ATTGCTACCTAGTG.1,1256
ATTGCTACCTTGGA.1,1015
ATTGCTACGAAGGC.1,1015
ATTGCTACTACGAC.1,1016
ATTGCTACTCGCTC.1,1256
ATTGCTTGACACCA.1,1256
ATTGCTTGCTGCTC.1,107
ATTGCTTGGAGGCA.1,1015
ATTGCTTGGCTGTA.1,1015
ATTGCTTGGGAGTG.1,107
ATTGCTTGTCGCCT.1,1016
ATTGCTTGTTCGTT.1,101
ATTGGGTGACCTGA.1,1015
ATTGGGTGCCACCT.1,1256
ATTGGGTGGTACCA.1,1016
ATTGGGTGTCCAAG.1,1256
ATTGGGTGTCCTCG.11,
ATTGGGTGTGAACC.1,1039
ATTGGTCTAGGTCT.1,1016
ATTGGTCTCTTGGA.1,1244
ATTGGTCTGGGATG.1,1015
ATTGGTCTGTAAGA.1,1015
ATTGTAGAAGCTAC.1,1244
ATTGTAGACACTGA.1,1015
ATTGTAGACAGCTA.1,1015
ATTGTAGAGGTTAC.1,1039
ATTGTAGAGGTTCA.1,1488
ATTGTAGAGTAAAG.1,1488
ATTGTAGAGTACCA.1,1039
ATTGTCTGCAGATC.1,1244
ATTGTCTGGGTTCA.1,101
ATTGTCTGGTGTTG.1,1016
ATTGTCTGTGCTAG.1,1015
ATTTAGGACCAGTA.1,1244
ATTTAGGACTCATT.1,1039
ATTTAGGATCAGAC.1,1488
ATTTAGGATGTCAG.1,1039
ATTTAGGATTGAGC.1,1256
ATTTCCGAAAGTGA.1,1016
ATTTCCGACATCAG.1,1256
ATTTCCGAGACAGG.1,1488
ATTTCCGAGGGAGT.1,1244
ATTTCCGAGTAAAG.1,101
ATTTCCGATTGAGC.1,1015
ATTTCGTGAGTGTC.1,1015
ATTTCGTGGACGTT.1,1488
ATTTCGTGGGTTAC.1,1015
ATTTCGTGGTCACA.1,1256
ATTTCGTGTCATTC.11,
ATTTCTCTCACAAC.1,1016
ATTTCTCTCTTGAG.1,1244
ATTTCTCTGGTTTG.1,1256
ATTTCTCTGTCTTT.1,1016
ATTTGCACAAGGTA.1,1039
ATTTGCACGAGAGC.1,107
ATTTGCACTCCTGC.1,1488
CAAACTCTAATGCC.1,1488
CAAACTCTACCCTC.1,1244
CAAACTCTCCATAG.1,101
CAAACTCTTCGATG.1,1256
CAAACTCTTCGTAG.11,
CAAACTCTTGTGGT.1,1016
CAAACTCTTTACCT.11,
CAAAGCACAAACAG.1,1488
CAAAGCACACCTCC.1,1244
CAAAGCACCACCAA.1,1015
CAAAGCACCCCGTT.1,1488
CAAAGCACCGGTAT.1,1488
CAAAGCACGGTAGG.11,
CAAAGCTGCCCAAA.1,1488
CAAAGCTGGGGAGT.1,1015
CAAAGCTGTAGCGT.1,1488
CAAAGCTGTTGGTG.1,1039
CAAATATGACGCAT.1,1256
CAAATATGCCTTAT.1,1244
CAAATATGCGAGTT.1,1256
CAAATTGAACGGGA.1,101
CAAATTGACCTATT.1,1488
CAAATTGACTGACA.1,1488
CAACAGACATCTTC.1,1244
CAACCAGACTTCGC.1,1016
CAACCAGAGACTAC.1,1256
CAACCAGAGAGCAG.1,1015
CAACCAGAGCCCTT.1,1244
CAACCAGAGTATCG.1,101
CAACCAGATAGAAG.1,1244
CAACCGCTCAGGAG.1,1256
CAACGAACATTCGG.1,1256
CAACGAACCAATCG.1,1488
CAACGAACGCTTCC.1,1256
CAACGATGGGTAGG.1,1015
CAACGATGTGTGGT.1,101
CAACGTGACACTCC.1,1016
CAACGTGAGAGGGT.1,101
CAACGTGAGGAACG.1,107
CAACGTGATGAAGA.1,1015
CAACGTGATGTGCA.1,1256
CAACGTGATTCTCA.1,1256
CAACTTTGGGTCAT.1,1488
CAACTTTGTTGCAG.1,1256
CAAGAAGAAAGAGT.1,1015
CAAGAAGAACTAGC.1,1039
CAAGAAGACAACTG.1,1256
CAAGAAGACTCTCG.1,1244
CAAGAAGACTCTTA.1,107
CAAGAAGATGCTCC.1,1256
CAAGAAGATTTCGT.1,1244
CAAGACACAGAGGC.1,1244
CAAGACACGATACC.1,1256
CAAGACACTTCACT.1,107
CAAGACACTTCCCG.1,1015
CAAGACTGAGGTTC.1,1016
CAAGACTGATACCG.1,1256
CAAGACTGCACTGA.1,1488
CAAGACTGGAGCTT.1,1015
CAAGACTGGCTATG.1,1039
CAAGACTGGGACAG.1,1244
CAAGACTGGTTTGG.1,1244
CAAGACTGTCGTAG.1,1015
CAAGCATGCCTCGT.1,1256
CAAGCATGTCTCAT.1,1016
CAAGCCCTAGCGGA.1,1488
CAAGCCCTCTTGCC.1,1244
CAAGCCCTGTCGTA.1,1244
CAAGCCCTTCAAGC.1,101
CAAGCCCTTCGACA.1,1244
CAAGCCCTTTCGGA.1,1039
CAAGCTGAACCCAA.1,1488
CAAGCTGAACGGGA.1,1488
CAAGCTGACTGTTT.1,1488
CAAGCTGAGCAAGG.1,1016
CAAGCTGATCCCGT.1,1039
CAAGGACTCTTACT.1,1015
CAAGGACTTGCAAC.1,1015
CAAGGTTGAAAACG.1,1015
CAAGGTTGCTCAGA.1,1015
CAAGGTTGCTTTAC.1,101
CAAGGTTGTGGATC.1,1015
CAAGTCGACTACGA.1,1488
CAAGTCGACTATTC.1,101
CAAGTCGAGAGGCA.1,1244
CAAGTCGATACGCA.1,101
CAAGTTCTCACTGA.1,1256
CAAGTTCTGTGCTA.1,1488
CAAGTTCTTCACGA.1,1244
CAAGTTCTTGCTAG.1,101
CAAGTTCTTGGTAC.1,1488
CAAGTTCTTTCCAT.1,1015
CAATAAACACTGGT.1,1244
CAATAAACAGTTCG.1,1015
CAATAAACCCATAG.1,1016
CAATAAACCCTCAC.1,1015
CAATAAACGAATAG.1,1016
CAATAAACGACGGA.1,1015
CAATAAACGCTAAC.1,1039
CAATAAACGGTTTG.1,1256
CAATAAACGTACGT.1,101
CAATAATGACCAGT.1,1256
CAATAATGCCTCGT.1,1244
CAATAATGGACAAA.1,1488
CAATAATGTATTCC.1,1039
CAATATGAAGACTC.1,1015
CAATATGAAGCCTA.1,1015
CAATATGAATGTCG.1,107
CAATATGAGATAGA.1,107
CAATATGAGTTCAG.1,1488
CAATATGATACAGC.1,1256
CAATATGATCACGA.1,1244
CAATCGGAATTGGC.1,1256
CAATCGGACTCCCA.1,1016
CAATCGGACTCGAA.1,1256
CAATCGGACTGTAG.1,1244
CAATCGGAGTCCTC.1,1016
CAATCGGAGTGTTG.1,1015
CAATCGGATTGCTT.1,1015
CAATCTACCTACGA.1,1488
CAATCTACGTACCA.1,1015
CAATGGACAGAATG.1,101
CAATGGACCCTCCA.1,1015
CAATGGACCGAGAG.1,1039
CAATGGACGAATCC.1,1015
CAATGGACGGAGCA.1,1244
CAATGGACGGCGAA.1,1488
CAATTCACAAAGCA.1,107
CAATTCACCAACTG.1,1256
CAATTCACTATGGC.1,1244
CAATTCACTGAGAA.11,
CAATTCTGACGGTT.1,1015
CAATTCTGTGCACA.1,1015
CAATTCTGTGTTTC.1,1015
CACAACGAAAGATG.1,101
CACAACGAGGGTGA.1,107
CACAATCTACTGGT.1,1015
CACAATCTCCCGTT.1,1488
CACACCTGGTACGT.1,1488
CACACCTGTCAGGT.1,1039
CACACCTGTCGCTC.1,101
CACAGAACACCCTC.1,1015
CACAGAACCTGTCC.1,1039
CACAGAACTGACAC.1,1488
CACAGATGAGCTAC.1,1256
CACAGATGCACCAA.1,1016
CACAGATGCATACG.1,1039
CACAGATGCTGCTC.1,1256
CACAGATGGCAGTT.1,1256
CACAGATGTCTCCG.1,1256
CACAGATGTGACTG.1,1015
CACAGCCTACGTTG.1,1016
CACAGCCTCCACCT.1,1016
CACAGCCTCGGAGA.1,1039
CACAGCCTCGTAGT.1,1256
CACAGCCTTCCAAG.1,1488
CACAGTGAAAGGGC.1,1015
CACAGTGATCGCAA.1,1488
CACATACTAGAACA.1,1256
CACATACTCGGTAT.1,1256
CACATACTGGTGGA.1,1488
CACATACTGTCTGA.1,1256
CACATACTTTCGCC.1,1244
CACATGGAATCTTC.1,1488
CACATGGACCTACC.1,1256
CACATGGACGCATA.1,1015
CACATGGATTCTCA.1,1244
CACATGGATTGACG.1,1488
CACCACTGAACGGG.1,1256
CACCACTGCTGTTT.1,1256
CACCACTGGATGAA.1,1015
CACCACTGGGTTCA.1,1488
CACCCATGAGAATG.1,1016
CACCGGGACTGTTT.1,101
CACCGTACAAAAGC.1,1256
CACCGTACCCTATT.1,1016
CACCGTACGCGTTA.1,1256
CACCGTACGTCTGA.1,1488
CACCGTACTCCGAA.1,1016
CACCGTACTTCATC.1,1256
CACCGTTGACGTTG.1,1256
CACCGTTGAGCACT.1,1244
CACCGTTGATGACC.1,1016
CACCGTTGCCATAG.1,1015
CACCGTTGGTCGTA.1,1256
CACCGTTGGTGAGG.11,
CACCGTTGTAGAAG.1,1488
CACCTGACACTGTG.1,1244
CACCTGACCAGTTG.1,1015
CACCTGACCCATAG.1,1015
CACCTGACCCCGTT.1,1488
CACCTGACCCTATT.1,101
CACCTGACGCGATT.1,101
CACCTGACTGACTG.11,
CACCTGACTTGCAG.1,1015
CACGAAACCGAGAG.1,1244
CACGAAACGAAGGC.1,1016
CACGAAACTCGACA.1,1015
CACGACCTCCACAA.1,1488
CACGACCTCCCAAA.1,1015
CACGACCTCCTTGC.1,1015
CACGATGAACACGT.1,1039
CACGATGAAGCTAC.1,1015
CACGATGACGTGAT.1,107
CACGCTACAAACAG.1,1256
CACGCTACAACGTC.1,1244
CACGCTACACAGTC.1,1016
CACGCTACAGTGTC.1,1015
CACGCTACGAATGA.1,101
CACGCTACGGTATC.1,101
CACGCTACGGTTCA.1,1039
CACGCTACTACAGC.1,1244
CACGGGACACGCAT.1,1015
CACGGGACAGGTTC.1,1256
CACGGGACGGAGCA.1,101
CACGGGACGGTTCA.1,107
CACGGGACTATCGG.1,1244
CACGGGTGCTCGAA.1,101
CACGGGTGTCCAAG.1,1256
CACTAACTACTGGT.1,1256
CACTAACTGTAGCT.1,1256
CACTAACTTTCCCG.1,1256
CACTAGGAACGGTT.1,1256
CACTAGGAGACAGG.1,1244
CACTAGGATTGGTG.1,1256
CACTATACAGCAAA.1,1488
CACTATACCAATCG.1,1488
CACTATACCAGAAA.11,
CACTATACCGGAGA.1,1488
CACTATACCTGATG.1,1256
CACTATACGTCGTA.1,1244
CACTCCGACCTTGC.1,1015
CACTCCGACTGCAA.1,1488
CACTCCGAGGTGGA.1,1244
CACTCCGATCAAGC.1,1256
CACTCCGATTCACT.1,1015
CACTCTCTAGAATG.1,1488
CACTCTCTCTGATG.1,1244
CACTGAGATTGCAG.11,
CACTGAGATTGCGA.1,1016
CACTGCACACGACT.1,1016
CACTGCACGCCCTT.1,1488
CACTGCACGTGCAT.1,1015
CACTGCACTGAGAA.1,1488
CACTGCACTTCTCA.1,1015
CACTGCTGAGTGCT.1,101
CACTGCTGGAGATA.1,1015
CACTGCTGGAGGTG.1,1015
CACTGCTGGCGGAA.1,101
CACTGCTGTTTACC.1,1488
CACTTAACCCGTAA.1,1488
CACTTAACGGGATG.1,1039
CACTTATGAACGTC.1,1244
CACTTATGAGAGTA.1,1256
CACTTATGAGTGCT.1,1244
CACTTATGCCAACA.1,101
CACTTATGCGAATC.1,1488
CACTTATGGGCGAA.1,101
CACTTATGTACGCA.1,1488
CACTTTGACCGTAA.1,1016
CACTTTGAGAATAG.1,1016
CACTTTGAGATAGA.1,1015
CACTTTGAGTTAGC.1,1244
CACTTTGATAACCG.1,1488
CACTTTGATCTCCG.1,1244
CAGAAGCTCCCAAA.1,1016
CAGAAGCTCCCACT.1,1256
CAGAAGCTCTTCCG.1,1015
CAGAAGCTGCCTTC.1,1039
CAGAAGCTTGCAAC.1,1488
CAGACAACAGTTCG.1,1488
CAGACAACGAAGGC.1,1016
CAGACAACGCTCCT.1,1256
CAGACAACTATCGG.1,1244
CAGACAACTCCTTA.1,1488
CAGACATGAACAGA.1,1244
CAGACATGACTAGC.1,1015
CAGACATGAGAACA.1,1015
CAGACATGCCGAAT.1,1015
CAGACATGCGATAC.1,1016
CAGACATGGAAGGC.1,101
CAGACATGGCGTAT.1,1016
CAGACCCTCCAAGT.1,1488
CAGACCCTCTTGCC.1,1488
CAGACCCTGAAAGT.1,107
CAGACCCTTCATTC.1,1015
CAGACTGACTGTAG.1,1015
CAGACTGAGCGAAG.1,1256
CAGAGGGAAACGGG.1,1488
CAGAGGGAGCTTCC.1,1488
CAGATCGACATCAG.1,1488
CAGATCGACCCTTG.1,101
CAGATCGACTGTCC.1,1256
CAGATGACAGGAGC.1,1015
CAGATGACAGGTTC.1,1488
CAGATGACCTCATT.1,1256
CAGATGACTAGAGA.1,1488
CAGCAATGCTCAGA.1,107
CAGCAATGTCATTC.1,1256
CAGCACCTAAACGA.1,1256
CAGCACCTAACGTC.1,1488
CAGCACCTAGTCAC.1,1039
CAGCACCTATACCG.1,1488
CAGCACCTCCGATA.1,1015
CAGCACCTCGGGAA.1,1016
CAGCACCTTACGAC.1,1488
CAGCACCTTGACTG.1,1015
CAGCACCTTGTCCC.1,1244
CAGCACCTTTCTCA.1,1244
CAGCATGAACACCA.1,1488
CAGCATGAAGAAGT.1,1256
CAGCATGACTTGTT.1,1244
CAGCATGAGGAACG.1,1488
CAGCATGAGTCCTC.1,1015
CAGCATGAGTTCTT.1,101
CAGCCTACAAACGA.1,1256
CAGCCTACATCACG.1,107
CAGCCTACCAACCA.1,1256
CAGCCTACGGCAAG.1,1244
CAGCCTACTGGTTG.1,1015
CAGCCTACTTCATC.1,1244
CAGCGGACAGGAGC.1,101
CAGCGGACTCCGTC.1,1244
CAGCGTCTACACGT.1,1488
CAGCGTCTCGACAT.1,1015
CAGCGTCTCGGAGA.1,1488
CAGCGTCTCGTAAC.1,1488
CAGCGTCTCTTGTT.1,107
CAGCGTCTGGATTC.1,1488
CAGCGTCTGGTTCA.1,1488
CAGCGTCTTTTGTC.1,1016
CAGCTAGAACCACA.1,1256
CAGCTAGAACGGTT.1,1015
CAGCTAGAAGCCAT.1,1256
CAGCTAGATGCTGA.1,1016
CAGCTAGATGTGAC.1,1016
CAGCTCACGAATGA.1,1488
CAGCTCACGTGTCA.1,1256
CAGCTCACTCCTGC.1,107
CAGCTCACTCGACA.1,1244
CAGCTCACTGGTGT.1,1488
CAGCTCTGAGTGCT.1,1039
CAGCTCTGCCTTGC.11,
CAGCTCTGCTCTCG.1,1016
CAGCTCTGGGGAGT.1,1256
CAGCTCTGGGGATG.1,1016
CAGCTCTGTAACCG.1,1256
CAGGAACTCAACTG.1,1256
CAGGAACTGCCAAT.1,1244
CAGGAACTGGTTCA.1,1015
CAGGAACTGTGAGG.1,1015
CAGGAACTTGCTAG.1,1256
CAGGAACTTGGTAC.1,1488
CAGGCCGAAGCCAT.1,1488
CAGGCCGAATACCG.1,1016
CAGGCCGACAACTG.1,1015
CAGGCCGACTTATC.1,1015
CAGGCCGAGTGAGG.1,1015
CAGGCCGATGACAC.1,1256
CAGGCCGATGTTCT.1,1244
CAGGGCACAATGCC.1,101
CAGGGCACACACCA.1,1488
CAGGGCACAGTTCG.1,1244
CAGGGCACCGGAGA.1,1015
CAGGGCACGACAGG.1,1015
CAGGTAACCAGCTA.1,107
CAGGTAACCTCCCA.1,101
CAGGTAACGGTGGA.1,1488
CAGGTAACGTTAGC.1,1016
CAGGTAACTAAGGA.1,1244
CAGGTATGGAATGA.11,
CAGGTATGGGAGGT.1,1244
CAGGTATGTGCTGA.1,1244
CAGGTTGAAGGTCT.1,1488
CAGGTTGACGACAT.1,1016
CAGGTTGAGGTCTA.1,1039
CAGGTTGATCTTCA.1,1244
CAGTCAGAAAACAG.1,1256
CAGTCAGAAACGGG.1,1488
CAGTCAGAAAGAAC.1,1015
CAGTCAGAACACTG.1,1256
CAGTCAGAACTAGC.1,1488
CAGTCAGACGACTA.1,1039
CAGTCAGAGACACT.1,1488
CAGTCAGATGACTG.1,1015
CAGTGATGACGCAT.1,1488
CAGTGATGCGTTAG.1,1488
CAGTGATGTGTCTT.1,1039
CAGTGATGTGTGGT.1,1488
CAGTGATGTTAGGC.1,1016
CAGTGTGAGTGAGG.1,1488
CAGTGTGATGTCTT.1,1256
CAGTTACTGAGACG.1,1256
CAGTTGGAAAAACG.1,1015
CAGTTGGAAGCAAA.1,1015
CAGTTGGAGTGCTA.1,1488
CAGTTGGATTCCGC.1,1039
CAGTTTACCGGTAT.1,1488
CAGTTTACTGTCTT.1,1256
CATAAAACACTGGT.1,1015
CATAAAACCGTGAT.1,1016
CATAAAACGCCAAT.1,1016
CATAAAACTCATTC.1,1488
CATAAATGAATGCC.1,1488
CATAAATGATGGTC.1,1488
CATAAATGGAAGGC.1,1244
CATAAATGGAGATA.1,1015
CATAAATGTCTCTA.1,1015
CATAACCTAAGGTA.1,1015
CATAACCTGAAGGC.1,1256
CATAACCTGCTGTA.1,101
CATAACCTTGAGAA.1,1256
CATACTACCTGAAC.1,1015
CATACTACGCTGTA.1,1015
CATACTTGAGAGAT.1,1016
CATACTTGAGCATC.1,1016
CATACTTGATTTCC.1,1256
CATACTTGGCTCCT.1,101
CATACTTGGTCGTA.1,1015
CATACTTGTATCGG.1,1488
CATACTTGTCCTCG.1,107
CATAGTCTCTTCTA.1,1244
CATAGTCTTACTTC.1,1016
CATATAGACAGGAG.1,1488
CATATAGAGGTTTG.1,1488
CATCAACTCCGTAA.1,1256
CATCAACTGCTTAG.1,1488
CATCAACTGTCCTC.1,1256
CATCAGGAAAGATG.1,101
CATCAGGACACCAA.1,1256
CATCAGGAGACAAA.1,1244
CATCAGGAGTATCG.11,
CATCAGGAGTTGTG.1,1016
CATCAGGATGTGCA.1,1244
CATCATACACCTTT.1,1244
CATCATACAGCGGA.1,107
CATCATACCTTCGC.1,1015
CATCCCGACGTACA.1,1015
CATCCCGAGGTTCA.1,1039
CATCCCGAGTGCTA.1,1016
CATCCCGATTATCC.1,1244
CATCGCTGAACAGA.1,1244
CATCGCTGAAGTAG.1,1016
CATCGCTGACGGGA.1,1015
CATCGCTGCAGAAA.11,
CATCGCTGCCTTGC.11,
CATCGCTGCCTTTA.1,1244
CATCGCTGTGGTCA.1,1016
CATCGGCTAGGCGA.1,1488
CATCGGCTCCTTAT.1,1244
CATCGGCTCTCGCT.1,101
CATCGGCTGAAGGC.1,1488
CATCTCCTAGGGTG.1,1244
CATCTCCTCATTGG.1,1488
CATCTCCTCTGCTC.1,1256
CATCTCCTGTTCGA.1,1488
CATCTCCTTCTATC.1,1244
CATCTTGACTCCAC.1,1015
CATGAGACACACGT.1,1256
CATGAGACCACTTT.1,1488
CATGAGACTAGTCG.1,1256
CATGCCACAGCTAC.1,1488
CATGCCACCAGAAA.1,1244
CATGCCACCATGGT.1,1488
CATGCCACCGAACT.1,101
CATGCCACGAGGAC.1,1015
CATGCCACGCCATA.1,1488
CATGCCACGTTCAG.1,1256
CATGCGCTAAAACG.1,1488
CATGCGCTAAAGTG.1,101
CATGCGCTACCTCC.11,
CATGCGCTCAGAGG.1,1016
CATGCGCTCGTGAT.1,1015
CATGCGCTCTTAGG.1,101
CATGCGCTGAGCTT.1,1256
CATGCGCTTGGTGT.1,1256
CATGGATGAGAGAT.1,1256
CATGGATGTAAGCC.1,1015
CATGGCCTAAGAGT.1,1256
CATGGCCTCAGTCA.1,1244
CATGGCCTCTGTAG.1,101
CATGGCCTGTAGGG.1,107
CATGGCCTTTTCTG.1,1015
CATGTACTACACAC.1,101
CATGTACTAGGTTC.1,1244
CATGTACTCCTATT.1,1256
CATGTACTGAGAGC.1,1039
CATGTACTGTTACG.1,1039
CATGTTACAATCGC.1,1256
CATGTTACTAGCGT.1,1256
CATGTTACTCCAAG.1,1039
CATGTTACTGACAC.1,1244
CATGTTACTGATGC.1,1488
CATGTTACTGCAGT.1,1256
CATGTTTGACGCTA.1,1244
CATGTTTGCACTCC.1,1015
CATGTTTGCATGCA.1,1256
CATGTTTGCTGTAG.1,1015
CATGTTTGCTTGGA.1,1016
CATGTTTGGCGAGA.1,1015
CATGTTTGGGTTCA.1,1015
CATGTTTGTTCTGT.1,1488
CATTACACCCTCGT.1,1488
CATTACACCGATAC.1,1244
CATTACACTCGTTT.1,1016
CATTAGCTCCAAGT.1,1488
CATTAGCTCGACAT.1,1016
CATTAGCTGTGTAC.1,1488
CATTAGCTTGAGGG.1,1016
CATTAGCTTGGTTG.1,1244
CATTAGCTTTGACG.1,1488
CATTCCCTACACAC.1,1488
CATTCCCTACGGTT.1,1256
CATTCCCTCTGCTC.1,1039
CATTCCCTGCGAAG.1,1244
CATTCCCTGTCACA.1,101
CATTCCCTTCGTGA.1,1015
CATTGACTCGAACT.1,1244
CATTGACTGCAAGG.1,1244
CATTGACTGCATCA.1,1015
CATTGACTGCGAGA.1,1488
CATTGACTGGTGAG.1,1256
CATTGACTGTTTCT.1,107
CATTGACTTTCCAT.1,1015
CATTGACTTTTGGG.1,1015
CATTGGGAAAAAGC.1,1488
CATTGGGACAAAGA.1,1015
CATTGGGACCCTAC.1,1244
CATTGGGAGATGAA.1,101
CATTGGGAGTTGAC.1,1016
CATTGGGATACGAC.1,1244
CATTGTACAGGAGC.1,1256
CATTGTACGCAGAG.1,101
CATTGTACGGTTTG.1,1488
CATTGTACTCTCTA.1,1256
CATTGTACTGAAGA.1,1488
CATTGTACTTGGCA.1,101
CATTGTACTTGGTG.1,1244
CATTGTTGGGAGCA.1,1016
CATTGTTGGGTCAT.1,1256
CATTGTTGGTCATG.1,101
CATTTCGATAACGC.1,1488
CATTTGACTGCCCT.1,1256
CATTTGACTTTACC.1,1015
CATTTGTGAACAGA.11,
CATTTGTGATCACG.1,1488
CATTTGTGCATGGT.1,1015
CATTTGTGCCAACA.1,1488
CATTTGTGTTCGCC.1,1015
CCAAAGTGACCGAT.1,1016
CCAAAGTGATCTTC.1,1244
CCAAAGTGCGCTAA.1,1256
CCAAAGTGGCTTAG.1,
CCAAAGTGGGACTT.1,1016
CCAAAGTGTAGAGA.1,1016
CCAAAGTGTCACCC.1,101
CCAAAGTGTGTCCC.1,1488
CCAACCTGAGAAGT.1,1256
CCAACCTGTAACGC.1,1244
CCAACCTGTGGGAG.1,1256
CCAACCTGTTCTCA.1,1015
CCAAGAACAACGAA.1,1488
CCAAGAACACGGAG.1,1015
CCAAGAACAGCAAA.1,1016
CCAAGAACTCCTAT.1,1488
CCAAGAACTCTAGG.1,1256
CCAAGAACTGCTCC.1,1016
CCAAGATGACCAGT.1,1256
CCAAGATGCCTTGC.1,
CCAAGATGCGTAGT.1,1015
CCAAGATGGAGGAC.1,1016
CCAAGATGTGAGGG.1,1256
CCAAGTGACAGAGG.1,1015
CCAAGTGACCCAAA.1,101
CCAAGTGACTCTTA.1,1016
CCAAGTGACTGTTT.1,1016
CCAAGTGACTTATC.1,1488
CCAATGGAAGTGTC.1,107
CCAATGGAATGGTC.1,1039
CCAATGGACCGATA.1,1488
CCAATGGACCTGTC.1,1015
CCAATGGAGACTAC.1,1015
CCAATGGAGATAGA.1,1015
CCAATGGAGTATCG.1,1256
CCAATGGATAGACC.1,1015
CCAATTTGAGGCGA.1,1015
CCAATTTGCACTTT.1,1244
CCACCATGATTCGG.1,1015
CCACCATGCAGTCA.11,
CCACCATGCATTTC.1,101
CCACCATGTGCTAG.1,1256
CCACCTGAAAGAAC.1,101
CCACCTGAGCGAGA.1,107
CCACCTGAGCGGAA.1,1256
CCACCTGATGTTCT.1,1015
CCACGGGAAACGAA.1,1015
CCACGGGAAGGCGA.1,1015
CCACGGGAATCTTC.1,1244
CCACGGGACCATAG.1,1256
CCACGGGACTCGCT.1,1488
CCACGGGAGCATCA.1,1488
CCACGGGATAGTCG.1,101
CCACGGGATGCAAC.1,101
CCACTGACAGCCAT.1,1488
CCACTGACCGCATA.1,1039
CCACTGACCGTACA.1,1015
CCACTGTGAGTTCG.1,1256
CCACTGTGGCGAAG.1,1016
CCACTGTGGTCACA.1,1256
CCACTGTGGTTGTG.1,101
CCACTTCTAGCTCA.1,1256
CCACTTCTCCTATT.1,1015
CCACTTCTCTTATC.1,1256
CCACTTCTTACTCT.1,1015
CCACTTCTTGCAAC.1,1256
CCAGAAACACCTCC.1,1015
CCAGAAACCTACCC.1,1488
CCAGAAACCTCCCA.1,1015
CCAGAAACGTTGAC.1,1488
CCAGAAACGTTGCA.1,1244
CCAGAAACTGGAAA.1,1244
CCAGACCTGAGACG.11,
CCAGACCTGGGTGA.1,1488
CCAGATGAACCAAC.1,107
CCAGATGACAATCG.1,1015
CCAGATGACCTATT.1,1256
CCAGATGACTGTAG.1,107
CCAGATGAGAATGA.1,1016
CCAGATGAGTAAAG.1,101
CCAGATGATCGTTT.1,1015
CCAGATGATGAGAA.1,1244
CCAGCACTACACGT.1,1488
CCAGCACTCGTCTC.1,1256
CCAGCACTCTTAGG.1,1039
CCAGCACTGTAGGG.1,101
CCAGCACTGTGAGG.1,1016
CCAGCACTTAGACC.1,1039
CCAGCACTTGTCTT.1,1256
CCAGCACTTGTTCT.1,1488
CCAGCACTTTGTGG.1,1244
CCAGCGGAGCGGAA.1,1039
CCAGCGGAGGACAG.1,1015
CCAGCGGAGGTAAA.1,1015
CCAGCGGAGTTAGC.1,1244
CCAGCGGATGAGAA.1,1244
CCAGCTACAAGTAG.1,107
CCAGCTACACCACA.1,1488
CCAGCTACACGGGA.1,
CCAGCTACCAGTCA.11,
CCAGCTACTCAGAC.1,1256
CCAGGTCTCACAAC.1,1039
CCAGGTCTCTGTCC.1,1016
CCAGGTCTGCTGTA.1,1244
CCAGGTCTGGAGGT.11,
CCAGGTCTTACGCA.1,1488
CCAGGTCTTGTGCA.1,1488
CCAGTCACCGGAGA.1,101
CCAGTCTGCTCAGA.1,1016
CCAGTCTGGAGACG.1,1488
CCAGTCTGGCGGAA.1,1039
CCAGTCTGGTAGGG.1,1015
CCAGTCTGTTACTC.1,1488
CCAGTGCTAAGGGC.1,1016
CCAGTGCTAGAATG.1,1039
CCAGTGCTAGATCC.1,1015
CCAGTGCTATTCTC.1,1256
CCAGTGCTCTTGGA.1,1488
CCAGTGCTTGTTCT.1,1488
CCATAGGAACACGT.1,107
CCATAGGAATTTCC.1,1488
CCATAGGACAGATC.1,1244
CCATAGGACGTAAC.1,1015
CCATAGGACTGAGT.1,1488
CCATAGGATCATTC.1,1015
CCATAGGATTTACC.1,101
CCATATACAAACGA.1,1015
CCATATACCAACTG.1,101
CCATATACCAGTTG.1,1488
CCATATACCGAGAG.1,1015
CCATATACGCCATA.1,1488
CCATATACGCTGAT.1,1016
CCATATACGGAACG.1,1256
CCATCCGACACTAG.1,1016
CCATCCGACCACAA.1,1256
CCATCCGACCGCTT.1,1015
CCATCCGACTGTCC.1,1488
CCATCCGATCAGGT.1,1244
CCATCCGATGTTTC.1,1244
CCATCGTGCGAACT.1,1256
CCATCGTGTATGGC.1,1039
CCATCGTGTCCCGT.1,101
CCATCGTGTCGACA.1,1256
CCATGCTGACCCTC.1,1015
CCATGCTGCTAAGC.11,
CCATGCTGCTGTGA.1,1488
CCATGCTGGAGATA.11,
CCATGCTGGATACC.1,1244
CCATGCTGGCCAAT.1,1256
CCATGCTGGCCTTC.1,1256
CCATGCTGGGTGAG.1,1488
CCATGCTGTCAGAC.1,101
CCATGCTGTCCCAC.1,1015
CCATTAACAAAACG.1,1488
CCATTAACAAGAGT.1,1244
CCATTAACACGGTT.1,1015
CCATTAACCGAGTT.1,1488
CCATTAACGGACAG.1,1256
CCATTAACGTACCA.1,107
CCATTAACTGAAGA.1,1488
CCATTAACTGTTTC.1,1256
CCATTAACTTACCT.1,1244
CCATTAACTTCGGA.1,1256
CCCAAAGAATGCTG.1,1015
CCCAAAGACCCGTT.1,1016
CCCAAAGACGTAGT.1,1244
CCCAAAGAGCCCTT.11,
CCCAAAGATCCTCG.1,1244
CCCAACACTAAGCC.1,101
CCCAACTGAGCGTT.1,1016
CCCAACTGGCCTTC.1,1488
CCCACATGAACCGT.1,1488
CCCACATGAGCAAA.1,1016
CCCACATGCGCTAA.1,1016
CCCACATGCTTGAG.1,1039
CCCACATGTCTTCA.1,1256
CCCAGACTCCCACT.1,1015
CCCAGACTCCTTTA.1,1016
CCCAGACTGTTCGA.1,1015
CCCAGTTGAGGTCT.1,1488
CCCAGTTGCAGGAG.1,1256
CCCAGTTGTTCTAC.1,1015
CCCATCGAAAGGCG.1,1039
CCCATCGAAAGTAG.1,1016
CCCATCGACCCTAC.1,1016
CCCATCGACTGGAT.1,1244
CCCATCGATAGTCG.1,1256
CCCATCGATCTAGG.1,1256
CCCATGTGAGTTCG.1,1244
CCCATGTGCTCTTA.1,1488
CCCATGTGCTTGGA.11,
CCCATGTGTGGGAG.1,1244
CCCGAACTACCTGA.1,1016
CCCGAACTGAGGAC.1,1256
CCCGAACTGCTGTA.1,1015
CCCGATTGAGATGA.1,107
CCCGATTGCGAGTT.1,1244
CCCGATTGCTCGCT.1,1015
CCCGATTGGACAGG.1,1256
CCCGATTGGGAAAT.1,107
CCCGATTGTATTCC.1,1015
CCCGGAGAACTGTG.1,1015
CCCGGAGATTACCT.1,1015
CCCTACGAAAGAAC.1,1256
CCCTACGACCCGTT.1,1015
CCCTACGACTCTCG.1,1015
CCCTACGAGTACCA.1,1256
CCCTACGATATGCG.1,1016
CCCTACGATGACCA.1,1039
CCCTACGATTCTCA.1,1256
CCCTAGTGCGCAAT.1,1015
CCCTAGTGCGTCTC.1,1488
CCCTAGTGGTGTTG.1,1244
CCCTAGTGTGCAAC.1,1488
CCCTCAGAATCGGT.1,1488
CCCTCAGATACTTC.1,1488
CCCTCAGATTCTGT.1,1488
CCCTGAACAACGGG.1,1015
CCCTGAACTCTGGA.1,1256
CCCTTACTAAGAAC.1,1488
CCCTTACTACACGT.1,1488
CCCTTACTCCAATG.1,1256
CCCTTACTCTGGAT.11,
CCCTTACTGGTTCA.1,1256
CCCTTACTTGAACC.1,107
CCGAAAACACTGTG.1,1015
CCGAAAACCTGGAT.1,1488
CCGAAAACGAGCAG.1,101
CCGAAAACGAGGCA.1,1488
CCGAAAACGGAACG.1,1488
CCGAAAACTTCGTT.1,1488
CCGACACTAAGGCG.1,1256
CCGACACTAGCGTT.1,1488
CCGACACTCTACTT.1,1244
CCGACACTGCCAAT.1,1488
CCGACACTTATCGG.1,1016
CCGACTACCTTGGA.1,1244
CCGACTACGTTGCA.1,107
CCGATAGACTGTCC.1,1256
CCGATAGAGATAGA.1,1015
CCGATAGAGATGAA.1,1016
CCGATAGAGTATCG.1,1256
CCGCGAGAACTGTG.1,101
CCGCGAGACATTGG.1,1244
CCGCGAGACTGCAA.1,1244
CCGCGAGAGGTGTT.1,1016
CCGCGAGAGTTCAG.1,1256
CCGCGAGATCGCTC.1,1015
CCGCTATGATTCGG.1,107
CCGCTATGGGTGTT.1,1016
CCGCTATGGTCCTC.1,1488
CCGCTATGTTACTC.1,1256
CCGGAGACACCTAG.1,1488
CCGGAGACAGAACA.1,1244
CCGGAGACGAAAGT.1,1256
CCGGAGACTGGTAC.1,1488
CCGGAGTGAGCCAT.1,1488
CCGGAGTGAGGGTG.1,1256
CCGGAGTGGGACGA.1,1488
CCGGAGTGGTCGAT.1,107
CCGGAGTGGTTCTT.1,1015
CCGGAGTGTATGGC.11,
CCGGAGTGTCTGGA.1,1244
CCGGTACTAAGAGT.1,1016
CCGGTACTCCTTTA.1,101
CCGGTACTCGCATA.1,1488
CCGGTACTGTCCTC.1,1015
CCGGTACTTATCTC.1,101
CCGGTACTTTCTGT.1,1015
CCGTAAGAACGTAC.1,1256
CCGTAAGACCGCTT.1,1015
CCGTAAGAGGTGAG.1,1015
CCGTAAGATTCAGG.1,1244
CCGTACACAAAACG.1,1244
CCGTACACAAGATG.1,101
CCGTACACCAGATC.1,1244
CCGTACACGAGGGT.1,1015
CCGTACACGGAGGT.1,1039
CCGTACACTACTGG.1,1488
CCGTACACTGCCTC.1,1015
CCTAAACTACTCAG.1,1256
CCTAAACTAGCATC.1,1016
CCTAAACTCAGCTA.1,1039
CCTAAACTTCGTAG.1,1256
CCTAAGGAAAAACG.1,1244
CCTAAGGAACGTGT.1,101
CCTAAGGATCCTGC.1,1244
CCTACCGACGCCTT.1,1488
CCTAGAGAACCCTC.1,107
CCTAGAGACCTAAG.1,1256
CCTAGAGACGGAGA.1,1015
CCTAGAGAGGATTC.1,1488
CCTAGAGATCAGGT.1,1256
CCTATAACGCCATA.1,1488
CCTATAACGTTCGA.1,1488
CCTATAACTGGTGT.1,1016
CCTATTGACATGAC.1,1039
CCTATTGAGATACC.1,1256
CCTATTGAGGTATC.1,1488
CCTATTGATTTCAC.1,1016
CCTATTGATTTGCT.1,1256
CCTCATCTAGTCAC.1,1244
CCTCATCTATGCTG.1,1039
CCTCATCTGTCTGA.1,1015
CCTCGAACACCTCC.1,1256
CCTCGAACCATACG.1,1016
CCTCGAACTGGAAA.1,1256
CCTCTACTACGGGA.1,1256
CCTCTACTGAGAGC.1,1488
CCTCTACTGCATAC.11,
CCTCTACTGGGACA.1,1488
CCTCTACTGGTTTG.1,1244
CCTCTACTTGCTTT.1,1256
CCTGACTGCGCATA.1,1244
CCTGACTGCGGTAT.1,1244
CCTGACTGTGCAGT.1,1016
CCTGAGCTCACACA.1,1015
CCTGAGCTGGTGAG.1,1015
CCTGAGCTGTTTCT.1,1244
CCTGCAACAACCTG.1,1015
CCTGCAACCAGGAG.1,1488
CCTGCAACTGAGCT.1,1244
CCTGGACTACCTCC.1,1488
CCTGGACTAGTGCT.1,1256
CCTGGACTGTATCG.1,1244
CCTTAATGCATGAC.1,101
CCTTAATGCGGAGA.1,101
CCTTAATGGAATAG.1,1488
CCTTAATGGAATGA.1,1244
CCTTAATGGAGATA.1,1015
CCTTAATGGATAGA.1,1015
CCTTAATGGTGAGG.1,1016
CCTTAATGTCCTAT.1,1016
CCTTAATGTTCATC.1,1488
CCTTCACTGGACGA.1,1039
CCTTCACTGGAGGT.1,1256
CCTTCACTTCCAGA.1,1015
CCTTCACTTGCTAG.1,1016
CCTTCACTTTCTTG.1,1256
CCTTTAGAAGCGTT.1,1488
CCTTTAGACAGTCA.1,1015
CCTTTAGACTTGGA.1,1015
CCTTTAGATCGTGA.1,1256
CGAACATGAGCAAA.1,107
CGAACATGCTGGAT.1,1256
CGAACATGGTCACA.1,101
CGAACATGTGACTG.1,1488
CGAACATGTTGCGA.1,1244
CGAACATGTTTCGT.1,101
CGAAGACTAGTCAC.1,1256
CGAAGACTCCCTTG.1,1244
CGAAGACTCGTTAG.1,1016
CGAAGACTCTGTGA.1,1488
CGAAGACTGGATTC.1,1488
CGAAGACTGTCAAC.1,1016
CGAAGGGAAAGTAG.1,101
CGAAGGGACACCAA.1,1016
CGAAGGGAGACACT.1,101
CGAAGGGAGCTGTA.1,1256
CGAAGGGATCAGGT.1,1488
CGAAGGGATCGTTT.1,101
CGAAGGGATGCTAG.1,101
CGAAGGGATGGTGT.1,1016
CGAAGTACCCACAA.1,1488
CGAAGTACCCTTGC.1,1256
CGAAGTACTCCTAT.1,1015
CGAATCGACATACG.1,1015
CGAATCGACTGATG.1,1256
CGACAAACAGTAGA.1,1039
CGACAAACCCAAGT.1,101
CGACCACTCGAGTT.1,1256
CGACCGGAGCGGAA.1,1244
CGACCGGAGGTAAA.1,1256
CGACCGGAGTTCGA.1,1488
CGACCTACCGGTAT.1,1039
CGACCTACCTGAGT.1,101
CGACCTACCTTCCG.11,
CGACCTACTGCAGT.1,1256
CGACCTACTGTAGC.1,1256
CGACCTTGAACCGT.1,1488
CGACCTTGCTAGAC.1,1488
CGACCTTGGCTTCC.1,1015
CGACCTTGGGACTT.1,101
CGACCTTGGGAGCA.1,1244
CGACCTTGTGCACA.1,1256
CGACCTTGTGCTAG.1,1016
CGACCTTGTTATCC.1,1488
CGACGTCTACCGAT.1,1016
CGACGTCTAGGAGC.1,1256
CGACGTCTCGAATC.1,1015
CGACGTCTGGAGCA.1,1244
CGACTCACATTTCC.1,101
CGACTCACCACTTT.1,1015
CGACTCTGATACCG.1,1015
CGACTCTGCCTTAT.1,1488
CGACTCTGGTATGC.1,1488
CGACTCTGGTTTCT.11,
CGACTCTGTCCGAA.1,1256
CGACTCTGTGAGGG.1,101
CGACTGCTCGCCTT.1,1256
CGACTGCTGGACGA.1,1015
CGAGAACTATTCGG.1,1488
CGAGAACTCCCTTG.1,1256
CGAGATTGACACGT.1,101
CGAGATTGACCCTC.1,1244
CGAGATTGATAAGG.1,101
CGAGATTGATTTCC.1,1039
CGAGATTGCAGATC.1,1488
CGAGATTGCTCGAA.1,1488
CGAGATTGTCTCCG.1,1256
CGAGCCGAAAGGGC.1,1015
CGAGCCGAATTTCC.1,1039
CGAGCCGACCTTCG.1,1256
CGAGCCGAGGGAGT.1,1039
CGAGCCGATGAAGA.1,1015
CGAGCGTGATCGTG.1,1256
CGAGGAGACCGTTC.1,1015
CGAGGAGACTTTAC.1,1015
CGAGGAGAGAGAGC.1,1256
CGAGGAGAGCTCCT.1,101
CGAGGAGATTATCC.1,1488
CGAGGAGATTCATC.1,1015
CGAGGCACATCGGT.1,1244
CGAGGCACATTGGC.1,1244
CGAGGCACCATGGT.1,1256
CGAGGCACGCGTTA.1,1015
CGAGGCACGGGTGA.1,101
CGAGGCACTGTTCT.1,1488
CGAGGCTGCAGCTA.1,1256
CGAGGCTGCGCCTT.1,1488
CGAGGCTGCTAGTG.1,1256
CGAGGGCTAGTACC.1,1039
CGAGGGCTCCTTAT.1,101
CGAGGGCTCTGACA.1,1016
CGAGGGCTCTGATG.1,1256
CGAGGGCTTAAAGG.1,1488
CGAGTATGTTCTGT.1,1488
CGATACGAACTGGT.1,101
CGATACGAATTCGG.1,1256
CGATACGAGAATCC.1,1015
CGATAGACATGGTC.1,1016
CGATAGACATTCTC.1,1244
CGATAGACCCCAAA.1,101
CGATAGACGCCCTT.1,1256
CGATAGACGTTGGT.1,1244
CGATAGACTCATTC.1,107
CGATAGACTGCCTC.1,1015
CGATCAGAGAACTC.1,1016
CGATCAGAGTTAGC.1,1244
CGATCAGATCGTGA.1,1015
CGATCCACAGAGGC.1,107
CGATCCACCCATAG.1,1244
CGATCCACCCTCGT.1,1256
CGATCCACCTTGGA.1,1256
CGATCCACGGAGGT.1,1039
CGATCCACTACTTC.1,1488
CGATCCACTGGCAT.1,1256
CGATCCACTGTCGA.1,1256
CGCAAATGACTCTT.1,1488
CGCAAATGAGTCTG.1,1015
CGCAAATGATAAGG.1,107
CGCAAATGCACTGA.1,1244
CGCAAATGGCGAGA.1,101
CGCAAATGGTTCTT.1,1244
CGCAAATGTTGTGG.1,101
CGCAACCTAGTTCG.1,1015
CGCAACCTATCAGC.1,1488
CGCAACCTCACCAA.1,1256
CGCAACCTCTTTAC.1,1244
CGCAACCTGCTTCC.1,1015
CGCAACCTGGAGTG.1,1256
CGCAACCTTCCGTC.1,1488
CGCACGGAAATCGC.1,107
CGCACGGAAGCGGA.1,101
CGCACGGACAACCA.1,1256
CGCACGGACGAATC.11,
CGCACGGACGTAAC.1,1256
CGCACGGACTTATC.1,1256
CGCACGGATCGTTT.1,1256
CGCACTACCAGCTA.1,1015
CGCACTACTTCTTG.1,1488
CGCACTTGAAAGCA.1,1244
CGCACTTGACGACT.1,1488
CGCACTTGACTAGC.1,1256
CGCACTTGCAGTTG.1,1488
CGCACTTGCCTGTC.1,1015
CGCACTTGGCGAAG.1,1244
CGCACTTGTCAGTG.1,1488
CGCACTTGTGGTAC.1,1488
CGCAGGACCTTGGA.1,107
CGCAGGACGAAAGT.1,1015
CGCAGGACTCTCCG.1,1488
CGCAGGTGACGCTA.11,
CGCAGGTGAGAAGT.1,1015
CGCAGGTGCATGGT.1,1256
CGCAGGTGCCTCAC.1,1015
CGCAGGTGTGTGCA.1,1016
CGCAGGTGTTTCAC.1,1488
CGCATAGACTCCAC.1,1244
CGCATAGACTGAAC.1,1244
CGCATAGACTGTTT.1,1039
CGCATAGATCCCAC.1,1015
CGCATAGATGCAAC.1,1244
CGCATAGATTTGTC.1,1015
CGCCATACAATGCC.1,101
CGCCATACTGACCA.1,107
CGCCATTGTGTCAG.1,1015
CGCCGAGAACTACG.1,1488
CGCCGAGACCTCGT.1,101
CGCCGAGACGATAC.1,1488
CGCCGAGAGAATCC.1,101
CGCCGAGAGAGATA.1,107
CGCCGAGATCTAGG.1,1016
CGCCGAGATGGCAT.1,1256
CGCCTAACAAGCCT.1,1488
CGCCTAACCAGATC.1,1488
CGCCTAACCAGCTA.1,1488
CGCCTAACCCTACC.1,1244
CGCCTAACCGGTAT.1,101
CGCGAGACTAAGGA.1,1256
CGCGATCTACGACT.1,1015
CGCGATCTCTGCTC.1,1039
CGCGATCTGTGTCA.1,101
CGCGATCTTCCAAG.1,101
CGCGGATGCCACAA.1,1016
CGCGGATGGCATCA.1,1244
CGCGGATGGGACTT.1,101
CGCTAAGAAAGGCG.1,101
CGCTAAGAATTCCT.11,
CGCTAAGACTGACA.1,1039
CGCTAAGAGGTATC.1,1016
CGCTAAGAGTCATG.1,1016
CGCTAAGAGTTGAC.1,1015
CGCTAAGATGGTAC.1,1256
CGCTACACACTACG.1,1015
CGCTACACAGTACC.1,1256
CGCTACACCCACCT.1,1256
CGCTACACCTCAAG.1,1488
CGCTACACGCGATT.1,1256
CGCTACACTTCTTG.1,101
CGCTACACTTTGCT.1,1015
CGCTACTGACTGTG.1,1256
CGCTACTGAGAGAT.1,1015
CGCTACTGCCATGA.1,1488
CGCTACTGCGCAAT.1,1015
CGCTACTGCGTTGA.1,1488
CGCTACTGCTAGAC.1,1488
CGCTACTGCTATGG.1,1244
CGCTACTGGAACTC.1,1015
CGCTACTGGCAAGG.1,1488
CGCTCATGCTTCCG.1,1488
CGCTCATGTATCGG.1,1244
CGCTCATGTGACTG.1,107
CGCTCATGTTCGGA.1,1244
CGGAATTGAGTGCT.1,1015
CGGAATTGCTGTCC.1,1015
CGGAATTGCTGTTT.1,1256
CGGAATTGTTATCC.1,1015
CGGACCGAAGCAAA.1,1256
CGGACCGAAGGTCT.1,1256
CGGACCGAATGGTC.1,1015
CGGACCGACCTCAC.1,107
CGGACCGACGAGTT.1,1256
CGGACCGAGTTGGT.1,1256
CGGACTCTACCTTT.1,1488
CGGACTCTCCAAGT.1,1488
CGGAGGCTACCCAA.1,1244
CGGAGGCTAGCGTT.1,1016
CGGAGGCTAGGGTG.1,1016
CGGAGGCTCGCATA.1,101
CGGAGGCTGGCAAG.1,1488
CGGAGGCTGGGCAA.1,101
CGGATAACACACCA.1,1015
CGGATAACCGTTAG.1,1015
CGGATAACCTTCCG.11,
CGGATAACCTTGTT.1,101
CGGATAACGACAGG.1,1016
CGGATAACGACGGA.1,1256
CGGATAACTTTACC.1,1015
CGGATATGAAGCCT.1,1016
CGGATATGACTACG.1,1488
CGGATATGAGTCAC.1,1015
CGGATATGCGAACT.1,1256
CGGATATGCTGGAT.1,101
CGGATATGGGCAAG.1,101
CGGCACGAAGGAGC.1,1015
CGGCACGACTACCC.1,1256
CGGCACGAGGACAG.1,1016
CGGCACGATTCGCC.1,101
CGGCACGATTTGCT.1,1256
CGGCATCTAAAACG.1,1244
CGGCATCTAAGTGA.1,1015
CGGCATCTCCTCGT.1,101
CGGCATCTCTATTC.1,1488
CGGCATCTGCATAC.1,1039
CGGCATCTTAACCG.1,1015
CGGCCAGAAACCTG.1,101
CGGCCAGACCTAAG.1,1244
CGGCCAGATATGGC.1,1016
CGGCCAGATCTTAC.1,1015
CGGCGAACATCTCT.1,1039
CGGCGAACGAATAG.1,1016
CGGCGAACTCTCTA.1,1488
CGGCGATGAAACGA.1,1039
CGGCGATGCATGGT.1,1256
CGGCGATGCTACCC.1,1015
CGGCGATGTCCAGA.1,1256
CGGCGATGTTCTCA.1,101
CGGGACTGAGTCAC.1,1256
CGGGCATGACACGT.1,1256
CGGGCATGAGACTC.1,1244
CGGGCATGCATACG.1,1015
CGGGCATGCGTACA.1,1015
CGGGCATGCGTAGT.1,1488
CGGGCATGCTACTT.1,1256
CGGGCATGCTCAGA.1,1015
CGGGCATGGGAGTG.1,1016
CGGGCATGTGCCCT.1,1488
CGGGCATGTGTTCT.1,1015
CGGTAAACACGTTG.1,1015
CGGTAAACAGTACC.1,1488
CGGTAAACCCACCT.1,1016
CGGTAAACGAAAGT.1,1488
CGGTAAACGACGGA.1,1256
CGGTAAACGTTAGC.1,1015
CGGTACCTAATGCC.1,1256
CGGTACCTAGATGA.1,1244
CGGTACCTCAGATC.1,1244
CGGTACCTTGGAAA.1,1016
CGGTACCTTTACTC.1,1244
CGGTACCTTTGAGC.1,1016
CGGTCACTAGCACT.1,1244
CGGTCACTATCGAC.1,107
CGGTCACTGGGATG.1,1256
CGGTCACTTCGCAA.1,1488
CGTAACGACCCTCA.1,1015
CGTAACGAGCATCA.1,1256
CGTAACGAGGACTT.1,1488
CGTAACGAGGCATT.1,1244
CGTAACGATACAGC.1,1015
CGTAACGATCGCAA.1,1244
CGTACAGAACGCTA.1,101
CGTACAGAATGGTC.1,1256
CGTACAGATACGCA.1,1015
CGTACCACAGATGA.1,1256
CGTACCACATAAGG.1,1244
CGTACCACCCATAG.1,1016
CGTACCACCGGTAT.1,1256
CGTACCACTAAAGG.1,1488
CGTACCACTCCGTC.1,1256
CGTACCACTTGCTT.1,1244
CGTACCACTTTCGT.1,1016
CGTACCTGACAGTC.1,107
CGTACCTGCGTGTA.1,1015
CGTACCTGCTGGTA.1,1015
CGTACCTGCTTGGA.1,101
CGTACCTGGAAACA.1,1015
CGTACCTGGTGCAT.1,1015
CGTACCTGTCCTTA.1,1015
CGTACCTGTGGAAA.1,101
CGTAGCCTAAACGA.1,1015
CGTAGCCTCCGTTC.1,1488
CGTAGCCTCGTTGA.11,
CGTAGCCTCTGAAC.1,1256
CGTAGCCTGGGTGA.1,1016
CGTAGCCTGTAGCT.1,1488
CGTAGCCTTCAGAC.1,1244
CGTAGCCTTCTTCA.1,1016
CGTAGCCTTTGGTG.1,1244
CGTCAAGAAGCCAT.1,1015
CGTCAAGACCCTCA.1,101
CGTCAAGATGGGAG.1,1244
CGTCAAGATGGTCA.1,1015
CGTCCAACATCGAC.1,1488
CGTCCAACCTTCCG.1,1256
CGTCCATGACTCAG.1,1015
CGTCCATGCAGATC.1,1016
CGTCCATGCCGTAA.1,1015
CGTCCATGCCTCCA.1,1039
CGTCCATGCTGTGA.1,1015
CGTCCATGGCGATT.11,
CGTCCATGGGTAAA.1,1039
CGTCCATGTGCCCT.1,1015
CGTCGACTAGCGTT.1,1256
CGTCGACTCTACCC.1,107
CGTCGACTCTCAGA.1,107
CGTCGACTTAAAGG.1,1015
CGTCGACTTTCTTG.1,1256
CGTGAAACAGTTCG.1,1039
CGTGAAACCGTTAG.1,1016
CGTGAAACGAGACG.1,1244
CGTGAAACTGAGCT.1,101
CGTGAATGAAGGGC.1,1488
CGTGAATGACCTGA.1,1256
CGTGAATGAGCCTA.1,1244
CGTGAATGAGTCGT.1,1256
CGTGAATGCATGCA.1,1244
CGTGAATGGGTATC.1,107
CGTGAATGGTATCG.1,1256
CGTGAATGTCTTTG.1,1015
CGTGATGAAGTCTG.1,1015
CGTGATGACGTCTC.1,1256
CGTGATGACTTCTA.1,1244
CGTGATGATGGTGT.1,1039
CGTGCACTCTATGG.1,1488
CGTGCACTGCTAAC.1,1039
CGTGCACTTTCGCC.1,1256
CGTGTAGACCAACA.1,1016
CGTGTAGACGTGAT.1,1256
CGTTAACTTAGCGT.1,101
CGTTAGGAAACCTG.1,101
CGTTAGGAGCCAAT.1,1015
CGTTAGGAGTATCG.1,1488
CGTTATACACAGTC.1,1256
CGTTATACGAGCAG.1,107
CGTTATACGCGATT.1,1256
CGTTATACGTCTAG.1,1256
CGTTATACTGAAGA.1,1256
CGTTATACTTCTCA.1,101
CGTTTAACAGCGTT.1,1256
CGTTTAACCTCATT.1,1039
CGTTTAACGTGAGG.1,1015
CTAAACCTAAGAAC.1,1488
CTAAACCTCAGTCA.1,107
CTAAACCTCGCATA.1,1488
CTAAACCTCTGAAC.1,1488
CTAAACCTGTACGT.1,1488
CTAACACTACACCA.1,107
CTAACACTACCACA.1,1244
CTAACACTAGATGA.1,101
CTAACACTGCTAAC.1,1488
CTAACACTGGAGGT.1,1488
CTAACACTTACAGC.1,1015
CTAACACTTGTGAC.11,
CTAACGGACAACCA.1,1488
CTAACGGACCGCTT.1,1256
CTAACGGAGAAAGT.1,1488
CTAACGGATTTGTC.1,1016
CTAACTACAACCAC.1,1244
CTAACTACCCTGTC.1,107
CTAACTACTCACGA.1,1488
CTAAGGACACCTGA.1,1256
CTAAGGACAGTCGT.1,1016
CTAAGGACCACCAA.1,1015
CTAAGGACCCATAG.1,1488
CTAAGGACTCATTC.1,1244
CTAAGGACTCGTGA.1,1256
CTAAGGACTGGTGT.1,1488
CTAAGGTGGAAAGT.1,107
CTAAGGTGGTGTAC.1,101
CTAAGGTGGTTGTG.1,1488
CTAATAGAAGGTTC.1,1039
CTAATAGACGAATC.1,101
CTAATAGACTCCCA.1,1244
CTAATAGAGGGACA.1,1256
CTAATAGAGTACCA.1,107
CTAATAGATGGTTG.1,1256
CTAATGCTAAGGGC.1,1016
CTAATGCTACAGTC.1,1015
CTAATGCTAGCGGA.11,
CTAATGCTCAGAAA.1,1015
CTAATGCTCCTAAG.1,1039
CTAATGCTGAACTC.1,101
CTAATGCTGGATTC.1,1015
CTAATGCTTCCGAA.1,107
CTAATGCTTCTCTA.1,1015
CTAATGCTTGTCCC.1,1244
CTACAACTACACTG.1,1244
CTACAACTGAGACG.1,1244
CTACAACTGGCAAG.1,1016
CTACAACTGTATCG.1,1016
CTACAACTTCCCGT.1,1039
CTACAACTTTCCAT.1,1488
CTACCTCTATCACG.1,1016
CTACCTCTCCTTGC.1,1039
CTACCTCTCTTTAC.1,1256
CTACCTCTGTTGTG.1,1244
CTACCTCTTATCGG.1,1015
CTACGCACCCCACT.1,1015
CTACGCACCGTAGT.1,1016
CTACGCACGAGGCA.1,1015
CTACGCACGTCATG.1,1015
CTACGCACGTGTAC.1,1015
CTACGGCTTATGCG.1,107
CTACGGCTTCCCAC.1,1256
CTACGGCTTTTCGT.1,1015
CTACTATGCCCACT.1,107
CTACTATGCGACAT.1,1016
CTACTATGCTTGGA.1,1244
CTACTATGTGCTCC.1,1015
CTACTATGTGTCCC.1,1488
CTACTCCTACTCAG.1,1488
CTACTCCTATCGGT.1,1015
CTACTCCTGCTTCC.1,1244
CTACTCCTGGGTGA.1,1244
CTACTCCTGGTAGG.1,1488
CTACTCCTGGTGGA.1,1256
CTAGAGACGCTAAC.1,1488
CTAGAGACGTCTGA.1,101
CTAGAGACGTTCGA.1,1488
CTAGAGACTCCTAT.1,1488
CTAGGATGACGGTT.1,1488
CTAGGATGAGTAGA.1,101
CTAGGATGATGCTG.1,101
CTAGGATGCCCTAC.1,1015
CTAGGATGCTAGCA.1,1015
CTAGGATGGAGATA.1,1016
CTAGGATGGCCATA.1,1244
CTAGGATGTGCCCT.1,1488
CTAGGATGTGCGTA.1,1256
CTAGGCCTAAACAG.1,1015
CTAGGCCTCACTCC.1,1016
CTAGGCCTCCGAAT.1,1488
CTAGGCCTCCTATT.1,1015
CTAGGCCTGGTATC.1,1244
CTAGGTGATAAGCC.1,1256
CTAGGTGATGGAAA.1,1015
CTAGTTACACCCAA.1,1488
CTAGTTACAGAGAT.1,1015
CTAGTTACCAGAAA.1,107
CTAGTTACCTATTC.1,1488
CTAGTTACGGGACA.1,1244
CTAGTTACGTCTGA.1,1488
CTAGTTACTGGTAC.11,
CTAGTTTGAATGCC.1,1256
CTAGTTTGCTAGAC.1,1039
CTAGTTTGGAGATA.1,1488
CTAGTTTGGCCAAT.1,1244
CTAGTTTGGGTGTT.1,1015
CTAGTTTGTACTGG.1,1015
CTAGTTTGTAGCGT.1,1256
CTATAAGATAAAGG.1,1015
CTATACTGCCCGTT.1,1488
CTATACTGCTACCC.1,1016
CTATACTGGAGAGC.1,1015
CTATACTGTATCTC.1,1256
CTATAGCTACACGT.1,1244
CTATAGCTAGAAGT.1,1256
CTATAGCTCATGGT.1,1015
CTATAGCTGGCATT.1,1244
CTATCAACCAACTG.1,1039
CTATCAACCTACGA.1,1015
CTATCAACCTGTTT.1,1488
CTATCAACCTTAGG.1,1016
CTATCAACGAATCC.1,1256
CTATCATGGAATAG.1,107
CTATCATGGGACAG.1,1256
CTATCATGTCCGAA.1,1015
CTATCATGTCTAGG.1,1256
CTATCATGTTGGTG.11,
CTATCATGTTTCTG.1,1016
CTATCCCTAAGTGA.1,101
CTATCCCTAGATCC.1,1488
CTATCCCTATGACC.1,1244
CTATCCCTATGCCA.1,1488
CTATCCCTATTCTC.1,1488
CTATCCCTCATTTC.1,101
CTATGACTCGTAAC.1,1039
CTATGACTCTAGAC.1,1016
CTATGACTGAGCTT.1,1256
CTATGACTGCTACA.11,
CTATGACTGGCGAA.1,1256
CTATGACTGTACAC.1,1256
CTATGACTTTCTCA.1,1256
CTATGTACAAAGCA.1,1244
CTATGTACCGTGTA.1,1015
CTATGTACTACTTC.1,1488
CTATGTACTGTGAC.1,101
CTATGTACTTTCGT.1,1488
CTATGTTGGGAGCA.11,
CTATGTTGTCGCCT.1,1015
CTATGTTGTGCCCT.1,1244
CTATGTTGTGGTTG.1,1488
CTATTGACCTAGCA.1,1488
CTATTGACCTGATG.1,1015
CTATTGACTAAGGA.1,107
CTATTGTGAAAGCA.1,1244
CTATTGTGATCACG.1,101
CTATTGTGATCGTG.1,1256
CTATTGTGCGTTGA.1,1015
CTCAATTGCCTGTC.1,1039
CTCAATTGGACTAC.1,1244
CTCAATTGGTAGCT.1,1015
CTCAATTGTTGCGA.1,1015
CTCAGAGAAGAAGT.1,1488
CTCAGAGACTGAAC.1,1488
CTCAGAGACTTATC.1,1016
CTCAGAGAGGATTC.1,1256
CTCAGAGATCGACA.1,1488
CTCAGCACCAGCTA.1,1015
CTCAGCACCCAACA.1,107
CTCAGCACCCTATT.1,1488
CTCAGCACCTGTTT.1,1244
CTCAGCACGCGGAA.1,1488
CTCAGCACGTATGC.1,1244
CTCAGCACTCCGAA.1,1015
CTCAGCACTCGCCT.1,1016
CTCAGCTGACAGCT.1,1244
CTCAGCTGCGTCTC.1,1244
CTCAGCTGTTTCTG.1,1016
CTCAGGCTACGACT.1,1488
CTCAGGCTAGCCTA.1,1256
CTCAGGCTCTGAAC.1,1256
CTCAGGCTTAACGC.1,1256
CTCAGGCTTTCGGA.1,1488
CTCAGGCTTTGACG.1,1244
CTCATTGAGCTATG.1,1016
CTCATTGAGGGATG.1,1488
CTCATTGATCGACA.1,1016
CTCATTGATGGGAG.1,1256
CTCCACGAACGGGA.11,
CTCCACGATTGACG.1,101
CTCCATCTGATACC.1,1488
CTCCATCTTAGAGA.1,1488
CTCCATCTTTCTGT.1,1256
CTCCGAACAGCAAA.1,1015
CTCCGAACTAAAGG.1,1488
CTCCGAACTAGAAG.1,1244
CTCCGAACTAGTCG.1,1015
CTCCGAACTCCCGT.1,101
CTCCTACTGTCTAG.1,1256
CTCCTACTTCCGTC.1,1488
CTCGAAGAACACAC.1,1256
CTCGAAGAAGGCGA.1,1015
CTCGAAGACTAAGC.1,1256
CTCGAAGAGAGATA.1,1488
CTCGACACCGCAAT.1,1015
CTCGACACGTGTAC.1,1488
CTCGACACTACGCA.1,1244
CTCGACACTCCAAG.1,1488
CTCGACTGTCGATG.1,1256
CTCGACTGTTCACT.11,
CTCGAGCTCAGGAG.1,1488
CTCGAGCTCCTGAA.1,1016
CTCGAGCTCTCTTA.1,1015
CTCGAGCTGATGAA.1,1015
CTCGAGCTGGAGGT.1,1244
CTCGAGCTGGTAGG.1,1488
CTCGAGCTTCCGAA.1,1015
CTCGAGCTTTGTCT.1,1488
CTCGCATGTCGACA.1,1039
CTCGCATGTTCGTT.1,1488
CTCGCATGTTGACG.1,1015
CTCTAAACACTGTG.1,1015
CTCTAAACATCTCT.1,1256
CTCTAAACGAGCAG.1,1016
CTCTAAACGTGCAT.1,1488
CTCTAATGCCTCGT.1,1015
CTCTAATGGAATCC.1,1256
CTCTAATGGACAGG.1,101
CTCTAATGGCCCTT.1,1256
CTGAACGAAGTAGA.1,1015
CTGAACGACCAAGT.1,1256
CTGAACGACGCCTT.1,107
CTGAACGACTGGAT.1,1256
CTGAACGATTCATC.1,1015
CTGAACGATTCCCG.1,1488
CTGAAGACCACACA.1,1488
CTGAAGACCATGGT.1,1015
CTGAAGACCCTCAC.1,1488
CTGAAGACGAGCTT.1,101
CTGAAGACGGTAGG.1,1015
CTGAAGTGACGTGT.1,1488
CTGAAGTGGCTTCC.1,1015
CTGAAGTGTGCACA.1,1015
CTGAAGTGTTTCAC.1,1244
CTGAATCTAAACAG.1,1256
CTGAATCTAGAGAT.1,1244
CTGAATCTAGATGA.1,107
CTGAATCTGGAACG.1,
CTGAATCTTAAGCC.1,1015
CTGAATCTTCGCAA.1,1016
CTGAATCTTGGCAT.1,1256
CTGACAGACAACCA.1,1015
CTGACAGACAACTG.1,1016
CTGACAGACCAGTA.1,1256
CTGACCACACAGCT.1,1015
CTGACCACGGTATC.1,101
CTGACCACGTAGGG.1,1256
CTGACCACTGAGCT.11,
CTGACCACTGGCAT.1,1256
CTGACCACTGGTGT.1,1015
CTGAGAACCATCAG.1,1488
CTGAGAACCCTGTC.1,1256
CTGAGAACCTTGTT.1,1015
CTGAGCCTCTGTTT.1,1015
CTGAGCCTGAGGTG.1,1256
CTGAGCCTTACGCA.1,101
CTGAGCCTTCTCAT.1,1256
CTGAGCCTTGACAC.1,1016
CTGATACTCACTTT.1,1256
CTGATACTCCTTGC.1,1015
CTGATACTCTGTTT.1,1015
CTGATACTTAGAGA.1,101
CTGATACTTGCAAC.1,1244
CTGATACTTTCATC.1,1016
CTGATACTTTGACG.1,1488
CTGATGGAAATGCC.1,1488
CTGATGGACTATGG.1,1015
CTGATGGATGCTTT.1,1244
CTGATTTGAACGGG.1,1015
CTGATTTGCAGGAG.1,1256
CTGATTTGCTTATC.1,101
CTGATTTGGACAGG.1,1015
CTGATTTGGTGAGG.1,1015
CTGATTTGTCACCC.1,
CTGATTTGTCTCCG.1,1488
CTGCAGCTTAGACC.1,101
CTGCAGCTTGAAGA.1,1016
CTGCAGCTTTGGCA.1,1015
CTGCCAACCCATAG.1,1015
CTGCCAACCCATGA.1,1244
CTGCCAACCCCTAC.1,1256
CTGCCAACCTAAGC.1,1015
CTGCCAACTTGTCT.1,1488
CTGCGACTTGAAGA.1,1244
CTGGAAACACACGT.1,1488
CTGGAAACACCACA.1,
CTGGAAACATGTCG.1,1244
CTGGAAACCACTTT.1,1488
CTGGAAACGGAGGT.1,1244
CTGGATGAAGTAGA.1,1488
CTGGATGAGACAAA.1,1256
CTGGATGAGAGGTG.1,1015
CTGGATGAGCTACA.1,1488
CTGGATGATAAGGA.1,1244
CTGGATGATACTCT.1,1244
CTGGATGATGACCA.1,1015
CTGGATGATGTTCT.1,101
CTGGATGATTATCC.1,1488
CTGGCACTCCGTAA.1,107
CTGGCACTCCTCCA.1,101
CTGGCACTCTTGCC.1,101
CTGGCACTGAGAGC.1,101
CTGGCACTGTCGTA.1,1016
CTGTAACTATGTGC.1,1256
CTGTAACTTCACCC.1,101
CTGTAACTTGGTAC.1,1015
CTGTATACAGACTC.1,1244
CTGTATACCCTGTC.1,1015
CTGTATACGTATGC.1,1244
CTGTATACTGCTCC.1,1039
CTGTGAGAATGCCA.1,107
CTGTGAGAGGCATT.1,1244
CTGTGAGATCTCTA.1,107
CTGTGAGATGTCTT.1,1015
CTTAAAGAAAAGCA.1,1039
CTTAAAGAACGTGT.1,1256
CTTAAAGACTATTC.1,1016
CTTAAAGAGCTAAC.1,1015
CTTAAAGAGTAGCT.1,1256
CTTAAAGATATGCG.1,1488
CTTAAAGATGTCTT.1,1488
CTTAAAGATTTCTG.1,1256
CTTAACACAGCCAT.1,1244
CTTAACACAGTTCG.1,1015
CTTAAGCTACGTTG.1,1015
CTTAAGCTGGTACT.1,101
CTTAAGCTTATGGC.1,1256
CTTACAACACGTGT.1,1016
CTTACAACACGTTG.1,1015
CTTACAACCTTAGG.1,1016
CTTACAACGCGAGA.1,1488
CTTACAACGCTATG.1,1016
CTTACAACTGGTCA.1,1244
CTTACAACTTGGCA.1,1015
CTTACAACTTTCTG.1,101
CTTACATGCCATGA.1,1016
CTTACATGCGAATC.1,1015
CTTACATGCGCAAT.1,1244
CTTACATGCGTTAG.1,1015
CTTACATGGTTAGC.1,1256
CTTACATGGTTCAG.1,1015
CTTACATGTTTCTG.1,101
CTTACTGAAAGGGC.1,1244
CTTACTGAACCACA.1,1488
CTTACTGAACGCAT.1,1256
CTTACTGACTCTTA.1,1256
CTTACTGAGGAGGT.1,1256
CTTACTGAGGTTAC.1,1256
CTTACTGATTGTCT.11,
CTTAGACTAACCAC.1,1015
CTTAGACTACCAGT.1,101
CTTAGACTACTACG.1,101
CTTAGACTCACCAA.1,107
CTTAGGGAAAAAGC.1,1016
CTTAGGGACTGCAA.1,1016
CTTAGGGATCGATG.1,1488
CTTAGGGATGGTCA.1,1039
CTTATCGACAGCTA.1,1256
CTTATCGAGATAAG.1,1015
CTTATCGATTTCGT.1,101
CTTCACCTAGAAGT.1,101
CTTCACCTAGTGCT.1,101
CTTCACCTATGTGC.1,1244
CTTCACCTCCCTTG.1,1015
CTTCACCTCGACAT.1,1256
CTTCACCTGTCGTA.1,1256
CTTCACCTTAAGCC.1,1488
CTTCACCTTCGACA.1,1015
CTTCACCTTCTTTG.1,101
CTTCACCTTGACTG.1,1488
CTTCACCTTGGTCA.1,1016
CTTCATGAAACCTG.1,1488
CTTCATGACTAGCA.1,1488
CTTCATGAGGGTGA.1,1488
CTTCATGATCTCAT.1,101
CTTCTAGAATGACC.1,1488
CTTCTAGACTTGAG.1,1244
CTTCTAGACTTGTT.1,1015
CTTGAACTAACGGG.1,101
CTTGAACTATGACC.1,1015
CTTGAACTCCTGAA.1,107
CTTGAACTCTGTAG.1,1015
CTTGAACTGCCATA.1,1039
CTTGAACTGCCCTT.1,1015
CTTGAGGAAACCGT.1,1016
CTTGAGGAAAGCAA.1,1488
CTTGAGGAAGCTAC.1,1039
CTTGAGGAATGGTC.1,1256
CTTGAGGACTCAAG.1,1244
CTTGAGGACTCATT.1,1488
CTTGAGGATTGCAG.1,1015
CTTGAGGATTGGTG.1,1015
CTTGATTGAATGCC.1,1015
CTTGATTGCTACCC.1,1256
CTTGATTGGGTACT.1,107
CTTGATTGTAAGGA.1,1256
CTTGATTGTACAGC.1,1256
CTTGTATGACGACT.1,1488
CTTGTATGATCGTG.1,1015
CTTGTATGCTCGCT.1,1256
CTTGTATGTCTATC.1,107
CTTTACGAAGCCAT.1,1488
CTTTACGACGAATC.1,1244
CTTTACGACTTCCG.1,1015
CTTTACGAGTTAGC.1,1256
CTTTACGATTCATC.1,101
CTTTAGACGACTAC.1,1039
CTTTAGACGTCACA.1,1015
CTTTAGACTCGCAA.1,1488
CTTTAGACTGGGAG.11,
CTTTAGTGCTACCC.1,1015
CTTTAGTGCTTTAC.1,1256
CTTTAGTGGGTGTT.1,1015
CTTTCAGACAACCA.1,107
CTTTCAGAGACGAG.1,107
CTTTCAGAGTGTCA.1,1256
CTTTCAGATAGCCA.1,1244
CTTTCAGATCTCCG.1,1488
CTTTCAGATTTCTG.1,1015
CTTTGATGCCGAAT.1,1016
CTTTGATGGGGTGA.1,101
CTTTGATGGGTGGA.1,1016
CTTTGATGGTAGGG.1,1256
CTTTGATGGTCACA.1,107
CTTTGATGGTGTTG.1,1244
GAAACAGAAGTTCG.11,
GAAACAGATACTTC.1,1256
GAAACAGATGGGAG.1,1244
GAAACAGATGGTAC.1,1015
GAAACCTGCTATTC.1,1256
GAAACCTGCTTTAC.1,1016
GAAACCTGGCAAGG.1,1015
GAAACCTGGTAAGA.1,1256
GAAACCTGTCTTTG.1,1244
GAAAGATGAGTACC.1,1244
GAAAGATGCACTTT.1,107
GAAAGATGGCCTTC.1,1488
GAAAGATGGGATCT.1,1244
GAAAGATGGGCAAG.1,1488
GAAAGATGTAAAGG.1,1039
GAAAGCCTCAAAGA.1,101
GAAAGTGAAGAAGT.1,1488
GAAAGTGACGTCTC.1,1244
GAAAGTGACTTCGC.1,1015
GAAAGTGAGAATCC.1,1015
GAAAGTGAGGTGTT.1,1488
GAAAGTGATTCAGG.1,1015
GAAATACTACCTCC.1,1244
GAAATACTAGTCAC.1,1016
GAAATACTCGACTA.1,1015
GAAATACTCTGAAC.1,1488
GAAATACTGGTTTG.1,1015
GAAATACTTGGGAG.1,107
GAAATACTTGGTAC.1,1488
GAAATACTTTGCAG.1,1015
GAACACACAGCCAT.1,1244
GAACACACTGGTGT.1,1256
GAACACACTTCAGG.1,1256
GAACAGCTCACTGA.1,1015
GAACAGCTGCCTTC.1,1016
GAACAGCTGGACGA.1,1488
GAACAGCTGTACAC.1,1015
GAACCAACCGGAGA.1,1256
GAACCAACCTCCCA.1,1256
GAACCTGAACACCA.1,1488
GAACCTGATCAAGC.1,1244
GAACGGGAACCACA.1,1488
GAACGGGAATGCTG.1,101
GAACGGGACTCGAA.1,101
GAACGGGACTGATG.1,1244
GAACGGGATACGAC.1,1488
GAACGGGATGGTCA.1,1488
GAACGTTGAAAGCA.1,1488
GAACGTTGAGTACC.1,1039
GAACGTTGCTACTT.1,1488
GAACGTTGTGAGAA.1,1488
GAACGTTGTTCATC.1,1016
GAACTGTGCGTTAG.1,1039
GAACTGTGGTTGAC.1,1244
GAACTGTGTAGAGA.1,1015
GAACTGTGTATCGG.1,1488
GAAGAATGATGTGC.1,1015
GAAGAATGCTAGCA.1,1015
GAAGAATGGCAGTT.1,1256
GAAGAATGTACGCA.1,1015
GAAGAATGTGAGCT.1,1015
GAAGATGACTGAGT.1,1015
GAAGATGACTTCCG.1,1488
GAAGATGAGTATCG.1,1488
GAAGATGATCAGTG.1,1488
GAAGATGATGGTTG.1,1244
GAAGCGGAAAGATG.1,1256
GAAGCGGAAAGGCG.1,1244
GAAGCGGAAAGGTA.1,1488
GAAGCGGAAGACTC.1,1244
GAAGCGGACTTGCC.1,1015
GAAGCGGAGCGGAA.1,1015
GAAGCTACCAGAGG.1,1016
GAAGCTACCAGGAG.1,1015
GAAGCTACCCCTCA.1,1244
GAAGCTACCCGCTT.1,101
GAAGCTACGTAGGG.1,1256
GAAGCTTGACTACG.1,1016
GAAGCTTGCCTTTA.1,1244
GAAGCTTGTAACCG.1,1015
GAAGCTTGTCCGTC.1,101
GAAGGGTGAGAAGT.1,1015
GAAGGGTGAGCACT.1,1015
GAAGGGTGATACCG.1,1256
GAAGGGTGCATCAG.1,1015
GAAGGGTGGAACCT.1,1244
GAAGGGTGGACGGA.1,1256
GAAGGTCTAGAAGT.1,1015
GAAGGTCTAGTTCG.1,1016
GAAGGTCTATCGTG.1,1488
GAAGGTCTGCAAGG.1,1256
GAAGTAGAACGGGA.1,1488
GAAGTAGACGTAAC.1,1256
GAAGTAGACTGTAG.1,101
GAAGTAGAGTTGCA.1,107
GAAGTCACATCTTC.1,1015
GAAGTCACCCAGTA.1,1015
GAAGTCACGGACGA.1,1039
GAAGTCACGTGTAC.1,101
GAAGTCACTCGTAG.1,1256
GAAGTCTGAAACGA.1,1016
GAAGTCTGACTCAG.1,1039
GAAGTCTGCACTGA.1,1256
GAAGTCTGCCTAAG.1,1488
GAAGTCTGGTCATG.1,1015
GAAGTCTGTTCACT.1,101
GAAGTCTGTTTGCT.11,
GAAGTGCTAGCGTT.1,1256
GAAGTGCTCAGATC.11,
GAAGTGCTGTCTTT.1,1039
GAATGCACCAGAAA.1,1256
GAATGCACCATACG.1,1256
GAATGCACGCTATG.1,1015
GAATGCACGTTCGA.1,1015
GAATGCACTTACCT.1,107
GAATGCTGCCACCT.1,1488
GAATGCTGCCCACT.1,1015
GAATGCTGGCTCCT.1,1015
GAATGCTGTTCATC.1,1016
GAATGGCTAAACAG.1,107
GAATGGCTAGATCC.1,1488
GAATGGCTATTCTC.1,1015
GAATGGCTCCCTAC.1,101
GAATGGCTCTAAGC.1,1015
GAATGGCTCTCAAG.11,
GAATGGCTCTCATT.1,101
GAATGGCTGGTATC.1,1016
GAATGGCTGTTCAG.1,1244
GAATGGCTTCTCCG.1,107
GAATGGCTTGTCGA.1,1015
GAATTAACACTTTC.1,1256
GAATTAACTTCAGG.1,1244
GACAACACACGTAC.1,101
GACAACACCGTCTC.1,1016
GACAACACGGAGTG.1,1488
GACAACACGTTAGC.1,1488
GACAACACTTGAGC.1,1015
GACAACTGCCAATG.1,1256
GACAACTGCCATAG.1,101
GACAACTGCGCTAA.1,1256
GACAACTGCTAGTG.1,1244
GACAACTGTGCGTA.1,1244
GACACTGAACTACG.1,1256
GACACTGACTGTAG.1,1016
GACACTGAGGTCAT.1,107
GACACTGATTCTAC.1,1244
GACACTGATTTACC.1,1488
GACAGGGATCGCCT.1,1015
GACAGTACCAGTTG.1,1015
GACAGTACCATTTC.1,1244
GACAGTACGCAAGG.1,101
GACAGTACGCGTTA.11,
GACAGTACGCTGTA.1,107
GACAGTACGTCAAC.1,1015
GACAGTACTCCTCG.1,1015
GACAGTACTTCCGC.1,1015
GACAGTTGCCTTAT.1,1015
GACAGTTGGAAGGC.1,1016
GACAGTTGTCAGAC.1,1015
GACAGTTGTCCGAA.1,1488
GACATTCTACAGTC.1,1015
GACATTCTACCGAT.1,1016
GACATTCTGACGAG.1,1015
GACATTCTGAGCTT.1,1256
GACATTCTGGAACG.1,1039
GACATTCTGTTTGG.1,1016
GACCAAACACGGGA.1,1016
GACCAAACAGTGTC.1,101
GACCAAACATTGGC.1,1015
GACCAAACCTACCC.1,1244
GACCAAACGATAGA.1,1015
GACCAAACGTTCAG.1,1488
GACCAAACTAGCGT.1,1244
GACCATGAAAGGTA.1,1488
GACCCTACATTCTC.1,1244
GACCTAGAAAGCAA.1,1256
GACCTAGACGCCTT.1,1488
GACCTAGACGCTAA.1,1244
GACCTCACAAGATG.1,1015
GACCTCACACCCAA.1,1256
GACCTCACAGGGTG.1,1256
GACCTCACGTATCG.1,1016
GACCTCACTGCTAG.1,1016
GACCTCACTGGTCA.1,1015
GACCTCTGAGGGTG.1,1244
GACCTCTGCTGAAC.1,1016
GACCTCTGGTGCTA.1,1039
GACCTCTGTCTTCA.1,1488
GACCTCTGTGCTTT.1,1256
GACCTCTGTTGCGA.1,1256
GACGAACTCATCAG.1,1015
GACGAACTGTCAAC.1,1039
GACGAACTTATCTC.1,1244
GACGAACTTTTGTC.1,1488
GACGAGGACATGAC.1,1244
GACGAGGACCCGTT.1,1016
GACGAGGACCGATA.1,1015
GACGAGGACGTGAT.1,1488
GACGAGGAGGACAG.1,101
GACGAGGAGGGACA.1,107
GACGAGGAGTCTAG.1,1488
GACGAGGATGTGAC.1,1488
GACGAGGATTGAGC.1,1256
GACGATTGACGGGA.1,1015
GACGATTGAGAGGC.1,1039
GACGATTGCTTATC.1,1256
GACGCCGAGCTGAT.1,101
GACGCCGAGGAGGT.1,1244
GACGCCGAGTGTAC.1,107
GACGCCGAGTTAGC.1,1016
GACGCCGAGTTGAC.1,1256
GACGCCGATTTCTG.1,107
GACGCTCTCGATAC.1,1015
GACGCTCTCTGTGA.1,1256
GACGCTCTGTGCTA.1,1015
GACGCTCTTCCGAA.1,101
GACGCTCTTGCTAG.1,1244
GACGCTCTTGTGAC.1,1015
GACGCTCTTTATCC.1,1256
GACGGCACACAGCT.1,1488
GACGGCACGTTCAG.1,1015
GACGGCACTTTACC.1,1015
GACGTAACAAAAGC.1,1256
GACGTAACACGTGT.1,1016
GACGTAACCACACA.1,1015
GACGTAACCGCTAA.11,
GACGTAACCGTTAG.1,1244
GACGTAACGAATCC.1,1244
GACGTAACGAGAGC.1,1016
GACGTAACGTAGGG.1,1015
GACGTAACGTTTGG.1,1015
GACGTAACTGCTAG.1,1244
GACGTAACTGCTCC.1,1256
GACGTATGACTAGC.1,1256
GACGTATGCCGTTC.1,107
GACGTATGGAAACA.1,1015
GACGTATGTAACCG.1,1015
GACGTCCTAAGTAG.1,1244
GACGTCCTATCTTC.1,1244
GACGTCCTGAGGCA.11,
GACGTCCTGCGATT.1,1244
GACGTCCTGGTAGG.1,1015
GACGTCCTTCTTCA.1,1256
GACGTCCTTGAACC.1,1256
GACGTCCTTGTTCT.1,1016
GACGTCCTTTTCTG.11,
GACTACGACCTTTA.1,1488
GACTACGAGAGGGT.11,
GACTACGAGTCTGA.1,1015
GACTACGAGTGAGG.11,
GACTACGATGTGAC.1,1015
GACTACGATGTTTC.1,1256
GACTACGATTCACT.1,1016
GACTCCTGAACTGC.1,107
GACTCCTGCTTCTA.1,1488
GACTCCTGGAGCAG.1,1016
GACTCCTGGGTTTG.1,107
GACTCCTGTATCTC.1,1244
GACTCCTGTGTAGC.1,1256
GACTGAACAAGTGA.1,1256
GACTGAACATCTCT.1,1488
GACTGAACCAGATC.1,1488
GACTGAACCCAGTA.1,1244
GACTGATGAAGGGC.1,101
GACTGATGACACAC.1,1015
GACTGATGGAATCC.1,1015
GACTGATGGTCCTC.1,1039
GACTGATGGTTTGG.1,1488
GACTGATGTAGACC.1,1015
GACTGATGTGCCAA.1,1015
GACTGTGAAAGCAA.1,1015
GACTGTGAAGATCC.1,1016
GACTGTGAAGGCGA.1,1015
GACTGTGAAGTGCT.1,101
GACTGTGACAGATC.1,101
GACTGTGAGGAAGC.1,101
GACTGTGAGGTGGA.1,1256
GACTGTGATCTTCA.1,1488
GACTGTGATGCCAA.1,1256
GACTGTGATTCGGA.1,101
GACTTTACATTCGG.1,1015
GACTTTACCAGATC.1,1015
GACTTTACTAAAGG.1,1244
GACTTTACTTGCGA.1,1488
GAGAAATGAGCAAA.1,1015
GAGAAATGTCCAAG.1,1244
GAGAAATGTTTCTG.1,1488
GAGAAATGTTTGTC.1,1244
GAGAGGTGACACTG.1,101
GAGAGGTGAGCACT.1,1488
GAGAGGTGCCTGAA.1,1039
GAGAGGTGCTGGAT.1,1244
GAGAGGTGTCGCCT.1,1015
GAGAGGTGTTTCGT.1,1016
GAGATAGAAACGGG.1,1039
GAGATAGACCGTAA.1,1488
GAGATAGATGAGGG.1,1256
GAGATAGATGCTAG.1,1256
GAGATAGATGGTAC.1,1256
GAGATCACACACTG.1,1016
GAGATCACAGACTC.1,1016
GAGATCACCCAAGT.1,1244
GAGATCACCTTGGA.1,101
GAGATCACTCCCGT.1,1488
GAGATCACTGATGC.1,1244
GAGATCACTGCATG.1,1015
GAGATGCTAAGGGC.1,1256
GAGATGCTACCTAG.1,1015
GAGATGCTATCGAC.1,1488
GAGATGCTCGGTAT.1,107
GAGATGCTGTCATG.1,1256
GAGATGCTTACAGC.1,1016
GAGATGCTTGACTG.1,1488
GAGATGCTTTAGGC.1,1256
GAGATGCTTTCTAC.1,1039
GAGCAACTACGTGT.1,1488
GAGCAACTCTAAGC.1,107
GAGCAACTGCTGAT.1,1488
GAGCAACTGTAAAG.1,1488
GAGCAGGAACAGCT.1,101
GAGCAGGAAGTCTG.1,107
GAGCAGGACACTAG.1,1256
GAGCAGGACCCGTT.1,1256
GAGCAGGACGTAAC.1,1488
GAGCAGGAGGCAAG.1,101
GAGCAGGATCGACA.1,1488
GAGCATACACCAGT.1,1244
GAGCATACATCGAC.1,1015
GAGCATACCCAAGT.1,107
GAGCATACGGAAGC.1,1488
GAGCATACGGAGTG.1,101
GAGCATACGGATCT.1,1244
GAGCATACGGGATG.1,107
GAGCGAGAACTCTT.1,1488
GAGCGAGACACAAC.1,1488
GAGCGAGACGAGTT.1,1244
GAGCGAGAGAATAG.1,1488
GAGCGAGAGCGTAT.1,1244
GAGCGAGATGGTCA.1,1015
GAGCGAGATGTCGA.1,1244
GAGCGAGATTCTAC.1,101
GAGCGCACAGAGAT.1,1015
GAGCGCACCAGAGG.1,1015
GAGCGCACCCAATG.1,1015
GAGCGCTGACCTCC.1,1016
GAGCGCTGCAAAGA.1,1016
GAGCGCTGCTGGAT.1,1016
GAGCGCTGGGATTC.1,1488
GAGCGCTGGGCGAA.1,1015
GAGCGCTGTTGTGG.1,1015
GAGCGCTGTTTCTG.1,1039
GAGCGGCTAACGGG.1,1256
GAGCGGCTATGGTC.1,1256
GAGCGGCTTGTCTT.1,1488
GAGCTCCTGTCATG.1,1015
GAGCTCCTGTTGTG.1,1488
GAGCTCCTTACAGC.1,1256
GAGGACGAACTCTT.1,1015
GAGGACGACGGGAA.1,1256
GAGGACGAGCAGTT.1,1256
GAGGACGAGGCAAG.1,1015
GAGGACGAGGTTTG.1,1488
GAGGACGATGACCA.1,1256
GAGGATCTGGCATT.1,1039
GAGGATCTTAGCGT.1,1488
GAGGATCTTCACGA.1,1256
GAGGATCTTCTAGG.1,101
GAGGCAGATCATTC.1,1488
GAGGCAGATGGTGT.1,1244
GAGGCCACACAGTC.1,1015
GAGGCCACAGTGCT.1,1244
GAGGCCACCTACCC.1,1016
GAGGCCACGTCCTC.1,1488
GAGGCCACTGTTTC.1,1015
GAGGGAACGATAAG.1,1256
GAGGGAACGTTGTG.1,1256
GAGGGAACTTATCC.1,1488
GAGGGAACTTTGCT.1,1256
GAGGGATGAGGGTG.1,1016
GAGGGATGATCTCT.1,1015
GAGGGATGCTTCCG.1,1244
GAGGGATGGGGATG.1,1488
GAGGGATGGTCACA.1,1039
GAGGGATGTAGCCA.1,1015
GAGGGATGTGCCAA.1,1488
GAGGGATGTGTGAC.1,1488
GAGGGATGTTCACT.1,1488
GAGGGATGTTGAGC.1,101
GAGGGCCTAACGGG.1,1256
GAGGGCCTACCTCC.1,1256
GAGGGCCTACTAGC.1,1244
GAGGGCCTAGAGGC.1,1015
GAGGGCCTCAGAAA.1,107
GAGGGCCTCCTGTC.1,1039
GAGGGTGAAGTAGA.1,1256
GAGGGTGATAGTCG.1,1015
GAGGGTGATGTCTT.1,1015
GAGGGTGATTGCGA.1,101
GAGGGTGATTGCTT.1,1488
GAGGGTGATTGGCA.1,1244
GAGGTACTAAAACG.1,1256
GAGGTACTAACGGG.1,1256
GAGGTACTAAGGTA.1,1015
GAGGTACTACGCAT.1,1039
GAGGTACTACTACG.1,107
GAGGTACTCATGAC.1,107
GAGGTACTCTCTAT.1,1015
GAGGTACTTGGTCA.1,1256
GAGGTGGAATTCTC.1,1488
GAGGTGGACTCATT.1,1015
GAGGTGGAGCGAAG.1,101
GAGGTGGAGGTTCA.1,1244
GAGGTGGATTGGTG.1,1015
GAGGTTACCACTTT.1,1244
GAGGTTACCTTTAC.1,1015
GAGGTTACGAGAGC.1,1256
GAGGTTACGCGGAA.1,101
GAGGTTTGAAGATG.1,107
GAGGTTTGAATCGC.1,1256
GAGGTTTGATGCTG.1,101
GAGGTTTGCCTTAT.1,101
GAGGTTTGCGAGAG.1,1015
GAGGTTTGGTCTAG.1,1256
GAGGTTTGTGGAAA.1,101
GAGTAAGACTTGCC.1,1256
GAGTAAGATCAGTG.1,101
GAGTAAGATGTGGT.1,1488
GAGTACACACACAC.1,107
GAGTACACCATTGG.1,1015
GAGTACACCATTTC.11,
GAGTACACCTGACA.11,
GAGTACACGCGTTA.11,
GAGTACTGCGTAGT.1,1015
GAGTACTGTCACGA.1,1015
GAGTACTGTGATGC.1,1488
GAGTCAACGAGACG.1,101
GAGTCAACGCAGAG.1,1016
GAGTCAACGTGCAT.1,1488
GAGTCAACTCGTGA.1,1015
GAGTCTGAACCCAA.1,1488
GAGTCTGAACCCTC.1,101
GAGTCTGAAGAAGT.1,1016
GAGTCTGACCTTGC.1,1015
GAGTGACTAAGCAA.1,1015
GAGTGACTGCTGTA.1,1256
GAGTGACTGGACGA.1,1015
GAGTGACTTCGATG.1,1488
GAGTGACTTCTCCG.1,1244
GAGTGACTTGTCAG.1,1256
GAGTGGGAAGCACT.1,1015
GAGTGGGACATGAC.1,1256
GAGTGGGATCTCGC.1,1256
GAGTGGGATTGTGG.1,1244
GAGTGTTGCTCAAG.1,101
GAGTGTTGGACAAA.1,1488
GAGTGTTGGTCGAT.1,1015
GAGTGTTGTTCCAT.1,1015
GAGTTGTGACTTTC.1,1488
GAGTTGTGCTTCTA.1,1256
GAGTTGTGGAAAGT.1,101
GAGTTGTGGTCTAG.1,1256
GAGTTGTGTGGAAA.1,1016
GAGTTGTGTGGCAT.1,1244
GATAAGGACCTCCA.1,1488
GATAAGGACTGACA.1,1488
GATAAGGAGTGTAC.1,1244
GATAAGGATTTGGG.1,1015
GATAATACGGTTTG.1,1015
GATAATACTGAAGA.1,1039
GATAATACTGTAGC.1,1016
GATACTCTAACCTG.1,107
GATACTCTAATCGC.1,1488
GATACTCTCCACCT.1,1015
GATACTCTCGGTAT.1,1488
GATACTCTGCAAGG.1,1244
GATAGAGAAAACGA.1,1015
GATAGAGAAACCGT.1,1244
GATAGAGACCTTAT.1,1488
GATAGAGACTGTTT.1,1488
GATAGAGATGAGCT.1,1488
GATAGAGATTTCAC.1,1488
GATAGCACAAGCAA.1,1256
GATAGCACACACTG.1,1256
GATAGCACGAGATA.1,1244
GATAGCACGGAGTG.1,1244
GATAGCACTTGGTG.1,1256
GATATAACAAAGCA.1,1488
GATATAACATTTCC.1,1015
GATATAACCTTAGG.1,1244
GATATAACGAACTC.1,1488
GATATAACGGTGGA.1,1039
GATATAACGTTCGA.1,1015
GATATATGAACTGC.1,1256
GATATATGAATGCC.1,1256
GATATATGATGCTG.1,1039
GATATATGCTGGAT.1,1016
GATATATGGTGTTG.1,1488
GATATCCTACCAAC.1,1488
GATATCCTAGGAGC.1,1256
GATATCCTGTAAAG.1,1244
GATATCCTGTGTTG.1,1244
GATATCCTTGGGAG.1,1256
GATATTGAAGCGTT.1,1244
GATATTGAAGTGTC.1,1488
GATATTGATTGGTG.1,1256
GATCATCTCTGATG.1,1488
GATCCCTGACTCTT.1,1015
GATCCCTGCTACGA.1,1244
GATCCCTGGTAGGG.1,1015
GATCCCTGTCCCAC.1,1244
GATCCGCTAGGTTC.1,1039
GATCCGCTTCTCGC.1,1015
GATCGAACACTTTC.1,1015
GATCGAACATGCCA.1,1256
GATCGAACATGTGC.1,1015
GATCGAACCATACG.11,
GATCGAACCGGGAA.1,1015
GATCGAACGGTGTT.1,1015
GATCGAACTTTGTC.1,1256
GATCGATGAAAGTG.1,1488
GATCGATGAGATCC.1,1256
GATCGATGCGTTAG.1,1015
GATCGATGGAAAGT.1,1015
GATCGTGAATGTGC.1,1256
GATCGTGACAGGAG.1,1488
GATCGTGACCACAA.1,1015
GATCGTGACGGAGA.1,1488
GATCGTGACTACCC.1,1488
GATCGTGAGAACCT.1,1256
GATCGTGATCCGTC.1,1016
GATCGTGATGAGCT.1,1015
GATCTACTCGCTAA.1,101
GATCTACTCTCGAA.1,1244
GATCTTACACACCA.1,1015
GATCTTACAGAATG.1,101
GATCTTACCCAACA.1,1244
GATCTTACGGTCTA.1,1015
GATCTTACTCCCAC.1,1015
GATCTTTGACACCA.1,101
GATCTTTGAGTCGT.1,1016
GATCTTTGCGACAT.1,1256
GATCTTTGGCTGAT.1,1244
GATCTTTGTCAGTG.1,1256
GATGACACACGTTG.1,1244
GATGACACCATACG.1,1488
GATGACACGTTACG.1,101
GATGACACTTCTCA.1,1016
GATGCAACATCGGT.1,1244
GATGCAACGAATAG.1,1256
GATGCAACTTGGTG.1,1256
GATGCATGAGCAAA.1,1488
GATGCATGCACTAG.1,1015
GATGCATGCCTTTA.1,1244
GATGCATGCGCCTT.1,101
GATGCATGGAGGCA.1,1015
GATGCATGGGAACG.1,1016
GATGCATGTTTGGG.1,1039
GATGCCCTACGTAC.1,1039
GATGCCCTCGTAGT.1,1015
GATGCCCTGACAGG.1,1488
GATGCCCTTCTTAC.1,1244
GATGCCCTTGAGAA.1,1015
GATTACCTAAAAGC.1,1256
GATTACCTAAACAG.1,101
GATTACCTAACAGA.1,101
GATTACCTAACGAA.1,1039
GATTACCTAGGGTG.1,1256
GATTACCTCATGAC.1,1488
GATTACCTCGGGAA.1,1016
GATTACCTCTGTGA.1,1015
GATTACCTGGATTC.1,1039
GATTACCTGGGATG.1,1256
GATTACCTTACAGC.1,1016
GATTACCTTCCTAT.1,1244
GATTACCTTCTAGG.1,1244
GATTACCTTCTATC.1,1016
GATTACCTTGTCGA.1,1256
GATTCGGAACGGGA.1,1015
GATTCGGACGATAC.1,1244
GATTCGGAGGCAAG.1,1256
GATTCGGATCACGA.1,1015
GATTCGGATGTCCC.1,107
GATTCTACACTCTT.1,107
GATTCTACGAGGCA.1,1244
GATTCTACGTCACA.1,1244
GATTCTACTTAGGC.1,1488
GATTCTACTTCTAC.1,1256
GATTCTTGAGTGTC.1,1015
GATTCTTGCAACTG.1,1488
GATTCTTGGTTAGC.1,1488
GATTCTTGTCGCAA.1,101
GATTCTTGTCTATC.1,1488
GATTCTTGTCTTTG.1,1015
GATTCTTGTTGTCT.1,1256
GATTCTTGTTTCGT.1,1016
GATTGGACATGCTG.1,1016
GATTGGACTCACGA.11,
GATTGGACTGTTTC.1,1016
GATTGGACTTACTC.1,1016
GATTGGTGACCTTT.1,1244
GATTGGTGAGGAGC.1,1256
GATTGGTGCTGACA.1,1488
GATTGGTGTATCTC.1,1488
GATTGGTGTATGCG.1,1256
GATTGGTGTGGAAA.1,1256
GATTGGTGTGGTGT.1,1244
GATTTAGAACCAAC.1,1256
GATTTAGAATGACC.1,1488
GATTTAGAATTCCT.1,1488
GATTTAGAGAATAG.1,1488
GATTTAGAGTAGCT.1,101
GATTTAGATTTCAC.1,1488
GATTTGCTACCCTC.1,1256
GATTTGCTACGCTA.1,1488
GATTTGCTACGTAC.1,1244
GATTTGCTCTTACT.1,1244
GATTTGCTGTACCA.1,1244
GCAAACTGAAGATG.1,1244
GCAAACTGACACCA.1,1488
GCAAACTGAGTGCT.1,1016
GCAAACTGCTCAGA.1,101
GCAAACTGGTGCTA.1,107
GCAACCCTAGGAGC.1,107
GCAACCCTCTGTGA.1,1244
GCAACCCTGTCACA.1,1256
GCAACCCTTTACTC.1,1256
GCAACTGAAAGTAG.1,1256
GCAACTGAACCTAG.1,107
GCAACTGACACACA.1,1256
GCAACTGACGATAC.1,1015
GCAACTGATCAGGT.11,
GCAACTGATTCGGA.1,1015
GCAAGACTAACCGT.1,1488
GCAAGACTCGGAGA.1,1488
GCAAGACTGAACCT.1,1256
GCAAGACTGACGAG.1,1488
GCAAGACTTGCCTC.1,1015
GCAAGACTTTACTC.1,1016
GCAAGACTTTATCC.1,1015
GCAATCGATGCTCC.1,1488
GCAATCGATGTCCC.1,1244
GCAATTCTACCCAA.1,1039
GCAATTCTACCCTC.1,1488
GCAATTCTACTACG.1,101
GCAATTCTCTAGCA.1,1016
GCAATTCTTGGGAG.1,1488
GCACAAACACTGTG.1,107
GCACAAACCCATGA.1,1015
GCACAAACGGTAGG.1,1016
GCACAATGAATCGC.1,1488
GCACAATGACTGTG.1,1488
GCACAATGAGCTCA.1,1015
GCACAATGATGTCG.1,1244
GCACAATGCAGTCA.1,1244
GCACAATGCTTCGC.1,1256
GCACAATGGTAGCT.1,107
GCACAATGTCCCAC.1,1244
GCACACCTACGCTA.1,1015
GCACACCTCCATAG.1,1016
GCACCACTAAGGTA.1,1016
GCACCACTCTCTCG.1,1244
GCACCTACTCAAGC.1,1015
GCACCTACTGGTTG.1,
GCACCTTGAGTGCT.1,1016
GCACCTTGATGCCA.1,1488
GCACCTTGGGGAGT.1,1488
GCACGGACAGAGGC.1,107
GCACGGACATGACC.1,1256
GCACGGACCGTGAT.1,1015
GCACGGACCTCTCG.1,1256
GCACGGACCTTGCC.1,1488
GCACGGACGGTGTT.1,1244
GCACGGTGACTGTG.1,107
GCACGGTGCCTACC.1,1488
GCACGGTGGACTAC.1,1488
GCACGGTGGGCAAG.1,
GCACGGTGGGGATG.1,1015
GCACGTCTAATCGC.1,1256
GCACGTCTACTGGT.1,1244
GCACGTCTCCTCCA.1,1244
GCACGTCTCTGGTA.1,101
GCACGTCTCTTACT.1,1488
GCACGTCTGAACCT.1,1244
GCACGTCTGGTCTA.1,1256
GCACGTCTGTTACG.1,101
GCACGTCTTCGTTT.1,1488
GCACGTCTTGTTCT.1,1256
GCACTAGAAGTGCT.1,101
GCACTAGAATTTCC.1,101
GCACTAGACGAACT.1,1256
GCACTAGAGCGTAT.1,1256
GCACTGCTACGGTT.1,101
GCACTGCTATCAGC.1,101
GCACTGCTGAAACA.1,1015
GCACTGCTGCCATA.1,1488
GCACTGCTGGTATC.1,1015
GCACTGCTGGTGAG.1,1039
GCACTGCTTCCGAA.1,1015
GCACTGCTTGCTCC.1,1244
GCAGATACAACCAC.1,1015
GCAGATACAAGCCT.11,
GCAGATACAGGTCT.1,1016
GCAGATACCCCAAA.1,1039
GCAGATACGGAAAT.1,101
GCAGATACGGTATC.1,1244
GCAGATACTTCTGT.1,1015
GCAGCCGAAGCCAT.1,1244
GCAGCCGACTCCAC.1,1244
GCAGCCGACTCTAT.1,1488
GCAGCCGACTGTCC.1,101
GCAGCCGATCGCAA.1,107
GCAGCGTGAACGGG.1,101
GCAGCGTGCTCTCG.1,101
GCAGCGTGTCCCGT.1,101
GCAGCGTGTGAGGG.1,1244
GCAGCGTGTGTCTT.1,1244
GCAGGCACACTCTT.1,1244
GCAGGCACCTGGAT.1,1015
GCAGGGCTACGTTG.1,1015
GCAGGGCTCGTTGA.1,1244
GCAGGGCTGAAAGT.11,
GCAGGGCTGCCAAT.1,1244
GCAGGGCTTGAGCT.1,101
GCAGGGCTTGCAAC.1,1015
GCAGTCCTAACGAA.1,1244
GCAGTCCTACTGTG.1,1015
GCAGTCCTCAACCA.1,1244
GCAGTCCTCTCCAC.1,1256
GCAGTCCTTGACAC.1,1015
GCAGTTGAATGCTG.1,1015
GCAGTTGAGCGAAG.1,1244
GCAGTTGATATCTC.1,1015
GCAGTTGATTCTTG.1,1244
GCATCAGAAAGTGA.1,1256
GCATCAGACCTCGT.1,1256
GCATCAGAGTTCTT.1,1016
GCATGATGAGGGTG.1,1244
GCATGATGGTCAAC.1,1488
GCATGATGTCAAGC.1,107
GCATGTGACAAAGA.1,1256
GCATGTGACTAAGC.1,1488
GCATGTGAGAGGTG.1,1256
GCATGTGATTCAGG.1,1015
GCATTGGAAGTACC.1,1256
GCATTGGAGATAGA.1,1039
GCATTGGAGGTAAA.1,1244
GCATTGGATTCTGT.1,1488
GCCAAAACAGGTTC.1,1039
GCCAAAACATGCTG.1,1015
GCCAAATGGAAACA.1,1488
GCCAAATGGCTATG.1,107
GCCAAATGGTACAC.1,1016
GCCAACCTGAGGAC.1,1488
GCCAACCTGCATAC.1,101
GCCAACCTGCATCA.1,1244
GCCAACCTGGACTT.1,1015
GCCAACCTGGAGCA.1,1256
GCCAACCTGTGCAT.1,1015
GCCAACCTGTTGTG.1,1256
GCCACGGACGAATC.11,
GCCACGGACGCCTT.1,1015
GCCACGGAGACGAG.1,107
GCCACGGATGCTTT.1,1488
GCCACGGATTTGTC.1,1015
GCCACTACAAACGA.1,1256
GCCACTACGAATCC.1,1488
GCCACTACGCCTTC.1,1016
GCCACTACGGTAGG.1,1488
GCCACTACGTCGTA.1,107
GCCACTACGTTGTG.1,1256
GCCACTACTCCAGA.1,1256
GCCACTACTGCATG.1,1256
GCCACTACTGGTAC.1,1256
GCCACTACTTCGCC.11,
GCCATCACCATGGT.1,1015
GCCATCACCCCGTT.1,1256
GCCATCACCTCTAT.1,1488
GCCATCACGATACC.1,1256
GCCATCACGGATCT.1,1488
GCCATCACGGTTTG.1,1039
GCCATCACTAGCCA.1,107
GCCATCACTTCTCA.11,
GCCATGCTAACGGG.1,1256
GCCATGCTACTACG.1,1016
GCCATGCTCCCTCA.1,1256
GCCATGCTCTCCAC.1,1015
GCCATGCTGGGCAA.1,1015
GCCCAACTCAACTG.1,1015
GCCCAACTCCGCTT.1,1244
GCCCAACTGCATAC.1,107
GCCCAACTTTCGGA.1,1256
GCCCAGGAAGCCTA.1,1015
GCCCAGGACATCAG.1,1488
GCCCAGGACATTCT.1,1488
GCCCAGGACCACAA.1,1488
GCCCAGGAGAGATA.1,1016
GCCCATACACAGCT.1,1016
GCCCATACGAACCT.1,1015
GCCCATACGAGGAC.1,1015
GCCCATACGTCAAC.1,1016
GCCCATACTAAGCC.1,101
GCCCATACTCTACT.1,1244
GCCGACGACGAATC.1,1256
GCCGACGATGCATG.1,1015
GCCGACGATTCTCA.1,101
GCCGAGTGATCTCT.1,1244
GCCGAGTGTCTATC.1,1244
GCCGAGTGTGGTTG.1,1039
GCCGGAACGCTTAG.1,101
GCCGGAACGTTTCT.1,1015
GCCGGAACTCGCTC.1,101
GCCGGAACTGCGTA.1,1244
GCCGTACTACGGTT.1,1015
GCCGTACTAGCTAC.1,101
GCCGTACTGCCATA.1,1256
GCCTACACCACCAA.1,1039
GCCTACACCTGCAA.11,
GCCTACACTGCTCC.1,101
GCCTAGCTAGGAGC.1,1016
GCCTAGCTGGAAGC.1,1244
GCCTAGCTGGTAGG.1,1488
GCCTAGCTGTTCTT.1,1015
GCCTAGCTTTCTGT.1,1039
GCCTCAACCTGAAC.1,1256
GCCTCAACTAGAAG.1,1488
GCCTCATGATGCTG.1,
GCCTCATGCAGTTG.1,1256
GCCTCATGGAAACA.1,1488
GCCTCATGGAATCC.1,1015
GCCTCATGGATACC.1,1256
GCCTCATGGTGAGG.1,1015
GCCTGACTCCAATG.1,1244
GCCTGACTCTCTTA.1,1015
GCCTGACTGACTAC.1,1488
GCCTGACTGAGATA.1,1015
GCCTGACTGCTAAC.1,101
GCCTGACTTATGCG.1,1015
GCCTGACTTGATGC.1,1015
GCCTGACTTGGATC.1,1015
GCCTGACTTTCTAC.1,1016
GCGAAGGAAGTGCT.1,1015
GCGAAGGAATTCCT.1,1015
GCGAAGGACGTTGA.1,1015
GCGACTCTCTGTAG.1,1488
GCGACTCTCTTCTA.1,1256
GCGACTCTGCGTTA.1,1244
GCGACTCTTTTCTG.1,1488
GCGAGAGAAGATGA.1,1488
GCGAGAGAGCAAGG.1,1015
GCGAGAGATAAGGA.1,1015
GCGAGCACACCAAC.1,1488
GCGAGCACGAGCTT.1,1015
GCGAGCACTCCTTA.1,1016
GCGAGCACTGAACC.1,101
GCGATATGCGACTA.1,1256
GCGATATGGAGGGT.1,101
GCGATATGTACTCT.1,1015
GCGATATGTGACCA.11,
GCGATATGTTGCGA.1,1256
GCGCACGAACACCA.11,
GCGCACGAAGTACC.1,1488
GCGCACGACCACAA.1,1015
GCGCACGAGCTCCT.1,1256
GCGCACGAGGCGAA.1,1015
GCGCACGATATCGG.1,101
GCGCATCTCAGAAA.1,1244
GCGCATCTCCCTCA.1,1015
GCGCATCTGGAGCA.1,1015
GCGCGAACACCCAA.1,1015
GCGCGAACCCTTAT.1,1256
GCGCGATGAAGAAC.1,1244
GCGCGATGAAGATG.1,1016
GCGCGATGACCCTC.1,1256
GCGCGATGCCTAAG.1,1015
GCGCGATGGCAAGG.1,1244
GCGCGATGTCGTGA.1,1244
GCGGACTGAAAGCA.1,1256
GCGGACTGCTTCTA.1,1488
GCGGACTGGACAAA.1,101
GCGGACTGGCAGTT.1,1256
GCGGACTGGCTACA.1,1488
GCGGACTGGTAGGG.1,1256
GCGGACTGTCTTCA.1,1015
GCGGACTGTTCTGT.1,1015
GCGGAGCTACCTGA.1,101
GCGGAGCTAGATCC.1,1256
GCGGAGCTCGCTAA.1,1015
GCGGAGCTCTAGCA.1,1256
GCGGAGCTGCCCTT.1,1488
GCGGAGCTTCTTTG.1,1244
GCGGAGCTTGAGAA.1,1256
GCGGAGCTTGCAAC.1,1256
GCGGCAACGCTGTA.1,1015
GCGGCAACTCTTAC.1,1016
GCGGGACTCAGAGG.1,1015
GCGGGACTTTCAGG.1,1244
GCGTAAACAAAGTG.1,1244
GCGTAAACCACTGA.1,1015
GCGTAAACCAGCTA.1,1244
GCGTAAACGTTAGC.1,1244
GCGTAATGACCAAC.1,1256
GCGTAATGCTGCTC.1,1244
GCGTAATGGATAGA.1,1016
GCGTAATGGGTAAA.1,1015
GCGTAATGTGCATG.1,1256
GCGTACCTACGCTA.1,101
GCGTACCTCGTAGT.1,101
GCGTACCTGTTGCA.1,1015
GCGTATGACTCTAT.1,1015
GCGTATGACTTCCG.1,1016
GCGTATGAGTTGGT.1,101
GCGTATGATCTCGC.1,1015
GCGTATGATTCATC.1,1244
GCTACAGAAAGCAA.1,101
GCTACAGAACACAC.1,1039
GCTACAGACATTCT.1,1256
GCTACAGACTACCC.1,1015
GCTACAGACTAGTG.1,1015
GCTACAGACTGAAC.1,1488
GCTACAGACTTGCC.1,1488
GCTACAGATTCTAC.1,1488
GCTACCTGGAATAG.1,1256
GCTACCTGGGAGTG.1,107
GCTACCTGTGGTCA.1,1244
GCTACCTGTGGTTG.1,1015
GCTACGCTCGTTAG.1,107
GCTACGCTCTCCCA.1,1039
GCTACGCTCTTCGC.1,101
GCTACGCTGAACTC.1,1015
GCTACGCTGGTACT.1,1244
GCTACGCTTCGACA.1,1016
GCTACGCTTGCACA.1,1488
GCTAGAACCGCTAA.1,1488
GCTAGAACTTTCAC.1,1244
GCTAGATGAAGGTA.1,1015
GCTAGATGCGATAC.1,1256
GCTAGATGTCCCGT.1,1015
GCTAGATGTCTTTG.1,1256
GCTAGATGTGTTCT.1,1256
GCTAGATGTTTCTG.1,1015
GCTATACTCAGTCA.1,1016
GCTATACTTGACTG.1,1256
GCTCAAGAAGGTCT.1,1488
GCTCAAGAATGGTC.1,1256
GCTCAAGACGAGAG.1,1488
GCTCAAGACGTACA.1,1488
GCTCAAGACTAGTG.1,1015
GCTCAAGAGGAGCA.1,1244
GCTCAAGAGGGACA.1,1015
GCTCACTGAAAAGC.1,1015
GCTCACTGCTCATT.11,
GCTCACTGCTCGCT.1,1016
GCTCACTGGGTTCA.1,1039
GCTCAGCTAACCTG.1,1015
GCTCAGCTATGTCG.1,1015
GCTCAGCTCGCCTT.1,1015
GCTCAGCTTGCTTT.1,1488
GCTCCATGAGCAAA.1,1015
GCTCCATGAGCATC.1,1016
GCTCCATGAGCCTA.1,1488
GCTCCATGCTCATT.1,1244
GCTCCATGCTGTAG.1,101
GCTCCATGCTTGTT.1,1488
GCTCCATGGGCAAG.1,1488
GCTCCATGGTCAAC.1,1015
GCTCCATGTCAGAC.1,107
GCTCCATGTCCCAC.1,1016
GCTCGACTCCTAAG.1,1015
GCTCGACTCCTCGT.1,1256
GCTCGACTGCATCA.1,1244
GCTCGACTGTCACA.1,1488
GCTCGACTGTTGTG.1,1016
GCTCGACTTAGCGT.1,1488
GCTCGACTTTGGTG.1,1016
GCTGATGAAGCCAT.1,1256
GCTGATGACTCGCT.1,1015
GCTGATGATGGTTG.1,1256
GCTTAACTAAGTGA.1,107
GCTTAACTCACAAC.1,1244
GCTTAACTCTGTAG.1,1016
GCTTAACTGCATCA.1,107
GCTTAACTTCTCAT.1,1016
GCTTGAGAAAGATG.1,1015
GCTTGAGAAGACTC.1,1015
GCTTGAGAAGTACC.1,1488
GCTTGAGAAGTCTG.1,1016
GCTTGAGAATGCTG.1,1244
GCTTGAGAGAGGAC.1,1015
GCTTGAGAGTCGTA.1,101
GCTTGAGATTCGGA.1,1015
GGAACACTCAGATC.1,107
GGAACACTCCAGTA.1,101
GGAACACTGGATCT.1,1016
GGAACACTTCGATG.1,1015
GGAACACTTCGTAG.1,1488
GGAACACTTTCGGA.11,
GGAACTACCCTTAT.1,1015
GGAACTACCTTGCC.1,1488
GGAACTACGTTCAG.1,1244
GGAACTACTCCTCG.1,
GGAACTTGACACAC.1,1488
GGAACTTGACTGTG.1,1256
GGAACTTGCACTGA.1,1015
GGAACTTGCGAGAG.1,1015
GGAACTTGCGGGAA.1,1256
GGAACTTGCTACTT.1,1015
GGAACTTGGGGCAA.1,1256
GGAACTTGTCTGGA.1,1488
GGAAGGACAGTCTG.1,1015
GGAAGGACCCATGA.1,1244
GGAAGGTGAGCCAT.1,1016
GGAAGGTGAGTAGA.1,1015
GGAAGGTGCAGGAG.1,1244
GGAAGGTGCCCTCA.1,1016
GGAATCTGAGAACA.1,101
GGAATCTGCTGAAC.1,101
GGAATCTGGGGACA.1,1256
GGAATGCTCTTGAG.1,1488
GGAATGCTGTAAAG.1,1488
GGAATGCTTGGAGG.1,1244
GGAATGCTTGTTTC.1,1015
GGAATGCTTTCATC.1,1488
GGAATGCTTTGTGG.1,1015
GGACAACTAGTGTC.1,1244
GGACAACTCCGTAA.1,1016
GGACAACTGAGAGC.1,1244
GGACAACTGCTCCT.1,
GGACAGGAACCTTT.1,1016
GGACAGGAATTCCT.1,107
GGACAGGACTTAGG.1,1016
GGACAGGAGATGAA.1,1244
GGACAGGATTGTGG.1,1256
GGACATTGAAAGCA.1,101
GGACATTGATGCCA.1,1015
GGACATTGCTTGCC.1,1015
GGACATTGCTTGGA.1,107
GGACATTGTTCTCA.1,101
GGACCCGACTGTAG.1,1016
GGACCCGAGCGAAG.1,1015
GGACCCGAGTACGT.1,1488
GGACCCGATTATCC.1,1488
GGACCGTGCATTCT.1,1016
GGACCGTGTCCGTC.1,1015
GGACCTCTACCAGT.1,1256
GGACCTCTACGCAT.1,1488
GGACCTCTACTACG.1,1488
GGACCTCTAGCTAC.1,1256
GGACCTCTCGAACT.1,1244
GGACCTCTGAGGGT.1,1256
GGACCTCTTCCAGA.1,1244
GGACCTCTTGCACA.1,1015
GGACGAGAAAGGCG.1,101
GGACGAGAATGGTC.1,1015
GGACGAGACGAACT.1,1244
GGACGAGAGAGGGT.1,1256
GGACGAGAGCCAAT.1,1488
GGACGAGATGTTTC.1,1244
GGACGAGATTGGTG.1,1016
GGACGCACACGGGA.1,1015
GGACGCACATGCTG.1,1015
GGACGCACCGCCTT.1,1488
GGACGCACTTAGGC.1,1488
GGACGCTGAATCGC.1,101
GGACGCTGACTCTT.1,101
GGACGCTGCCAAGT.1,1015
GGACGCTGGAATGA.1,1015
GGACGCTGTCGTTT.1,1488
GGACTATGATCGTG.1,1015
GGACTATGCACCAA.1,1039
GGACTATGCTGATG.1,1016
GGACTATGGACAGG.1,1488
GGACTATGGGAACG.1,1488
GGACTATGGGAGGT.11,
GGACTATGGGTCTA.1,1015
GGACTATGTACTGG.1,1256
GGACTATGTGAGGG.1,1488
GGAGACGAAACGTC.1,101
GGAGACGAACGTGT.1,1016
GGAGACGAAGATGA.1,1016
GGAGACGAAGGCGA.1,1039
GGAGACGAAGTCTG.1,1015
GGAGACGACTAGCA.1,1256
GGAGACGACTCCCA.1,1488
GGAGACGATACTCT.1,1488
GGAGACGATTCCGC.1,101
GGAGAGACATGCTG.1,1244
GGAGAGACCTGTCC.1,1015
GGAGAGACGCTGTA.1,1256
GGAGAGACTAGACC.11,
GGAGCAGAAAGGTA.1,1015
GGAGCAGAACGGGA.1,107
GGAGCAGAGAACTC.1,1015
GGAGCAGAGTGCAT.1,1015
GGAGCAGATGCTAG.1,1039
GGAGCAGATGCTCC.1,107
GGAGCAGATTATCC.1,107
GGAGCCACAAAACG.1,1488
GGAGCCACCATCAG.1,1256
GGAGCCACGCGGAA.1,1488
GGAGCCACGTCATG.1,107
GGAGGATGGGGAGT.1,1015
GGAGGATGGTGTTG.1,1244
GGAGGATGTCATTC.1,101
GGAGGATGTGTAGC.1,1015
GGAGGCCTACTACG.1,1244
GGAGGCCTAGTACC.1,1039
GGAGGCCTCATCAG.1,1256
GGAGGCCTCCTCAC.1,107
GGAGGCCTGCATAC.1,1256
GGAGGCCTTCGACA.1,1256
GGAGGCCTTTAGGC.1,1016
GGAGGCCTTTGCGA.1,1015
GGAGGCCTTTTACC.1,1244
GGAGGTGAATGCCA.1,1488
GGAGGTGACTTCTA.1,1244
GGAGGTGAGCGAGA.1,1016
GGAGGTGAGTGTTG.1,1015
GGAGGTGAGTTACG.1,1488
GGAGTTACAAACGA.1,101
GGAGTTACACTTTC.1,1256
GGAGTTACAGTGCT.1,1244
GGAGTTACATTCTC.1,1256
GGAGTTACCAATCG.1,101
GGAGTTACCACTGA.1,101
GGAGTTACGGATTC.1,1244
GGAGTTACGTTCTT.1,1016
GGAGTTACGTTGCA.1,1256
GGAGTTACTATCGG.1,1488
GGAGTTACTCTACT.1,1244
GGAGTTTGACTCAG.1,1016
GGAGTTTGTGGAAA.1,1244
GGAGTTTGTTCGGA.1,
GGATACTGACCGAT.1,1016
GGATACTGAGAAGT.1,1015
GGATACTGAGCCAT.1,1015
GGATACTGCCCACT.1,1015
GGATACTGCCGATA.1,1015
GGATACTGGTCGTA.1,1244
GGATAGCTCGAGAG.1,1016
GGATAGCTGCAGTT.1,1256
GGATAGCTGCCCTT.1,1016
GGATAGCTGTCTGA.1,1488
GGATGTACCCAATG.1,101
GGATGTACTCGACA.1,101
GGATGTTGAGATGA.1,1016
GGATGTTGAGCCAT.1,1015
GGATGTTGATCTCT.1,1256
GGATGTTGGGTGAG.1,1244
GGATGTTGGTATCG.1,1244
GGATGTTGTCAGAC.1,1015
GGATGTTGTTTCGT.1,107
GGATTGTGACGGTT.1,1016
GGATTGTGACTCAG.1,101
GGATTGTGACTGGT.1,1015
GGATTGTGATCGGT.11,
GGATTGTGCTTAGG.1,1015
GGATTGTGTCAAGC.1,1015
GGATTGTGTGCAGT.1,1256
GGATTGTGTGTGGT.1,1039
GGATTTCTTCCAAG.1,1256
GGATTTCTTCGCCT.1,1016
GGCAAGGAACGCAT.1,1256
GGCAAGGATCTATC.1,1488
GGCAATACTCCCGT.1,1015
GGCAATACTGCTTT.1,1244
GGCACGTGAGCGTT.1,107
GGCACGTGCATTGG.1,1016
GGCACGTGTATGGC.1,1244
GGCACGTGTGGTCA.1,1488
GGCACTCTAAGAAC.1,1256
GGCACTCTCGTAAC.1,1039
GGCACTCTCTAGTG.1,1016
GGCACTCTTAGCGT.1,1244
GGCACTCTTGCACA.1,1016
GGCACTCTTGGAGG.1,1488
GGCATATGAACGTC.1,1016
GGCATATGATCGTG.1,1244
GGCATATGCCTAAG.1,1015
GGCATATGTCTATC.1,1016
GGCATATGTCTCGC.1,1244
GGCCACGAATCTCT.1,1015
GGCCACGACCGATA.1,1488
GGCCACGAGTCCTC.1,1016
GGCCACGAGTTGAC.1,1256
GGCCAGACAAACAG.1,1015
GGCCAGACATGGTC.1,1488
GGCCAGACCATTTC.1,1016
GGCCAGACTAGTCG.1,1256
GGCCAGACTTCATC.1,1488
GGCCCAGAACCCTC.1,1244
GGCCCAGACGACTA.1,1015
GGCCCAGACGTGTA.1,101
GGCCCAGAGGGCAA.1,101
GGCCCAGAGTAGGG.1,1016
GGCCCAGATATTCC.1,107
GGCCGAACCCCTAC.1,1015
GGCCGAACGTTGTG.1,1244
GGCCGAACTGTCCC.1,1256
GGCCGATGGCGTTA.1,1488
GGCCGATGGTAGGG.1,1256
GGCGACACAAACAG.1,1016
GGCGACACTTCCGC.1,1488
GGCGACTGAGCACT.1,1016
GGCGACTGCAGAAA.1,1016
GGCGACTGTGACAC.1,107
GGCGCATGACTCTT.1,1244
GGCGCATGCCACAA.1,1256
GGCGCATGCCCGTT.1,1488
GGCGCATGCCTAAG.1,1015
GGCGCATGCGCCTT.1,1015
GGCGCATGCTCAGA.1,1039
GGCGCATGGAACTC.1,1015
GGCGCATGGAGCTT.1,1488
GGCGCATGGCGTTA.1,1488
GGCGCATGTCAGTG.1,101
GGCGCATGTCTATC.1,1244
GGCGCATGTTAGGC.1,1039
GGCGGACTACTCAG.1,1488
GGCGGACTAGCCTA.1,1015
GGCGGACTCGAATC.1,1488
GGCGGACTGGAACG.1,1015
GGCGGACTGTATCG.1,101
GGCGGACTTCGACA.1,1015
GGCGGACTTCGCTC.1,1016
GGCTAAACATCTCT.1,1488
GGCTAAACCGAACT.1,1016
GGCTAAACCTATGG.1,1244
GGCTAAACTCGCCT.1,1016
GGCTAAACTGGAAA.1,1015
GGCTAATGAGCGTT.1,1015
GGCTAATGCCGATA.1,101
GGCTAATGCTCGAA.1,1039
GGCTAATGGAGATA.1,101
GGCTAATGGCGTTA.1,1015
GGCTAATGTCACGA.1,1488
GGCTACCTAACAGA.1,1488
GGCTACCTAGAATG.1,1488
GGCTACCTGGTTAC.1,1015
GGCTACCTTCCGAA.1,101
GGCTCACTACTTTC.1,1015
GGCTCACTTCCAAG.1,1488
GGGAACGAGGTTTG.1,101
GGGAAGACATCGTG.1,1016
GGGAAGACCCGCTT.1,1015
GGGAAGACCCTACC.1,1015
GGGAAGACCTGAGT.1,1015
GGGAAGACGAATCC.11,
GGGAAGACGAATGA.1,1015
GGGAAGACGGTTCA.1,107
GGGAAGACTCAGAC.1,101
GGGAAGTGAGAGTA.1,1244
GGGAAGTGGCTGAT.1,1039
GGGAAGTGTATTCC.1,1256
GGGACCACATACCG.1,1015
GGGACCACCCTCGT.1,1244
GGGACCACCCTTGC.1,1015
GGGACCACCTTCGC.11,
GGGACCACTTCCAT.1,1015
GGGACCTGGAGGCA.1,1244
GGGACCTGGCCATA.1,1488
GGGACCTGGGATCT.1,1256
GGGACCTGTACGCA.1,1016
GGGACCTGTCTTCA.1,101
GGGACCTGTTCCGC.1,107
GGGATGGACTGACA.1,1244
GGGATGGATCCAGA.1,1039
GGGATGGATGCCCT.11,
GGGATGGATGTGCA.1,1015
GGGATTACAAAGCA.1,1256
GGGATTACCCCACT.1,1015
GGGCAAGAACGCAT.1,1244
GGGCAAGAACTGTG.1,101
GGGCAAGAAGCTAC.1,107
GGGCAAGAATCGAC.1,1488
GGGCAAGAGCGAGA.1,1488
GGGCAAGATCCCAC.1,1488
GGGCACACACCGAT.1,1015
GGGCACACACCTCC.1,1244
GGGCACACCTGTCC.1,1015
GGGCACACGAGATA.1,1015
GGGCACACTATCGG.1,1016
GGGCACACTTCCGC.1,1244
GGGCAGCTGAGAGC.1,1256
GGGCAGCTTGAACC.1,1488
GGGCCAACCAGATC.1,101
GGGCCAACCGCTAA.1,1039
GGGCCAACCTAGCA.1,107
GGGCCAACGAGAGC.1,101
GGGCCAACTGTGGT.1,1015
GGGCCATGAACCAC.1,1015
GGGCCATGAAGTAG.1,1015
GGGCCATGCAGAAA.1,1488
GGGCCATGCAGTCA.1,1488
GGGCCATGCATCAG.1,1015
GGGCCATGCATGAC.1,101
GGGCCATGCCCTTG.1,101
GGGCCATGCTATTC.1,1488
GGGCCATGCTGTAG.1,1016
GGGCCATGCTTGAG.1,107
GGGCCATGTAGCCA.1,101
GGGTAACTATCGTG.1,1256
GGGTAACTCTGAGT.1,1015
GGGTAACTGGGATG.1,1488
GGGTAACTGTACGT.1,1256
GGGTAACTGTCTAG.1,1039
GGGTAACTTGAGAA.1,1488
GGGTTAACCATGCA.1,1488
GGGTTAACCGAATC.1,1039
GGGTTAACGTAGCT.1,1015
GGGTTATGAAGTGA.1,1015
GGGTTATGGTTGGT.1,107
GGGTTATGTGCAAC.11,
GGTAAAGAAATGCC.1,1488
GGTAAAGAACGGGA.1,1256
GGTACAACCCCGTT.1,1015
GGTACAACCGAACT.1,1488
GGTACAACCGCAAT.1,1039
GGTACAACGTCTTT.1,1244
GGTACATGAGCAAA.1,1256
GGTACATGATGGTC.1,101
GGTACATGCAGAAA.1,101
GGTACATGCCCTCA.1,1016
GGTACATGCCGATA.1,1244
GGTACATGGAATCC.1,1488
GGTACATGGACGAG.1,1488
GGTACTGAAGGTTC.1,1016
GGTACTGAGACTAC.1,101
GGTAGTACAGCATC.1,1244
GGTAGTACAGTTCG.1,1256
GGTAGTACGAATAG.1,1015
GGTAGTACGGTAGG.1,101
GGTAGTACGTAGGG.1,1015
GGTAGTACGTCTTT.1,1488
GGTAGTACTCACGA.1,1244
GGTATCGAAGAACA.1,1244
GGTATCGACTTCGC.1,1015
GGTATCGAGACACT.1,101
GGTATCGAGTGCTA.1,1244
GGTATCGATCGCAA.1,1244
GGTATCGATGCCAA.1,1039
GGTATGACACACTG.1,101
GGTATGACACGTAC.1,1039
GGTATGACAGTAGA.1,1015
GGTATGACGAAAGT.1,1016
GGTATGACTTGTGG.1,1015
GGTCAAACAACCTG.1,1016
GGTCAAACACACCA.1,1488
GGTCAAACCGTAGT.1,1039
GGTCAAACCGTTGA.1,1016
GGTCAAACGGGCAA.1,1256
GGTCAAACGTAAGA.1,1015
GGTCTAGAAGTGTC.1,1244
GGTCTAGACATACG.1,1488
GGTCTAGACCCACT.1,101
GGTCTAGAGTCATG.1,101
GGTCTAGAGTCTGA.1,101
GGTCTAGATGTCCC.1,1016
GGTCTAGATTGTGG.1,1015
GGTGATACAGTAGA.1,1039
GGTGATACCCGCTT.1,1244
GGTGATACCCTCGT.1,101
GGTGATACGTTGCA.1,1015
GGTGGAGAACCATG.1,1015
GGTGGAGACGCAAT.1,1256
GGTGGAGAGAATCC.1,1244
GGTGGAGAGCATAC.1,1488
GGTGGAGAGGAACG.11,
GGTGGAGATGCGTA.1,1039
GGTGGAGATGTCAG.1,1244
GGTTGAACAGTCAC.1,1488
GGTTGAACGAACCT.1,1244
GGTTGAACGCTTAG.1,1244
GGTTGAACTGCAGT.1,1256
GGTTGAACTGCGTA.1,1488
GGTTGAACTTTCTG.1,1015
GGTTTACTGCGGAA.1,1488
GGTTTACTGTGTCA.1,1488
GGTTTACTTAAGCC.1,1015
GGTTTACTTCGTGA.1,1039
GTAACGTGCAACCA.1,107
GTAACGTGCACACA.1,1015
GTAACGTGGCCAAT.1,
GTAACGTGTATCTC.1,1256
GTAAGCACCCTTGC.1,1016
GTAAGCACCGTGTA.1,1015
GTAAGCACCTCCAC.1,1244
GTAAGCACGCATAC.1,1244
GTAAGCACGTAAGA.1,1488
GTAAGCACTAGAAG.1,1256
GTAAGCACTGATGC.11,
GTAAGCACTGGGAG.1,1488
GTAAGCTGCAGCTA.1,1015
GTAAGCTGGATAAG.1,1015
GTAAGCTGGGTGAG.1,1039
GTAATAACACACGT.1,101
GTAATAACTGACTG.1,1256
GTAATAACTTTACC.1,1256
GTAATATGACGACT.1,1256
GTAATATGAGGGTG.1,1256
GTAATATGCGAATC.1,101
GTAATATGCTGATG.1,1256
GTAATATGGAATAG.1,1244
GTAATATGGTTCAG.1,1016
GTAATATGTTACCT.1,1488
GTACAGTGACACAC.1,101
GTACAGTGACACGT.1,1039
GTACAGTGGACAGG.1,1256
GTACAGTGTCCGTC.1,1256
GTACAGTGTGGCAT.1,1488
GTACCCTGAACCGT.1,1015
GTACCCTGCTCCAC.1,1488
GTACCCTGGCGTAT.1,1256
GTACGAACCCTAAG.1,1488
GTACGAACGCAGAG.1,1244
GTACGAACGGTAGG.1,107
GTACGAACTACAGC.1,1039
GTACGAACTTGCTT.1,1016
GTACGTGAAAGTGA.1,1015
GTACGTGATAGCGT.1,1015
GTACGTGATGCAGT.1,101
GTACTACTAGATCC.1,1015
GTACTACTCATGCA.1,1015
GTACTACTGCCTTC.1,1039
GTACTACTGTTTGG.1,1016
GTACTTTGAAAGTG.1,1488
GTACTTTGAACAGA.1,1244
GTACTTTGGCAGAG.1,1015
GTACTTTGGGAACG.1,1488
GTACTTTGGTGTAC.1,107
GTACTTTGTGAGGG.1,1015
GTAGACTGCTTCGC.1,1039
GTAGACTGGCTATG.1,1488
GTAGACTGGCTGTA.1,1488
GTAGACTGTGGATC.1,101
GTAGACTGTGTCAG.1,1015
GTAGACTGTTTACC.1,1015
GTAGCAACAAGCCT.11,
GTAGCAACAATGCC.1,1256
GTAGCAACAGCAAA.1,1488
GTAGCAACATTCCT.1,1015
GTAGCAACCTGTCC.1,1488
GTAGCAACCTTGAG.1,107
GTAGCAACTAGACC.1,1488
GTAGCAACTCAGAC.1,1244
GTAGCAACTGTGAC.1,1016
GTAGCAACTTTCAC.1,1015
GTAGCATGAGTGTC.1,1244
GTAGCATGCATGAC.1,1488
GTAGCATGGAACCT.1,1244
GTAGCATGGTGTTG.1,1488
GTAGCCCTAAGATG.11,
GTAGCCCTAGACTC.11,
GTAGCCCTCTTCCG.1,1015
GTAGCCCTCTTGAG.11,
GTAGCCCTTGCTCC.1,1244
GTAGCCCTTTGTGG.1,1256
GTAGCTGACGTAAC.1,1015
GTAGCTGAGCAGTT.1,101
GTAGCTGAGGTGTT.1,1016
GTAGGTACCACTTT.1,1039
GTAGGTACCAGGAG.1,1016
GTAGGTACTCTACT.1,1488
GTAGGTACTCTCGC.1,1015
GTAGTCGAAGAGTA.1,1039
GTAGTCGACCACAA.1,1016
GTAGTCGACCTTCG.1,1016
GTAGTCGACGAACT.1,1488
GTAGTCGACGCATA.1,101
GTAGTCGATCCCAC.1,1015
GTAGTCGATGCCCT.1,1015
GTAGTCGATGGAGG.1,1488
GTAGTCGATTTCTG.1,1015
GTAGTGACATCGGT.1,1015
GTAGTGACCAGTTG.1,1015
GTAGTGACGCCTTC.1,1488
GTAGTGACGGTAAA.1,1244
GTAGTGACTGTTTC.1,1016
GTAGTGTGAACGAA.1,1016
GTAGTGTGAAGATG.1,1256
GTAGTGTGCCGATA.1,1039
GTAGTGTGCTTGAG.1,1015
GTATCACTACGTGT.1,1256
GTATCACTAGAGAT.1,107
GTATCACTCGGTAT.1,101
GTATCACTCTAGCA.1,1256
GTATCACTGCGAGA.11,
GTATCTACAGTGTC.1,1016
GTATCTACCCGCTT.1,101
GTATCTACGCCATA.1,101
GTATCTACGGAACG.1,1016
GTATCTACTGACTG.11,
GTATCTACTTCCGC.1,101
GTATCTACTTCTAC.1,1015
GTATGGTGCGACTA.1,1488
GTATGGTGCTGTAG.1,1015
GTATGGTGGAATGA.1,1244
GTATGGTGGCATCA.1,107
GTATGGTGTGGAGG.1,1256
GTATGGTGTTCTGT.1,1488
GTATTAGACCAGTA.1,1256
GTATTAGACGTAAC.1,1244
GTATTAGAGTCATG.1,107
GTATTCACATACCG.1,1256
GTATTCACCCTATT.1,1039
GTATTCACCTGTGA.1,1488
GTATTCACTCCCAC.1,107
GTATTCACTGACAC.1,1015
GTCAACGAACCACA.1,1039
GTCAACGAAGTGCT.1,1015
GTCAACGACCGATA.1,1244
GTCAACGAGATACC.1,1015
GTCAACGAGGATTC.1,1016
GTCAACGATAGACC.1,1256
GTCAATCTATGCTG.1,1015
GTCAATCTCCCGTT.1,1015
GTCAATCTCTTCGC.1,1244
GTCAATCTTCCAAG.1,1256
GTCAATCTTCCTGC.1,1016
GTCACAGAAAACAG.1,1015
GTCACAGAACCACA.1,101
GTCACAGAACGCAT.1,1015
GTCACAGAATCGAC.1,1488
GTCACAGATCGTTT.1,1256
GTCACCTGCCTAAG.1,1016
GTCACCTGCTTTAC.1,101
GTCACCTGTTCGTT.1,1015
GTCATACTACCAAC.1,101
GTCATACTACGCAT.1,1015
GTCATACTAGCTAC.1,1256
GTCATACTAGTCGT.1,1256
GTCATACTATGGTC.1,1256
GTCATACTCGAGTT.1,1015
GTCATACTGCTGAT.1,1488
GTCATACTGGTAGG.1,101
GTCATACTGTGCTA.1,107
GTCATACTTAGACC.11,
GTCATACTTCCAGA.1,1015
GTCATACTTTTCAC.1,1039
GTCCAAGAACCTTT.1,1488
GTCCAAGACCAAGT.1,101
GTCCAAGACTACGA.1,1244
GTCCAAGAGATAGA.1,1016
GTCCAAGATCAGGT.1,1256
GTCCAAGATGCTAG.1,1488
GTCCACACACTAGC.1,1256
GTCCACACCGTAGT.1,1244
GTCCACACGAAACA.1,1488
GTCCACACTTCTCA.1,1488
GTCCACTGACTACG.1,1016
GTCCACTGGTGCTA.1,1015
GTCCACTGTAGTCG.1,101
GTCCACTGTTACCT.1,1488
GTCCACTGTTCGTT.1,101
GTCCAGCTATTTCC.1,1015
GTCCAGCTTGACAC.1,1256
GTCCAGCTTGCCAA.1,1488
GTCCCATGCTCAGA.1,1016
GTCCCATGCTTGTT.11,
GTCCCATGTGTCGA.1,1488
GTCGAATGACAGTC.1,1244
GTCGAATGAGCTAC.1,1244
GTCGAATGCAGAAA.1,107
GTCGAATGCATGGT.1,1015
GTCGAATGCCCGTT.1,1016
GTCGAATGGGATTC.1,1015
GTCGAATGTTGACG.1,101
GTCGACCTAGTCAC.1,1015
GTCGACCTTCGTGA.1,1015
GTCGACCTTTCACT.1,1256
GTCGACCTTTGGCA.1,1016
GTCGCACTCTCAAG.1,101
GTCGCACTTCGCAA.1,1244
GTCGCACTTTGCGA.1,101
GTCTAACTACCATG.1,101
GTCTAACTACTCAG.1,1256
GTCTAACTTAAGCC.1,1016
GTCTAACTTCCTCG.1,1256
GTCTAACTTTTCTG.1,1016
GTCTAGGAACGGGA.1,1256
GTCTAGGAAGGCGA.1,101
GTCTAGGACCTATT.1,1488
GTCTAGGACGTACA.1,1039
GTCTAGGAGCGATT.1,1015
GTCTAGGATGCTAG.11,
GTCTAGGATGTGCA.1,1039
GTCTGAGAAGCATC.1,1244
GTCTGAGACAACCA.1,1016
GTCTGAGAGGTATC.1,1015
GTCTGAGATCCCAC.1,101
GTGAACACACTTTC.1,1016
GTGAACACAGAGAT.1,1256
GTGAACACAGAGTA.1,1244
GTGAACACCTAGTG.1,1256
GTGAACACGAATAG.1,1244
GTGAACACGGGATG.1,101
GTGACAACAAGTGA.1,1256
GTGACAACCAGGAG.1,1256
GTGACAACCCAACA.1,107
GTGACAACTTCCCG.1,1039
GTGACAACTTTGGG.1,1256
GTGACCCTAGCCTA.1,1015
GTGACCCTGAACTC.1,1488
GTGACCCTGCGGAA.1,107
GTGACCCTTAAGCC.11,
GTGACCCTTGAAGA.1,1488
GTGAGGGAACAGCT.1,1039
GTGAGGGAATCAGC.1,1256
GTGAGGGACCGTAA.1,1015
GTGAGGGACGACTA.1,1016
GTGAGGGACTCGAA.1,1488
GTGAGGGAGCTGTA.1,107
GTGAGGGATAACCG.1,1488
GTGAGGGATCCTAT.1,1016
GTGATCGATCTCCG.1,1015
GTGATCGATGAGGG.1,1015
GTGATGACCAACTG.1,101
GTGATGACCACACA.1,107
GTGATGACGAATCC.1,1488
GTGATGACGCATCA.1,107
GTGATGACGTAAGA.1,1488
GTGATTCTCCAAGT.1,1244
GTGATTCTCCATGA.1,1244
GTGATTCTCCCACT.1,1244
GTGATTCTGTACGT.11,
GTGATTCTGTTCTT.1,101
GTGATTCTTTACCT.1,1488
GTGCAAACAGGTTC.1,1016
GTGCAAACGGACGA.1,1488
GTGCAAACTCGTGA.1,1015
GTGCAAACTGTCCC.1,101
GTGCCACTCGCTAA.1,1244
GTGCCACTCTACCC.1,1015
GTGCCACTGTCAAC.1,1039
GTGCCACTTAGACC.1,1488
GTGCTAGAAGAGTA.1,107
GTGCTAGACGAACT.1,1015
GTGCTAGAGAAAGT.1,1016
GTGCTAGAGAGGTG.1,1016
GTGCTAGATCTTTG.1,1016
GTGCTAGATTCGCC.1,1016
GTGCTAGATTTCAC.1,1256
GTGGAGGACTCGCT.1,1244
GTGGAGGAGGGACA.1,1256
GTGGAGGAGTATGC.1,1015
GTGGATTGAGTACC.1,1244
GTGGATTGAGTCTG.1,1015
GTGGATTGCCAACA.1,1015
GTGGATTGCGTTGA.1,1488
GTGGATTGTAAAGG.1,1016
GTGGATTGTGGCAT.1,101
GTGGTAACGTAAGA.1,1244
GTGGTAACTACTGG.1,1016
GTGGTAACTCGTAG.1,1039
GTGTACGACCCGTT.1,1488
GTGTACGAGAAGGC.1,1015
GTGTACGAGCCTTC.1,1244
GTGTACGAGGGATG.1,1039
GTGTAGTGAGCGGA.1,1016
GTGTAGTGCCTACC.11,
GTGTAGTGCTGTCC.1,1256
GTGTAGTGTCGCTC.1,107
GTGTAGTGTGGTTG.1,1015
GTGTATCTAGCACT.1,1256
GTGTATCTATCTCT.1,1015
GTGTATCTCCCTCA.1,1256
GTGTATCTCCTTTA.1,101
GTGTATCTCTGGTA.1,1244
GTGTATCTGGTAGG.1,1256
GTGTGATGAAACGA.1,1488
GTGTGATGAAGTAG.1,1244
GTGTGATGCTGTAG.1,1256
GTGTGATGGCATAC.1,1016
GTTAAAACGAGACG.1,1039
GTTAAAACTCCCGT.1,101
GTTAAAACTGCATG.11,
GTTAAAACTTCTCA.1,1015
GTTAAAACTTGGTG.1,1016
GTTAAATGACCTTT.1,1244
GTTAAATGCGCCTT.11,
GTTAAATGGAAAGT.1,1244
GTTAAATGGGTTAC.1,1488
GTTAAATGTACAGC.1,1488
GTTAAATGTTGCTT.1,1256
GTTAACCTCCTTGC.1,1015
GTTAACCTCCTTTA.1,1015
GTTACGGAACGTAC.1,1016
GTTACGGACCTCGT.1,1039
GTTACGGACTACGA.1,1488
GTTACGGAGTCTAG.1,1015
GTTACGGATGAGAA.1,1488
GTTACTACGCGAAG.1,1244
GTTACTACGCTATG.1,1488
GTTACTACTGCAAC.1,1016
GTTAGGTGACCTAG.1,1488
GTTAGGTGAGGCGA.1,1256
GTTAGGTGCAGGAG.1,1039
GTTAGGTGGTTGGT.1,1244
GTTAGGTGTTTGCT.1,1016
GTTAGTCTATCGGT.1,1256
GTTAGTCTGAGGGT.1,1244
GTTAGTCTGATAGA.1,1256
GTTATAGAATTTCC.1,1256
GTTATAGACCAAGT.1,1244
GTTATAGACTCGAA.1,1015
GTTATAGAGAGGAC.1,101
GTTATAGAGCCAAT.1,1488
GTTATAGATTTCTG.1,1016
GTTATCTGACACGT.1,1244
GTTATCTGCCAAGT.1,1488
GTTATCTGGCGAAG.1,1256
GTTATCTGGGCGAA.1,101
GTTATGCTCATCAG.1,1015
GTTATGCTCCTCCA.1,1488
GTTATGCTCTACGA.1,1244
GTTATGCTGAGGTG.1,1015
GTTATGCTTCTCTA.1,1015
GTTATGCTTTCCCG.1,101
GTTCAACTCCACCT.1,1488
GTTCAACTGAATGA.1,1244
GTTCAACTGCGGAA.1,1488
GTTCAACTGCTAAC.11,
GTTCAACTGTTGGT.1,101
GTTCAACTTAGACC.1,1256
GTTCAACTTTCTAC.1,1015
GTTCAGGAACCATG.1,1016
GTTCAGGAAGAGTA.1,1256
GTTCAGGACGGGAA.1,107
GTTCAGGACTGATG.1,101
GTTCAGGAGTAGGG.1,1039
GTTCATACAAAGTG.1,1016
GTTCATACAGGGTG.1,1488
GTTCATACATTCGG.1,1016
GTTCATACATTCTC.1,1488
GTTCATACTAGACC.1,1488
GTTCATACTCGTAG.1,1015
GTTCATACTTCGGA.1,1244
GTTGACGAACACCA.1,1244
GTTGACGAATCGGT.1,1256
GTTGACGACATTGG.1,1488
GTTGACGACCCGTT.1,1488
GTTGACGACGCAAT.1,1244
GTTGACGACTTGTT.1,1244
GTTGACGAGCAGTT.1,101
GTTGACGATAAGCC.1,1256
GTTGACGATGTTTC.1,1244
GTTGAGTGAAAGTG.1,1256
GTTGATCTACACCA.1,101
GTTGATCTACTCTT.1,107
GTTGATCTAGCCAT.1,107
GTTGATCTTACTTC.1,1244
GTTGATCTTTAGGC.1,101
GTTGATCTTTTCTG.1,1256
GTTGGATGAAACGA.1,1488
GTTGGATGAAGGCG.1,1244
GTTGGATGACTCAG.1,1256
GTTGGATGAGCCTA.1,1256
GTTGGATGAGCTCA.1,1488
GTTGGATGCTACGA.1,1015
GTTGGATGCTCATT.1,1015
GTTGGATGGAACCT.1,1016
GTTGGATGGACTAC.1,1244
GTTGGATGTAGCCA.1,1015
GTTGGATGTGGGAG.1,1016
GTTGTACTACGTTG.1,101
GTTGTACTAGCGTT.1,1244
GTTGTACTCCTCAC.1,1016
GTTGTACTGTGTAC.1,1488
GTTTAAGAACACGT.1,1256
GTTTAAGACACTCC.1,101
GTTTAAGACGTTAG.1,1015
GTTTAAGACTCCCA.1,1015
GTTTAAGACTCTTA.1,1488
GTTTAAGACTTGTT.1,1244
GTTTAAGAGACGAG.1,1244
GTTTAAGAGAGCAG.1,1244
GTTTAAGAGTAAGA.1,107
TAAACAACACAGCT.1,1015
TAAACAACACAGTC.1,1488
TAAACAACAGAACA.1,1039
TAAACAACCGTACA.1,1015
TAAACAACGAGATA.1,107
TAAACAACGGACAG.1,1015
TAAAGACTAGATCC.1,1488
TAAAGACTAGTTCG.1,1039
TAAAGACTCGTTGA.1,1015
TAAAGACTTCGACA.1,1039
TAAAGACTTCTAGG.1,1488
TAAAGACTTCTCGC.1,1256
TAAAGACTTGGAAA.1,1256
TAAAGTTGAAACAG.1,101
TAAAGTTGATTTCC.1,1244
TAAAGTTGCCGATA.1,1016
TAAAGTTGGGTGAG.1,1488
TAAAGTTGGTCGTA.1,1039
TAAAGTTGTATCTC.1,1015
TAAAGTTGTCCTTA.1,1488
TAAAGTTGTCTATC.1,1015
TAAAGTTGTTGTGG.1,1488
TAAAGTTGTTTGTC.1,1256
TAAATCGACTCAGA.1,1015
TAAATCGAGAGGAC.1,1015
TAAATCGATAACGC.1,1488
TAAATGTGACGTAC.1,1256
TAAATGTGGAAGGC.1,1488
TAAATGTGTCCTTA.1,1488
TAAATGTGTTTGGG.1,1015
TAACAATGACTGTG.1,1039
TAACAATGCGGGAA.1,1016
TAACAATGGTCACA.1,1488
TAACAATGGTCTTT.1,1488
TAACACCTACTAGC.1,1256
TAACACCTAGAGAT.1,1016
TAACACCTAGGTCT.1,1244
TAACACCTTCCCAC.1,101
TAACATGACATTGG.1,1256
TAACATGACCTATT.1,1488
TAACATGAGCGTAT.1,1488
TAACATGAGTGCTA.1,1488
TAACCGGACCGAAT.1,1016
TAACCGGACTCGCT.1,1256
TAACCGGACTCTTA.1,1488
TAACCGGACTGTGA.1,1039
TAACCGGACTTCCG.1,1015
TAACCGGAGCTACA.1,107
TAACCGGATAAAGG.1,1015
TAACCGGATCGCTC.1,1488
TAACCGGATGAGAA.1,1015
TAACCGGATTGCTT.1,1256
TAACCGGATTTACC.1,1244
TAACGTCTATCTTC.1,1015
TAACGTCTGAAAGT.1,1039
TAACGTCTGAACCT.1,1016
TAACGTCTGACAGG.1,1015
TAACGTCTGGGAGT.1,1256
TAACGTCTTCTAGG.1,1039
TAACTAGAACGGGA.1,1488
TAACTAGATGCAGT.1,1244
TAACTAGATTTCTG.1,1488
TAACTCACATTCCT.1,1256
TAACTCACTCTCAT.1,107
TAACTCACTTGCAG.1,1244
TAAGAACTCCCAAA.1,1256
TAAGAACTGGTTAC.1,1039
TAAGAGGAAAAAGC.1,1015
TAAGAGGAAATGCC.11,
TAAGAGGATTAGGC.1,1039
TAAGATACGTGTCA.1,1244
TAAGATACTCACGA.1,1039
TAAGATACTGTCCC.11,
TAAGATTGAGATGA.1,101
TAAGATTGATAAGG.1,1016
TAAGATTGATGGTC.1,1488
TAAGATTGCCACCT.1,101
TAAGCGTGCACTAG.1,1256
TAAGCGTGCTGCAA.1,1015
TAAGCGTGGACAGG.1,1039
TAAGCGTGGACGTT.1,1039
TAAGCGTGGCGTAT.1,101
TAAGCGTGGGGAGT.1,1488
TAAGCGTGTGTGAC.1,1488
TAAGCTCTACCATG.1,1488
TAAGCTCTAGTCAC.1,1244
TAAGCTCTAGTGTC.1,1016
TAAGCTCTGGTGAG.1,1488
TAAGCTCTGTCTAG.1,1244
TAAGCTCTTAGAGA.1,1256
TAAGCTCTTTGGCA.1,1039
TAAGGCTGAAGCAA.1,1256
TAAGGCTGACGGGA.1,1244
TAAGGCTGATCGTG.1,1488
TAAGGCTGCACAAC.1,1015
TAAGGCTGCCCTCA.1,101
TAAGGCTGGAAAGT.1,101
TAAGGCTGTCAAGC.11,
TAAGGCTGTCCTGC.1,1016
TAAGGCTGTGTCGA.1,1488
TAAGGGCTCAATCG.1,1015
TAAGTAACAGAAGT.1,1488
TAAGTAACAGAGTA.1,1016
TAAGTAACCGCATA.1,1015
TAAGTAACCGTTGA.1,1015
TAAGTAACGAGGCA.1,101
TAAGTAACTGTGGT.1,1015
TAAGTCCTACCAGT.1,1244
TAAGTCCTCTACTT.1,1256
TAAGTCCTGGTCTA.1,1244
TAAGTCCTGTACAC.1,1244
TAATCCACACGTAC.1,1015
TAATCCACAGGTTC.1,1039
TAATCCACATGTCG.1,1256
TAATCCACCTCTAT.11,
TAATCCACTTCGCC.1,1488
TAATCGCTTTCCAT.1,1256
TAATGAACAGACTC.1,1488
TAATGAACGAAGGC.1,1039
TAATGAACGCATAC.1,1488
TAATGAACGTTCAG.1,1256
TAATGAACGTTGAC.1,1256
TAATGAACTGGCAT.1,101
TAATGATGACCTGA.1,1016
TAATGATGAGGGTG.1,1488
TAATGATGCGACAT.1,1015
TAATGATGGCGAGA.1,1015
TAATGATGGGCGAA.1,1016
TAATGCCTACGTAC.1,1016
TAATGCCTCCACCT.1,1015
TAATGCCTCCATAG.1,1256
TAATGCCTTACTTC.1,1016
TAATGCCTTGTGAC.1,101
TAATGTGAAGATGA.1,1488
TAATGTGACACAAC.1,1256
TAATGTGAGCGGAA.1,1015
TAATGTGAGGTCAT.11,
TAATGTGATAACGC.1,1256
TAATGTGATTCATC.1,1039
TAATGTGATTCGTT.1,1488
TACAAATGACGCAT.1,101
TACAAATGACGTTG.1,1488
TACAAATGCGAATC.1,1244
TACAAATGGCGAAG.1,101
TACAAATGTACGCA.1,1039
TACAAATGTTGCTT.1,1488
TACAATGACATTCT.1,1256
TACAATGAGCGGAA.1,1016
TACAATGAGTACGT.1,1244
TACAATGATGAGCT.1,1488
TACAATGATGGAGG.1,1256
TACAATGATTCAGG.1,1488
TACACACTCCACCT.1,1488
TACACACTTAACCG.1,1015
TACACACTTTGGTG.1,1256
TACATAGAATCACG.1,107
TACATAGACCGTTC.1,1015
TACATAGACTGAAC.1,1488
TACATAGATGGCAT.1,1488
TACATCACGAATGA.1,1016
TACATCACGCAAGG.1,101
TACATCACGCAGAG.1,1015
TACATCACTAGCCA.1,1015
TACATCACTGATGC.1,1039
TACATCACTTCTTG.1,1256
TACCATTGACGTAC.1,
TACCATTGCAGATC.1,1015
TACCATTGGGCGAA.1,1015
TACCGAGAAACCAC.1,1244
TACCGAGAAACTGC.1,1256
TACCGAGAACACAC.1,107
TACCGAGAACTGTG.1,1015
TACCGAGACGAGTT.1,1039
TACCGAGACGGGAA.1,107
TACCGAGACTTACT.1,1488
TACCGAGAGTCGTA.1,1256
TACCGAGATCCTAT.1,101
TACCGCTGCCGTAA.1,1488
TACCGCTGCCGTTC.1,1015
TACCGCTGCTAGAC.1,1244
TACCGCTGGCTTAG.1,1488
TACCGCTGTTCTCA.1,1016
TACCGCTGTTGCTT.1,1015
TACCGGCTATTCGG.1,1039
TACCGGCTTCGCTC.1,1039
TACCGGCTTCGTAG.1,1244
TACCGGCTTCTAGG.1,101
TACGACGAAAGCAA.1,1488
TACGACGACCTAAG.1,1015
TACGACGACGTAGT.1,1015
TACGACGACTCAAG.1,1244
TACGACGACTGTGA.1,1015
TACGACGAGCTACA.1,1488
TACGACGAGTGTCA.1,1256
TACGACGATTCGTT.1,1039
TACGACGATTTGGG.1,107
TACGAGACATGCTG.1,1244
TACGAGACCTATTC.1,1244
TACGAGTGAATCGC.1,101
TACGAGTGCTAGTG.1,1256
TACGAGTGCTGGTA.1,101
TACGAGTGGTACCA.1,1244
TACGAGTGTACAGC.1,1256
TACGAGTGTAGCGT.1,1016
TACGATCTAAAGCA.1,1244
TACGATCTGGAGCA.1,101
TACGATCTGTCGAT.1,1488
TACGATCTTTACTC.1,1256
TACGCAGAACACAC.1,1015
TACGCAGACCGTAA.1,1016
TACGCAGACTATTC.1,1015
TACGCAGACTTATC.1,1015
TACGCAGACTTGGA.1,1016
TACGCAGAGGTCTA.1,1256
TACGCAGATACTCT.1,1016
TACGCAGATTGCAG.1,107
TACGCCACCGAATC.1,1039
TACGCCACCGTAAC.1,1244
TACGCCACGGGCAA.1,1016
TACGCCACTCAGGT.1,1015
TACGCGCTAAAACG.1,1488
TACGCGCTACCATG.1,1015
TACGCGCTACTAGC.1,1016
TACGCGCTAGAAGT.1,1015
TACGCGCTCTATGG.1,1244
TACGCGCTGAATAG.1,1256
TACGCGCTGGTGAG.1,1488
TACGCGCTTGTCAG.1,1488
TACGGAACCACTCC.1,1016
TACGGAACCCTCCA.1,1039
TACGGAACTGGAAA.1,107
TACGGCCTACCAAC.1,1488
TACGGCCTAGAAGT.1,1256
TACGGCCTCATGGT.1,1488
TACGGCCTCTCGAA.1,1256
TACGGCCTGCTCCT.1,1488
TACGTACTTAAGCC.1,1015
TACGTTACAGATGA.1,1015
TACGTTACGAATAG.1,1256
TACGTTACGTTGGT.1,1016
TACGTTACTTTCGT.1,1015
TACTAAGACTAGAC.1,1244
TACTAAGATCTCTA.1,101
TACTAAGATTCAGG.1,107
TACTACACAAGGTA.1,1244
TACTACACACGGAG.1,1015
TACTACACAGGCGA.1,1039
TACTACACCAATCG.1,1256
TACTACACGACAAA.1,107
TACTACACTCTACT.1,101
TACTACTGCCTCGT.1,1488
TACTACTGGAATCC.1,1015
TACTACTGGCATAC.1,1256
TACTACTGGCTTAG.1,1244
TACTACTGGTCGTA.1,1256
TACTACTGTTACCT.1,101
TACTCAACACACGT.1,101
TACTCAACAGTGTC.1,101
TACTCAACATCGGT.1,1256
TACTCAACCATTGG.1,1256
TACTCAACCTACCC.1,1488
TACTCCCTACTGGT.1,1256
TACTCCCTGACAAA.1,101
TACTCCCTGCATCA.11,
TACTCCCTTCATTC.1,101
TACTCCCTTGCCTC.1,1015
TACTCCCTTGCTTT.1,1488
TACTCTGAAGAGTA.1,1488
TACTCTGAAGTGTC.1,1256
TACTCTGACAGCTA.1,1256
TACTCTGACGTACA.1,1244
TACTCTGACTGGTA.1,1039
TACTCTGAGCTCCT.1,1016
TACTCTGAGTTGAC.1,1015
TACTCTGATTCACT.1,1244
TACTGGGACTGAGT.1,1244
TACTGTTGAGAAGT.1,1016
TACTGTTGATAAGG.1,1488
TACTGTTGATTCGG.1,1488
TACTGTTGCGCATA.1,1244
TACTGTTGTACAGC.1,1016
TACTGTTGTCAGTG.1,1488
TACTGTTGTCGTGA.1,1256
TACTGTTGTCGTTT.1,1015
TACTTGACGCATCA.1,1015
TACTTGACGGCAAG.1,1256
TACTTGACTCCTCG.1,1039
TACTTGACTCTGGA.1,1244
TACTTGACTTTGGG.1,1488
TACTTTCTAATGCC.1,1016
TACTTTCTAGGGTG.1,101
TACTTTCTATCGAC.1,1244
TACTTTCTCCCGTT.1,107
TACTTTCTCCCTCA.1,1016
TACTTTCTGAATCC.1,1015
TACTTTCTTCAGAC.1,1488
TACTTTCTTTCATC.1,101
TACTTTCTTTCGGA.1,1015
TACTTTCTTTGTCT.1,1244
TAGAAACTGCAAGG.1,1015
TAGAAACTTCAGGT.1,1016
TAGAAACTTCCTAT.1,1015
TAGAATACTGCACA.1,1015
TAGAATACTGGTCA.1,1256
TAGAATTGCGTCTC.1,101
TAGAATTGGACAGG.1,1015
TAGAATTGGGGATG.1,1016
TAGAATTGGGTATC.1,1488
TAGAATTGTCGATG.1,1244
TAGAATTGTCTACT.1,1488
TAGAATTGTTTGTC.11,
TAGACGTGAGGAGC.1,1244
TAGACGTGCAAAGA.1,1015
TAGACGTGCGAACT.1,1488
TAGACGTGCTAGAC.1,1015
TAGACGTGTGAAGA.1,101
TAGACGTGTGAGAA.1,1256
TAGACGTGTGAGGG.1,1488
TAGACGTGTTCCGC.1,1488
TAGAGAGAAAGAAC.1,101
TAGAGAGAACGGAG.1,107
TAGAGAGAGTTCTT.1,101
TAGAGAGATGCTGA.1,1256
TAGAGCACACGGGA.1,1256
TAGAGCACCAGGAG.1,1256
TAGAGCACCCTTGC.1,1256
TAGAGCACGCTACA.1,1244
TAGAGCACGCTTAG.11,
TAGAGCACGGCAAG.1,1488
TAGAGCACGGGATG.1,1016
TAGAGCACTCCTGC.1,1244
TAGATCCTACTCAG.1,1488
TAGATCCTAGTGTC.1,1256
TAGATCCTCCGTTC.1,1488
TAGATCCTGTGTTG.1,1488
TAGATCCTTATCTC.1,1256
TAGATCCTTGAGAA.1,1488
TAGATCCTTTCACT.1,101
TAGATTGAACCTAG.1,1015
TAGATTGAACGTAC.1,1015
TAGATTGAAGTCAC.1,1488
TAGATTGACTTGTT.1,101
TAGCATCTCTGTAG.1,107
TAGCATCTTGCCAA.1,1244
TAGCCCACAAACAG.1,1015
TAGCCCACAATGCC.1,1015
TAGCCCACATGCTG.1,107
TAGCCCACTTCGGA.1,101
TAGCCCTGACCTCC.1,1015
TAGCCCTGCGAGAG.1,1256
TAGCCCTGGACGAG.1,1039
TAGCCCTGGATGAA.1,1244
TAGCCCTGTATCGG.1,101
TAGCCCTGTGTCGA.1,1016
TAGCCCTGTTCCGC.1,1015
TAGCCGCTAACGAA.1,1488
TAGCCGCTCCTTAT.1,1488
TAGCCGCTGTACCA.1,1488
TAGCGATGAACGGG.1,1488
TAGCGATGGGGACA.1,1256
TAGCGATGGTCTGA.1,1015
TAGCGATGTCGACA.1,1488
TAGCTACTCTGTGA.1,107
TAGCTACTGCTATG.1,101
TAGCTACTGTCAAC.1,1015
TAGCTACTTTTGTC.1,1256
TAGGACTGACGCAT.1,1244
TAGGACTGCAGAAA.1,1256
TAGGACTGCTCTTA.1,107
TAGGACTGTTCGGA.1,1256
TAGGAGCTCATTCT.1,1244
TAGGCAACAGATCC.1,1015
TAGGCAACTAACGC.1,1256
TAGGCATGAGGTTC.1,1256
TAGGCATGATGCTG.1,1488
TAGGCATGCTATTC.1,1256
TAGGCTGAAATCGC.1,1016
TAGGCTGAAGAGTA.1,1244
TAGGCTGACTCAGA.1,1016
TAGGCTGAGCATAC.11,
TAGGCTGAGCTGAT.1,1016
TAGGCTGAGTAAGA.1,1016
TAGGCTGAGTGCAT.1,1244
TAGGCTGATCTCCG.1,1015
TAGGCTGATTGAGC.1,1244
TAGGGACTATCAGC.1,1488
TAGGGACTTGCATG.11,
TAGGGACTTTACTC.1,1244
TAGGTCGACTTCGC.1,1244
TAGGTCGAGTCTGA.1,101
TAGGTCGATGCATG.1,1488
TAGGTGACACGCTA.1,1015
TAGGTGACATAAGG.1,1488
TAGGTGACCCAATG.1,1015
TAGGTGACTGTCAG.1,1015
TAGGTGACTTGCAG.1,1244
TAGGTGTGATCGTG.1,1244
TAGGTGTGCTATTC.1,101
TAGGTGTGGAGAGC.1,1039
TAGGTGTGGTCTGA.1,1244
TAGGTGTGTCAAGC.1,1015
TAGGTGTGTGCCCT.1,1488
TAGGTTCTCGACAT.1,1244
TAGGTTCTCTGGTA.1,1015
TAGGTTCTGACACT.1,1016
TAGGTTCTGGACGA.1,1244
TAGGTTCTGTTCTT.1,1244
TAGGTTCTTCTACT.11,
TAGGTTCTTTATCC.1,1244
TAGTAAACACACGT.11,
TAGTAAACTTGCAG.1,101
TAGTAATGAGCACT.1,1488
TAGTAATGGAGCAG.1,1015
TAGTAATGGATGAA.1,1244
TAGTAATGTTGAGC.1,1244
TAGTACCTCTAGTG.1,1015
TAGTACCTGCTACA.1,1488
TAGTACCTTAACCG.1,1039
TAGTACCTTCTGGA.1,1244
TAGTACCTTGCGTA.1,107
TAGTATGAACCTGA.1,1256
TAGTATGAACTGTG.1,1015
TAGTATGACTTCTA.1,1244
TAGTATGAGTACCA.11,
TAGTATGAGTTTCT.1,1016
TAGTCACTCTACGA.1,1015
TAGTCACTGAGATA.1,1488
TAGTCACTTGCATG.1,1256
TAGTCACTTGGCAT.1,1016
TAGTCGGAAAAGTG.1,1488
TAGTCGGAGATAAG.1,1256
TAGTCGGAGGTCAT.1,1488
TAGTCGGATGACCA.1,1488
TAGTCTTGAGCACT.1,1256
TAGTCTTGCGGTAT.1,1039
TAGTCTTGGAATCC.1,1244
TAGTCTTGGCAAGG.1,1039
TAGTCTTGGTAGCT.1,107
TAGTCTTGTCCTAT.1,1244
TAGTCTTGTGTGAC.1,101
TAGTCTTGTTCATC.1,1244
TAGTGGTGAACCAC.1,1039
TAGTGGTGACGACT.1,1015
TAGTTCACAGTCAC.1,1488
TAGTTCACCGACAT.1,1015
TAGTTCACTCGTTT.1,1488
TAGTTCACTGTGCA.1,1016
TAGTTGCTCCAACA.1,1244
TAGTTGCTCCAAGT.1,1488
TAGTTGCTTCGCAA.1,1015
TATAAGACACAGTC.1,1488
TATAAGACCACACA.1,1039
TATAAGACCCACCT.1,1488
TATAAGACCCTGTC.1,1256
TATAAGACCGTACA.1,1016
TATAAGACGAATAG.1,1256
TATAAGACTGTAGC.1,101
TATAAGACTTCGTT.1,1015
TATAAGTGACCTCC.1,1039
TATAAGTGGATAAG.1,1244
TATAAGTGGCTGTA.1,1244
TATAAGTGGGTCTA.1,1256
TATACAGACCTTCG.1,101
TATACAGACGAGAG.1,1488
TATACAGACTACTT.1,1039
TATACAGATGTTCT.1,1016
TATACCACACACCA.1,1488
TATACCACTGCAGT.1,1256
TATACCACTGCGTA.1,1016
TATACGCTAGAATG.1,1015
TATACGCTAGATCC.1,1015
TATACGCTCTAAGC.1,1016
TATACGCTGATACC.1,1039
TATAGATGAGAGGC.1,107
TATAGATGGGGAGT.1,101
TATAGATGTTGTCT.1,1256
TATAGCCTAGACTC.1,107
TATAGCCTAGAGTA.1,1015
TATAGCCTCAATCG.1,1015
TATAGCCTCACACA.1,1488
TATAGCCTCCATAG.1,107
TATAGCCTCTGAGT.1,1256
TATAGCCTGACGTT.1,101
TATAGCCTTGGCAT.1,1016
TATCAAGAACTTTC.1,1015
TATCAAGAGTAAAG.1,1244
TATCACTGATGCCA.1,1244
TATCACTGCATGCA.1,1256
TATCACTGCGTGAT.1,1488
TATCACTGGAAGGC.1,1039
TATCACTGGTACGT.1,1015
TATCACTGGTCTGA.1,1488
TATCACTGGTTACG.1,1015
TATCACTGTCAGTG.1,1488
TATCACTGTCTCCG.1,1244
TATCACTGTGGGAG.1,1488
TATCACTGTTGTCT.1,101
TATCAGCTAGTACC.1,1016
TATCAGCTGGACTT.1,1256
TATCAGCTTGCACA.1,1039
TATCCAACAACGAA.1,101
TATCCAACCAACTG.1,1488
TATCCAACCAGTTG.1,101
TATCCAACCCAGTA.1,1015
TATCCAACCTCGAA.1,101
TATCCAACCTTAGG.1,101
TATCCAACCTTGCC.1,1256
TATCCAACGAACCT.1,1488
TATCCAACGAATAG.1,1016
TATCCAACGAGGCA.1,1016
TATCCAACTAGCCA.1,1039
TATCCAACTATCTC.1,1015
TATCCAACTCAGTG.1,1015
TATCCAACTCCGTC.1,101
TATCCAACTTTGGG.1,1488
TATCCTGAAAGCCT.1,1016
TATCCTGAACCTGA.1,1488
TATCCTGAAGGTTC.1,1039
TATCCTGAATCGTG.1,1488
TATCCTGAATGTGC.1,1244
TATCCTGAGGTAAA.1,1039
TATCCTGATACTGG.1,1244
TATCCTGATCTCCG.1,1015
TATCCTGATCTCTA.1,1256
TATCCTGATGACCA.1,1015
TATCCTGATGGCAT.1,107
TATCCTGATTCGGA.1,1016
TATCCTGATTGAGC.1,1256
TATCGACTAAAAGC.1,1015
TATCGACTCAACTG.1,1488
TATCGACTCAATCG.1,1016
TATCGACTCTTGCC.1,1016
TATCGACTGGAGTG.1,1016
TATCGACTGTAGCT.1,1016
TATCGTACACCTAG.1,1488
TATCGTACACGCAT.1,1488
TATCGTACACTAGC.1,1016
TATCGTACCACTCC.1,1488
TATCGTACTTATCC.1,1015
TATCTCGACGTAAC.1,101
TATCTCGATACTGG.1,1015
TATCTGACGAGATA.1,1488
TATCTGACTCCCAC.1,1015
TATCTTCTCAGAGG.1,1256
TATCTTCTTAGCCA.1,1488
TATCTTCTTTGGTG.1,1015
TATGAATGGTACGT.1,1015
TATGAATGGTCGTA.1,1015
TATGAATGGTTTGG.1,1256
TATGAATGTACTCT.1,1015
TATGAATGTATGCG.1,107
TATGAATGTCACGA.1,1244
TATGCGGACGCAAT.1,1039
TATGCGGACTGAGT.1,1039
TATGCGGATCTATC.1,1015
TATGGGACACCACA.1,1488
TATGGGACGGATCT.1,101
TATGGGACGGTAAA.1,1244
TATGGGACGTTAGC.1,1488
TATGGGACTCCCGT.1,1256
TATGGGACTTGCAG.1,1256
TATGGGACTTGGTG.1,1244
TATGGGTGCCCGTT.1,1244
TATGGGTGTCGACA.1,1488
TATGGGTGTCGATG.1,1015
TATGGGTGTTCCCG.1,1244
TATGGTCTCACTTT.1,1015
TATGGTCTGCTATG.1,1488
TATGGTCTGTATGC.1,1015
TATGGTCTTCCCAC.1,1244
TATGTCACAGTAGA.1,1244
TATGTCACATCGAC.1,101
TATGTCACCATTGG.1,1256
TATGTCACCCGTTC.1,1015
TATGTCACGCGTTA.1,1016
TATGTCTGCACAAC.1,1256
TATGTCTGCACACA.1,1015
TATGTCTGGTTGTG.1,1244
TATGTCTGTCGACA.1,1488
TATGTCTGTCTCGC.1,1015
TATGTGCTAGTGTC.1,1244
TATGTGCTGATAAG.1,1256
TATGTGCTTCCTAT.1,1488
TATGTGCTTGCAGT.1,1256
TATTGCTGACACAC.1,1015
TATTGCTGATTGGC.1,1244
TATTGCTGCCAATG.1,101
TATTGCTGCTAGAC.1,1244
TATTGCTGCTCCCA.1,1488
TATTGCTGTGACAC.1,1015
TATTTCCTCGTACA.1,1015
TATTTCCTGCATAC.1,1488
TATTTCCTTGCTTT.1,1256
TCAACACTAAGGGC.1,1016
TCAACACTCGAATC.1,107
TCAACACTGACACT.1,101
TCAACACTGTTACG.1,1016
TCAACACTTTACTC.1,1256
TCAAGGACCCACAA.1,1015
TCAAGGACGGGTGA.1,1015
TCAAGGACGTTGTG.1,1015
TCAAGGTGAAGAGT.1,1488
TCAAGGTGAGGTTC.1,1015
TCAAGGTGGAATGA.1,107
TCAAGGTGGCTGTA.1,1039
TCAAGGTGTAGTCG.1,101
TCAAGGTGTGGTGT.1,1039
TCAAGGTGTTGACG.1,1488
TCAAGTCTGAAAGT.11,
TCAAGTCTTCAGAC.1,1256
TCAATAGAACTAGC.1,1256
TCAATAGAATTCCT.1,1244
TCAATAGACCTTAT.1,1256
TCAATAGAGGCAAG.1,1016
TCAATAGAGGGAGT.1,1256
TCAATCACCATCAG.1,1256
TCAATCACGGGATG.11,
TCAATCACGTCTTT.1,1488
TCAATCACGTTCGA.1,1244
TCAATCACTTAGGC.1,1039
TCACATACAGAATG.1,1039
TCACATACAGCTCA.1,1244
TCACATACAGGAGC.1,1488
TCACATACCAGAAA.1,107
TCACATACCATTGG.1,1488
TCACATACTTGTCT.1,1015
TCACCCGAAGATGA.1,1244
TCACCCGACGTGTA.1,1015
TCACCCGACTATTC.1,1488
TCACCCGAGTAGCT.1,1244
TCACCGTGAAGCAA.1,1488
TCACCGTGACCCAA.1,1256
TCACCGTGCAAAGA.1,1488
TCACCGTGCCATAG.1,1256
TCACCGTGCCTAAG.1,1244
TCACCGTGCGTTAG.1,1256
TCACCGTGGGGACA.1,1015
TCACCGTGTTGCTT.11,
TCACCTCTAGGTCT.1,1015
TCACCTCTATGTCG.1,101
TCACCTCTGGTGAG.1,1256
TCACGAGAAGCGGA.1,1015
TCACGAGACGAACT.1,1488
TCACGAGACGGTAT.1,101
TCACGAGAGGGTGA.1,1488
TCACGAGAGTCGTA.1,1256
TCACGAGAGTTGGT.1,1015
TCACGAGATACTGG.1,1016
TCACGAGATCGTAG.1,1244
TCACTATGCAGAGG.1,1256
TCACTATGGAATCC.1,1244
TCACTATGGTCTTT.1,1015
TCACTATGTATGCG.1,1015
TCACTATGTCTCGC.1,107
TCAGACGAAAAGTG.1,107
TCAGACGAAAGCAA.1,1039
TCAGACGAGATACC.1,1016
TCAGACGATGCTTT.1,1016
TCAGAGACCCTATT.1,1488
TCAGAGACCTCATT.1,1488
TCAGAGACCTCTAT.11,
TCAGAGACCTCTTA.1,1256
TCAGCAGATACAGC.1,1039
TCAGCGCTCTACGA.1,1015
TCAGCGCTCTGATG.1,1015
TCAGCGCTGTAGGG.1,1015
TCAGCGCTTTCGCC.1,1488
TCAGGATGACCATG.1,1015
TCAGGATGACGCAT.1,1016
TCAGGATGAGAGTA.1,1488
TCAGGATGAGTACC.1,1256
TCAGGATGCGGGAA.1,1488
TCAGGATGCGTGAT.1,1244
TCAGGATGCTGCAA.1,1256
TCAGTGGACATCAG.1,1256
TCAGTGGACCTTGC.1,1015
TCAGTGGAGCTGAT.1,1244
TCAGTGGAGTTAGC.1,1015
TCAGTGGATACAGC.1,1244
TCAGTTACAATCGC.1,1039
TCAGTTACACTTTC.1,1488
TCAGTTACAGCAAA.11,
TCAGTTACATCGGT.1,1015
TCAGTTACCCAACA.1,107
TCAGTTACCTACTT.1,1039
TCAGTTACTCCTAT.1,101
TCAGTTACTGCACA.1,1039
TCAGTTACTGGAGG.1,1256
TCAGTTACTTTCGT.1,1256
TCATCAACACCAGT.1,1488
TCATCAACGTTCTT.11,
TCATCAACGTTGGT.1,1015
TCATCATGACGGGA.1,101
TCATCATGCTAAGC.1,1256
TCATCATGGTAAGA.1,1488
TCATCATGTACTTC.1,107
TCATCATGTTCGTT.1,1244
TCATCATGTTCTCA.1,101
TCATCCCTACGGAG.1,1244
TCATCCCTAGTACC.1,107
TCATCCCTCAGAGG.1,1016
TCATCCCTTAAAGG.11,
TCATGTACACTACG.1,101
TCATGTACATCTCT.1,1256
TCATGTACATGGTC.1,1039
TCATGTACCCTAAG.1,107
TCATGTACGCAAGG.1,1256
TCATGTACGTAAAG.1,1256
TCATTCGAAAGCCT.1,1016
TCATTCGATACTCT.1,1488
TCATTCGATATTCC.1,1256
TCATTCGATCGCTC.1,1016
TCATTGACACTAGC.1,1256
TCATTGACCGGTAT.1,101
TCCACGTGAACGTC.1,1488
TCCACGTGACACAC.1,101
TCCACGTGATGCTG.1,1039
TCCACGTGCGCTAA.1,1256
TCCACGTGCTACCC.1,1244
TCCACGTGGACGGA.1,1015
TCCACGTGGTAGCT.1,1015
TCCACGTGTGACTG.1,1244
TCCACGTGTTCCAT.1,101
TCCACTCTAAAGCA.11,
TCCAGAGACAAGCT.1,1244
TCCAGAGACCCGTT.1,101
TCCAGAGAGCCCTT.1,1244
TCCATAACACCACA.1,1488
TCCATAACTCACCC.1,101
TCCATAACTCAGGT.1,1244
TCCATCCTCGAACT.1,1016
TCCATCCTCTCCCA.1,1039
TCCATCCTGCAGTT.1,1016
TCCATCCTGGTTCA.1,1256
TCCATCCTGTGTTG.1,1244
TCCATCCTTTGGCA.1,1488
TCCCACGACATGAC.1,1256
TCCCACGACTGGTA.11,
TCCCACGAGTCATG.1,1016
TCCCACGAGTTCGA.1,1488
TCCCACGATCGTAG.1,1256
TCCCAGACCATACG.1,1488
TCCCAGACCCCAAA.1,1015
TCCCAGACCCTACC.1,1488
TCCCAGACTAGAGA.1,1256
TCCCAGACTAGTCG.1,1015
TCCCAGACTCGATG.1,1256
TCCCATCTAAGTAG.1,101
TCCCATCTAGAAGT.1,1015
TCCCATCTCGAATC.1,1015
TCCCATCTGATAAG.1,1015
TCCCATCTTCGATG.1,1016
TCCCGAACAACAGA.1,1256
TCCCGAACAGGTTC.1,1256
TCCCGAACCATCAG.1,1015
TCCCGAACCGTTGA.1,1488
TCCCGAACGTATGC.1,101
TCCCGAACGTTGGT.1,1488
TCCCGAACTTCGTT.1,1015
TCCCGATGACCGAT.1,1015
TCCCGATGCCCAAA.1,101
TCCCGATGCCGATA.1,1039
TCCCGATGGAGGGT.1,1039
TCCCGATGGTTCTT.1,101
TCCCGATGTACTGG.1,1015
TCCCGATGTTGTCT.1,101
TCCCTACTATCTTC.1,1244
TCCCTACTTAACCG.1,1015
TCCGAAGACTTACT.1,101
TCCGAAGATGCTCC.1,1016
TCCGAAGATGTCGA.1,1256
TCCGAGCTACCCAA.1,1015
TCCGAGCTAGGTCT.1,1256
TCCGAGCTCTCCAC.1,1488
TCCGAGCTTAGAGA.1,101
TCCGGACTCTCTAT.1,1016
TCCGGACTGACGAG.1,1016
TCCGGACTGAGGCA.1,1244
TCCGGACTTGTCAG.1,1015
TCCGGACTTTCTAC.1,1244
TCCTAAACTCCTTA.1,1488
TCCTAAACTGGAAA.1,1015
TCCTAAACTTTCTG.1,1488
TCCTAATGAAGCCT.11,
TCCTAATGCAACTG.1,1256
TCCTAATGCGGGAA.1,1039
TCCTAATGTTGACG.11,
TCCTACCTAAGTGA.1,1244
TCCTACCTGGGACA.1,1244
TCCTACCTTCAGTG.1,1256
TCCTACCTTGTGAC.1,1488
TCCTACCTTTCCAT.1,1015
TCCTATGACACTTT.1,107
TCCTATGACTCTCG.1,1016
TCCTATGAGTCCTC.1,107
TCCTATGAGTGTAC.1,1488
TCCTATGATGCCAA.1,1015
TCGAATCTCCGTTC.1,101
TCGAATCTGAACCT.1,1488
TCGAATCTGTTGTG.1,1488
TCGAATCTTAAAGG.1,1256
TCGAATCTTAAGCC.1,1016
TCGAATCTTTCGGA.1,107
TCGACCTGACGACT.1,1488
TCGACCTGAGTAGA.1,1488
TCGACCTGCTCAGA.1,1244
TCGACCTGGTTAGC.1,1256
TCGACCTGTGCACA.1,1256
TCGACGCTCCATAG.1,1256
TCGACGCTGGCATT.1,107
TCGACGCTTCTTCA.1,1488
TCGACGCTTGACAC.1,1015
TCGAGAACACACCA.1,1256
TCGAGAACATGTCG.1,101
TCGAGAACCGTGAT.1,1015
TCGAGAACTTCATC.1,1016
TCGAGCCTAAACAG.1,1488
TCGAGCCTCGGAGA.1,1015
TCGAGCCTTTTGGG.1,101
TCGATACTCCATGA.1,1016
TCGATACTCCCACT.1,1015
TCGATACTGAGCTT.1,1015
TCGATACTGGGACA.11,
TCGATACTTCACGA.1,1488
TCGATACTTGGTCA.1,1016
TCGATACTTGTGCA.1,1256
TCGATTTGAATCGC.1,1488
TCGATTTGAGATGA.1,101
TCGATTTGCTCTAT.1,1244
TCGATTTGGGAGGT.1,1256
TCGATTTGTACTTC.1,1488
TCGATTTGTGGTCA.1,1015
TCGCAAGAGAGGCA.1,1016
TCGCAAGATGAGAA.1,1016
TCGCAAGATTTCTG.1,1015
TCGCACACAGTAGA.1,107
TCGCACACCACTCC.1,1488
TCGCACACCCGTAA.1,1256
TCGCACACGGCGAA.1,1015
TCGCACACTACTCT.1,1016
TCGCACACTGGAAA.11,
TCGCACTGTCTCCG.1,1244
TCGCACTGTGTTCT.1,1488
TCGCAGCTCACTTT.1,1488
TCGCAGCTCAGATC.1,1256
TCGCAGCTCCCTAC.1,1244
TCGCAGCTGGTTCA.1,1488
TCGCAGCTTAACGC.1,1488
TCGCCATGACGACT.1,1256
TCGCCATGACTGTG.1,107
TCGCCATGAGACTC.1,1015
TCGCCATGCAGAAA.1,1015
TCGCCATGCTCATT.1,1244
TCGCCATGGTTTGG.1,1016
TCGCCATGTAGAAG.1,1016
TCGCCATGTGACTG.1,1016
TCGCCATGTTGCAG.1,101
TCGGACCTATCAGC.1,101
TCGGACCTATGACC.1,1015
TCGGACCTCTAGTG.1,1016
TCGGACCTGAAAGT.1,107
TCGGACCTGGACAG.1,1256
TCGGACCTGTTAGC.1,1015
TCGGACCTTAACGC.1,1244
TCGGACCTTCGATG.1,1488
TCGGACCTTTGAGC.1,1015
TCGGCACTCTCGAA.1,1256
TCGGCACTCTGCTC.1,1256
TCGGCACTCTGGTA.1,1256
TCGGCACTTATCGG.1,1488
TCGGCACTTCGACA.1,1244
TCGGCACTTCGTGA.1,1256
TCGGCACTTTCCGC.1,1244
TCGGCACTTTGAGC.1,101
TCGGCACTTTTACC.1,1039
TCGGTAGAAACAGA.1,101
TCGGTAGAGCGTAT.1,1015
TCGGTAGATACGAC.1,1016
TCGGTAGATTTGGG.1,1016
TCGTAGGAACACCA.1,107
TCGTAGGAAGAGAT.1,1488
TCGTAGGACACTGA.1,1016
TCGTAGGACCTTAT.1,1016
TCGTAGGAGAATAG.1,1015
TCGTAGGAGTCGTA.1,1256
TCGTGAGAACCTGA.1,1488
TCGTGAGAAGTCTG.1,1488
TCGTGAGAAGTTCG.1,1256
TCGTGAGACATACG.1,1256
TCGTGAGACCGATA.1,1244
TCGTGAGACGCCTT.1,1016
TCGTGAGACTTCCG.1,107
TCGTGAGAGGAACG.1,1488
TCGTGAGATTTGGG.1,1256
TCGTTATGACTGTG.1,1016
TCGTTATGCAGGAG.1,1244
TCGTTATGGGAGCA.1,1256
TCGTTATGTCGCCT.1,1244
TCTAACACTCGCTC.1,1016
TCTAACACTGTGGT.1,1244
TCTAACTGAACCGT.1,101
TCTAACTGATTTCC.1,1244
TCTAACTGCACTCC.1,1256
TCTAACTGCGACTA.1,1244
TCTAACTGCGGAGA.1,1244
TCTAACTGCTCAAG.1,1039
TCTAACTGGTACAC.1,1256
TCTAACTGGTCACA.1,1039
TCTAACTGTCCTAT.1,101
TCTAACTGTGTTTC.1,1015
TCTAAGCTCTGCAA.1,107
TCTAAGCTGTAGGG.1,1256
TCTACAACGTCATG.1,1015
TCTACAACGTCTGA.1,1256
TCTACAACGTGCTA.1,1256
TCTACAACGTTAGC.1,1039
TCTACAACTCTATC.1,1244
TCTAGACTAGGTCT.1,1488
TCTAGACTATGTCG.1,1256
TCTAGACTCATGAC.1,1244
TCTAGACTCCTAAG.1,1015
TCTAGACTTCGCTC.1,101
TCTAGACTTTCTCA.1,1488
TCTAGTTGCACACA.1,1015
TCTAGTTGCATGAC.1,1016
TCTAGTTGCGAGTT.1,1488
TCTAGTTGCTCCAC.1,1256
TCTAGTTGGATAGA.1,101
TCTAGTTGGCTACA.1,1256
TCTAGTTGGGGTGA.1,1488
TCTAGTTGTCGTAG.1,1039
TCTAGTTGTCTCCG.1,1244
TCTAGTTGTCTCGC.1,1015
TCTATGTGACCTAG.1,1244
TCTATGTGATTCGG.1,1488
TCTATGTGATTGGC.1,1256
TCTATGTGCGAACT.1,1256
TCTATGTGCGTAGT.1,1488
TCTATGTGGCTACA.1,1244
TCTATGTGTCAGAC.1,1016
TCTATGTGTGCATG.1,1488
TCTATGTGTTGCTT.1,101
TCTCAAACCGCTAA.1,101
TCTCAAACTCGTAG.1,1015
TCTCCACTCACACA.1,1256
TCTCCACTCTAGCA.1,1015
TCTCCACTTTTACC.1,1488
TCTCTAGAAACTGC.1,1256
TCTCTAGAAGTTCG.1,101
TCTCTAGACCTACC.1,1488
TCTCTAGACCTTAT.1,1016
TCTCTAGAGAGAGC.1,1488
TCTCTAGAGGTTAC.1,1488
TCTCTAGATGTCAG.1,1244
TCTGATACACACAC.1,1488
TCTGATACACGGGA.1,1256
TCTGATACAGTCAC.1,1016
TCTGATACATCGTG.1,101
TCTGATACCCGAAT.1,101
TCTTACGATCACGA.1,1015
TCTTACGATGAGAA.1,1256
TCTTCAGAAACCAC.1,1488
TCTTCAGACTACGA.1,1016
TCTTCAGATCTTCA.1,1256
TCTTCAGATGTTCT.1,1256
TCTTCAGATTCATC.1,1244
TCTTCAGATTGAGC.11,
TCTTGATGCCGATA.1,1244
TCTTGATGCCTAAG.1,1488
TCTTGATGCTGCAA.1,1244
TCTTGATGGCGTTA.1,1244
TCTTGATGGGGTGA.1,1256
TCTTGATGTCCTGC.1,1039
TCTTGATGTTCCGC.1,1488
TGAAATTGCATCAG.1,1244
TGAAATTGCCGTAA.1,1039
TGAAATTGCTGAAC.1,101
TGAAATTGGACGGA.1,1244
TGAAATTGGAGATA.1,1256
TGAAATTGGCATAC.1,1488
TGAAATTGGTCGAT.1,101
TGAAATTGGTTTGG.1,1244
TGAAATTGTTTCTG.1,1016
TGAACCGACGATAC.1,1488
TGAACCGATCCAAG.1,101
TGAACCGATTTACC.1,1488
TGAAGCACCCATAG.1,1256
TGAAGCACTCTCTA.11,
TGAAGCACTTGAGC.1,107
TGAAGCTGCATACG.1,1488
TGAAGCTGCCGTTC.1,1244
TGAAGCTGCGAATC.1,1488
TGAAGCTGCGACAT.1,101
TGAATAACACACAC.1,1039
TGAATAACAGGCGA.1,1244
TGAATAACTCTTAC.1,1015
TGACACGACATTTC.1,1015
TGACACGACGAACT.1,1488
TGACACGACGTACA.1,101
TGACACGAGCTCCT.1,1015
TGACACGAGGTAGG.1,101
TGACACGAGTTCGA.1,1015
TGACCAGATGCTGA.1,101
TGACCGCTTTCGGA.1,101
TGACCGCTTTCTGT.1,1488
TGACCGCTTTTACC.1,1244
TGACGAACAGGAGC.1,1015
TGACGAACATCAGC.1,1015
TGACGAACCAGTCA.1,1488
TGACGAACCCTTTA.1,1256
TGACGAACCTATGG.1,1039
TGACGAACGCGATT.1,1244
TGACGAACTACGCA.1,1488
TGACGATGACTAGC.1,1015
TGACGATGAGTGCT.1,1256
TGACGATGCACTAG.1,1015
TGACGATGCATGAC.1,1015
TGACGATGCCAAGT.1,1015
TGACGATGCGCCTT.1,1256
TGACGATGGTAAGA.1,1244
TGACGCCTAGGAGC.1,1244
TGACGCCTCTTGTT.1,1015
TGACGCCTTCATTC.1,1256
TGACTGGAATTCGG.1,1488
TGACTGGATACAGC.1,1244
TGACTGGATAGCCA.1,1039
TGACTGGATCGTGA.1,1256
TGACTTACAGTGTC.1,1488
TGACTTACGAACCT.1,1015
TGACTTACTACTTC.1,101
TGACTTACTTCTGT.1,1016
TGACTTTGCGACAT.1,1039
TGACTTTGCGGTAT.1,1256
TGACTTTGCTGTGA.1,101
TGACTTTGGGTATC.1,1016
TGACTTTGGTCTAG.1,1016
TGACTTTGGTTTGG.1,1256
TGACTTTGTGTTTC.1,101
TGACTTTGTTGGCA.1,1015
TGAGACACACGCAT.1,1016
TGAGACACCACACA.1,1016
TGAGACACGACTAC.1,1016
TGAGACACGGAACG.1,1015
TGAGACACTGGTTG.1,101
TGAGACACTTCATC.1,1256
TGAGACACTTCGCC.1,1039
TGAGCAACATGCTG.1,101
TGAGCAACCCATGA.1,1015
TGAGCAACGCGTAT.1,101
TGAGCAACGTGTAC.1,1015
TGAGCAACTGAAGA.1,1488
TGAGCTGAACCATG.1,107
TGAGCTGAACGTTG.1,1016
TGAGCTGACACTTT.1,1488
TGAGCTGACCCACT.1,1244
TGAGCTGACGCCTT.1,1256
TGAGCTGACTATTC.1,1256
TGAGCTGAGCCAAT.1,1488
TGAGCTGAGCTTAG.1,1488
TGAGCTGAGTCAAC.1,1244
TGAGCTGAGTGCAT.11,
TGAGGTACACTTTC.1,101
TGAGGTACAGAACA.1,1256
TGAGGTACCGAGTT.1,1488
TGAGGTACCTTCCG.1,1488
TGAGGTACGAAACA.1,101
TGAGGTACGGAAGC.1,1015
TGAGTCGAGAATCC.1,1015
TGAGTCGATTGACG.1,1016
TGAGTGACGTAAAG.1,1015
TGATAAACAAGAGT.11,
TGATAAACCTAAGC.1,1244
TGATAAACCTAGAC.1,101
TGATAAACCTCGCT.1,1244
TGATAAACCTGCAA.1,1244
TGATAAACGAAAGT.1,1039
TGATACCTCTGAAC.1,1039
TGATACCTGCCCTT.1,1016
TGATACCTGCCTTC.1,1015
TGATACCTGCGAAG.1,1256
TGATACCTGCTAAC.1,1015
TGATACCTGGAAGC.1,1015
TGATACCTGGCGAA.1,1244
TGATACCTGTAAGA.1,1256
TGATACCTTCTCGC.1,1488
TGATATGACCTGAA.1,1488
TGATATGAGTCAAC.1,1244
TGATATGATGTGCA.1,101
TGATCACTCGCCTT.1,101
TGATCACTGCAGAG.1,1244
TGATCACTGTAAGA.1,1488
TGATCACTTAAGGA.1,1015
TGATCACTTGAGGG.1,1015
TGATCGGAATGTGC.1,1016
TGATCGGACCATGA.1,1015
TGATCGGAGAGATA.1,1488
TGATCGGATCAGGT.1,1488
TGATTAGAAAGAGT.1,1488
TGATTAGAGAACTC.1,1016
TGATTAGAGGACGA.1,101
TGATTCACGCGGAA.1,1488
TGATTCACGCTCCT.1,1015
TGATTCACGTACCA.1,1244
TGATTCACGTCGTA.1,1488
TGATTCACTCACGA.1,1488
TGATTCACTCAGTG.1,1256
TGATTCACTGCATG.1,1256
TGATTCTGCAGGAG.1,1244
TGATTCTGGAAAGT.1,1488
TGATTCTGGTCATG.1,1016
TGATTCTGTAAGGA.1,1488
TGCAACGAAAGTAG.1,101
TGCAACGAAAGTGA.1,1244
TGCAACGACCTACC.1,1039
TGCAACGATACTGG.1,1016
TGCAACGATATCTC.1,101
TGCAACGATGAAGA.1,1488
TGCAACGATTATCC.1,1488
TGCAAGACAAGTGA.1,1039
TGCAAGACGCGAGA.1,1015
TGCAAGACGTTAGC.1,1256
TGCAAGACTGCTGA.1,1015
TGCAAGACTTCAGG.1,1488
TGCAAGTGCAGAAA.1,1256
TGCAAGTGCTTCTA.1,1015
TGCAATCTAAACGA.1,101
TGCAATCTATTTCC.1,1488
TGCAATCTGAGACG.1,1244
TGCAATCTGCTTAG.1,1015
TGCAATCTTCTATC.1,1488
TGCAATCTTCTCGC.1,101
TGCAATCTTTTCAC.1,107
TGCACAGAAGTCGT.1,101
TGCACAGATAGCGT.1,1244
TGCAGATGCTAAGC.1,1488
TGCAGATGTCGTAG.1,1488
TGCATGGAAATCGC.1,1015
TGCATGGACTGTGA.1,1256
TGCATGGAGAGGCA.1,1015
TGCATGGAGTGTAC.1,1488
TGCATGGATTACTC.1,1256
TGCCAAGACAAGCT.1,1015
TGCCAAGACTCAAG.1,1015
TGCCAAGAGATAAG.1,1016
TGCCAAGAGCTTCC.11,
TGCCAAGAGGGACA.1,1488
TGCCAAGAGTGTCA.1,1015
TGCCAAGATAAAGG.1,1244
TGCCAAGATCTTCA.1,1244
TGCCAAGATGCCAA.1,1015
TGCCAAGATGGGAG.1,1039
TGCCACTGAGAGTA.1,1015
TGCCACTGCATCAG.11,
TGCCACTGGGAACG.1,1488
TGCCAGCTACTACG.1,1244
TGCCAGCTATCACG.1,1256
TGCCCAACCTTGTT.1,1488
TGCCCAACGGGAGT.1,1016
TGCCGACTGGTAAA.1,1039
TGCCGACTTCAGTG.1,1039
TGCCGACTTGCCTC.1,101
TGCGAAACAGCTCA.1,1015
TGCGAAACCTTCCG.1,1015
TGCGAAACGTAAAG.1,1244
TGCGATGAACCAAC.1,1256
TGCGATGACTCTAT.1,1256
TGCGATGAGGTGTT.1,1015
TGCGATGAGTACCA.1,1256
TGCGATGATCTCAT.1,1015
TGCGCACTCAAAGA.1,1244
TGCGCACTCAATCG.1,1256
TGCGCACTGAACTC.1,1244
TGCGCACTTCCTGC.1,107
TGCGCACTTTACTC.1,1488
TGCGTAGACGTAAC.1,1256
TGCGTAGACTTAGG.1,101
TGCGTAGAGCAGAG.1,1015
TGCGTAGAGCATAC.1,1488
TGCGTAGATAGACC.1,1244
TGCTATACATTGGC.1,1015
TGCTATACCCAGTA.1,1244
TGCTATACGCTGAT.1,1488
TGCTATACGGTGGA.1,1256
TGCTATACTCAGGT.1,1256
TGCTATACTGACAC.1,1244
TGCTGAGAAAACGA.1,1256
TGCTGAGACATGAC.1,1488
TGCTGAGACTTGAG.1,1015
TGCTGAGATTCTTG.1,1015
TGCTTAACAGCTCA.1,1039
TGCTTAACCCTCCA.1,1256
TGCTTAACGCCTTC.1,1244
TGCTTAACTGGTGT.1,101
TGGAAAGAAACGAA.1,1016
TGGAAAGAACTAGC.11,
TGGAAAGAATGCCA.1,1015
TGGAAAGACAGTTG.1,1488
TGGAAAGACTTTAC.1,1244
TGGAAAGAGACAGG.1,101
TGGAAAGAGCGGAA.1,1015
TGGAAAGAGGGATG.1,1015
TGGAAAGATGCCCT.1,1244
TGGAAAGATTCGGA.1,1039
TGGAAAGATTCTGT.1,1256
TGGAACACAGCCAT.1,1488
TGGAACACAGCTAC.1,1488
TGGAACACATCGTG.1,1256
TGGAACACCTCCAC.1,1244
TGGAACACTTTGTC.1,1488
TGGAACTGACTAGC.1,1016
TGGAACTGCAACCA.1,1244
TGGAACTGCATCAG.1,1256
TGGAACTGGCCATA.1,1016
TGGAACTGGCTATG.1,1244
TGGAACTGGGTGAG.1,1256
TGGAACTGGTCATG.1,1488
TGGAACTGTGTCCC.1,1488
TGGAAGCTAAGAAC.1,1256
TGGACCCTCGCTAA.1,1015
TGGACCCTGGAACG.1,1039
TGGACCCTGTGCTA.1,1488
TGGACCCTTGAGAA.1,1256
TGGACTGAATGTCG.1,1016
TGGACTGACACCAA.1,1244
TGGACTGAGCGATT.1,1244
TGGACTGAGCGGAA.1,1488
TGGACTGAGTATCG.1,1488
TGGAGACTACACAC.1,1488
TGGAGACTCGAATC.1,1488
TGGAGACTGACGGA.1,1015
TGGAGACTGAGATA.1,1015
TGGAGACTGTCGTA.1,101
TGGAGACTTTCCAT.1,1488
TGGAGGGAAATCGC.1,1039
TGGAGGGAAATGCC.1,1256
TGGAGGGAAGGTTC.1,1015
TGGAGGGACGGTAT.1,1039
TGGAGGGACTCTTA.1,1256
TGGAGGGAGGAGGT.1,1256
TGGATGACGTTGTG.1,101
TGGATGTGAAACGA.1,1488
TGGATGTGCTTCGC.1,101
TGGATGTGGATAAG.1,1244
TGGATGTGGCAGAG.1,1015
TGGATGTGTCCCGT.1,101
TGGATTCTAACGAA.1,1015
TGGATTCTCGATAC.1,1039
TGGATTCTGAACCT.1,1015
TGGATTCTGAGGAC.11,
TGGATTCTTACTTC.1,1244
TGGCAATGAAAGTG.1,1488
TGGCAATGAGAAGT.11,
TGGCAATGCTGGTA.1,1488
TGGCAATGTAGCGT.1,1015
TGGCAATGTATCTC.1,107
TGGCAATGTGCCTC.11,
TGGCAATGTTAGGC.1,1256
TGGCACCTGACGTT.1,101
TGGCACCTGGGCAA.1,1016
TGGCACCTGGTAGG.1,1256
TGGCACCTGTCATG.1,1488
TGGCACCTTCGCAA.1,1015
TGGGTATGGACAGG.1,1244
TGGGTATGGGGAGT.1,1244
TGGGTATGTGGAAA.1,1016
TGGTACGAACACTG.1,1256
TGGTACGAACCAGT.1,1039
TGGTACGAAGCGGA.1,101
TGGTACGAGACGAG.1,1488
TGGTAGACAAACGA.1,1015
TGGTAGACATGACC.1,1488
TGGTAGACCCGTTC.1,1015
TGGTAGACCTTACT.1,101
TGGTAGACGCTTCC.1,1488
TGGTAGACGTGTCA.1,1016
TGGTAGACTGAGCT.1,1488
TGGTAGACTTATCC.1,1039
TGGTAGTGATGCTG.1,1016
TGGTAGTGCACTCC.1,1015
TGGTAGTGGTGAGG.1,1015
TGGTAGTGTGGTAC.1,1016
TGGTATCTATGTGC.1,1244
TGGTATCTCACTAG.1,1256
TGGTATCTCGTTAG.1,1244
TGGTATCTGACGAG.1,1015
TGGTATCTGGAGTG.1,1488
TGGTATCTTGAACC.1,1016
TGGTATCTTGTCGA.1,1244
TGGTCAGAACGTGT.1,107
TGGTCAGAAGCTCA.1,1256
TGGTCAGAAGTCTG.1,101
TGGTCAGAATTCGG.1,1244
TGGTCAGACAAGCT.1,1039
TGGTCAGACCCTTG.1,1256
TGGTCAGACGAGAG.1,1256
TGGTCAGACGTGTA.1,1488
TGGTCAGATCAGTG.1,1244
TGGTTACTAACGGG.1,1256
TGGTTACTACCTGA.1,1015
TGGTTACTCTATGG.1,1244
TGGTTACTGGTTCA.11,
TGGTTACTGTCGAT.1,1244
TGGTTACTTGAACC.1,1256
TGGTTACTTGCTAG.1,1488
TGGTTACTTTAGGC.1,1244
TGGTTACTTTTCGT.1,1015
TGTAAAACCCCTAC.11,
TGTAAAACCCTTGC.1,1016
TGTAAAACGTAAGA.1,1015
TGTAAAACGTCTAG.1,107
TGTAAAACTAACCG.1,1015
TGTAAAACTCACGA.1,1015
TGTAAAACTCCAGA.1,1016
TGTAAAACTCCCGT.1,1256
TGTAACCTCCGTAA.1,1256
TGTAACCTCCTACC.1,1488
TGTAACCTCGTCTC.1,1488
TGTAACCTGCGTAT.1,107
TGTAACCTGCTGAT.1,1039
TGTAACCTTGTCGA.1,1016
TGTAACCTTTACCT.1,1256
TGTAATGACAGCTA.1,1016
TGTAATGACATGGT.1,1244
TGTAATGACTTCTA.1,1256
TGTAATGATAACGC.1,1015
TGTAATGATGCCAA.1,1016
TGTAATGATTCTGT.1,1039
TGTACTTGAGCGGA.1,1244
TGTACTTGCAAGCT.1,107
TGTACTTGGCGATT.1,1015
TGTACTTGTGAACC.1,1016
TGTAGGTGACGTAC.1,107
TGTAGGTGCTACTT.1,101
TGTAGGTGGCGGAA.1,1488
TGTAGGTGGGAACG.1,1016
TGTAGGTGGTTCTT.1,1015
TGTAGGTGTGACAC.1,1015
TGTAGGTGTTCCGC.1,101
TGTAGGTGTTCGTT.1,101
TGTAGTCTAACCAC.1,1016
TGTAGTCTACGACT.1,1015
TGTAGTCTCAGTCA.1,107
TGTAGTCTCCCAAA.1,1488
TGTAGTCTGTTTGG.1,1015
TGTATCTGACGGAG.1,1015
TGTATCTGAGAGAT.1,107
TGTATCTGAGCACT.1,1015
TGTATCTGAGGGTG.1,1244
TGTATCTGCACAAC.1,1488
TGTATCTGCGTCTC.1,1244
TGTATCTGCGTTGA.1,101
TGTATCTGGCTATG.1,1015
TGTATCTGTGGTTG.1,1244
TGTATGCTAAAGCA.1,1015
TGTATGCTATCACG.1,1244
TGTATGCTGGAGCA.1,1488
TGTCAGGACATTCT.1,1016
TGTCAGGACCTATT.1,1039
TGTCAGGACGTAAC.11,
TGTCAGGACTCAAG.1,107
TGTCAGGAGACAGG.1,1016
TGTCAGGAGGACAG.1,101
TGTCAGGATAGCCA.1,1244
TGTCAGGATCGTAG.1,1015
TGTCAGGATTGGTG.1,1016
TGTCTAACAGAACA.1,1256
TGTCTAACAGAGGC.1,1015
TGTCTAACAGTCTG.1,1488
TGTCTAACATCGAC.1,1015
TGTCTAACCCTTGC.1,1488
TGTCTAACGCAGTT.1,1256
TGTCTAACTCCTCG.1,1488
TGTCTAACTCTCTA.1,101
TGTCTAACTTGCAG.1,1488
TGTGACGAAAGAGT.1,107
TGTGACGAAAGTGA.1,1488
TGTGACGAACAGTC.1,1015
TGTGACGAACCTGA.1,1244
TGTGACGAAGTAGA.1,1488
TGTGACGACCCTAC.1,1256
TGTGACGACGGAGA.1,101
TGTGACGACGTTAG.1,1039
TGTGACGAGGGTGA.1,1015
TGTGACGATATCGG.1,1015
TGTGAGACAAACGA.1,1256
TGTGAGACCCTCCA.1,1016
TGTGAGTGCCGAAT.1,1488
TGTGAGTGGAGATA.1,1488
TGTGAGTGTCTCAT.1,1015
TGTGAGTGTCTTAC.1,1256
TGTGATCTAGTCAC.1,1244
TGTGATCTCACAAC.1,1039
TGTGATCTGACGGA.1,1016
TGTGATCTTGCTCC.1,101
TGTGATCTTTGACG.1,1016
TGTGGATGAAACAG.1,1016
TGTGGATGCTCAAG.1,101
TGTGGATGCTCCAC.1,1244
TGTGGATGGTCATG.1,101
TGTGGATGGTCCTC.1,1256
TGTGGATGTCGCAA.1,1015
TGTGGATGTCTTAC.1,1256
TGTGGATGTCTTTG.1,1039
TGTTAAGAAGTGCT.1,101
TGTTAAGAATGCCA.1,1015
TGTTAAGATGTTCT.1,1244
TGTTAAGATTTACC.1,1488
TGTTACACCCCACT.1,1256
TGTTACACCCTTAT.1,1015
TGTTACACGTACGT.1,1015
TGTTACACGTTGAC.1,1015
TGTTACACTCTTCA.1,1244
TGTTACACTGATGC.1,101
TGTTACTGACCTCC.1,1039
TGTTACTGCACACA.1,1016
TGTTACTGCCTATT.1,1488
TGTTACTGCGATAC.1,1244
TTAACCACAGGCGA.1,107
TTAACCACAGGGTG.1,1488
TTAACCACAGTAGA.1,1015
TTAACCACCCCTTG.1,1039
TTAACCACCCGATA.1,1244
TTAACCACCCGTAA.1,1015
TTAACCACCTGCAA.1,1039
TTAACCACGCTCCT.1,1256
TTAACCACGGTACT.1,101
TTACACACCAAAGA.1,1244
TTACACACCCAAGT.1,1488
TTACACACGTAGCT.1,1015
TTACACACTAAGGA.1,1015
TTACACACTGGTAC.1,1488
TTACACACTGGTCA.1,1488
TTACAGCTAAGGGC.1,1244
TTACAGCTACGTAC.1,1015
TTACAGCTGCGAAG.1,1244
TTACAGCTGGTGTT.1,1016
TTACAGCTTCCCGT.1,1488
TTACAGCTTGTGGT.1,1015
TTACCATGACGTGT.1,107
TTACCATGATAAGG.1,1015
TTACCATGCAGCTA.1,1244
TTACCATGGGTCAT.1,1244
TTACCATGGTCCTC.1,1488
TTACCATGTGAAGA.1,1016
TTACGACTGGGACA.1,1244
TTACGTACACCATG.1,1015
TTACGTACACGACT.1,1256
TTACGTACACGTGT.1,1256
TTACGTACAGTGTC.1,1015
TTACGTACATGTGC.1,1039
TTACGTACCCATAG.1,1256
TTACGTACCTTACT.1,1015
TTACGTACTTCTTG.1,1488
TTACTCGAAAAAGC.1,1256
TTACTCGAAGCTAC.1,1244
TTACTCGACTTATC.1,101
TTACTCGAGCGTAT.1,1016
TTACTCGAGTGTTG.1,1488
TTACTCGATTATCC.1,101
TTAGAATGCCTCGT.1,1244
TTAGAATGCTCTTA.1,1015
TTAGACCTAAACGA.1,1015
TTAGACCTCATACG.1,1016
TTAGACCTCCTGTC.1,1256
TTAGACCTCGAATC.1,1244
TTAGACCTGATAGA.1,1244
TTAGACCTGGTCTA.1,1244
TTAGACCTTGGAGG.1,101
TTAGCTACACGGAG.1,1015
TTAGCTACCCACAA.1,107
TTAGCTACCCACCT.1,1016
TTAGCTACCGATAC.1,1016
TTAGCTACGAATGA.1,1244
TTAGCTACGACTAC.1,1256
TTAGCTACGGGATG.1,1244
TTAGCTACTGGTTG.1,101
TTAGCTACTTGTCT.1,1015
TTAGGGACACTGGT.1,1015
TTAGGGACCAGATC.1,1015
TTAGGGACCTTGAG.1,1244
TTAGGGACGGTCAT.1,1256
TTAGGGACTGTGGT.1,1244
TTAGGGTGAGTCAC.1,1256
TTAGGGTGATACCG.1,1488
TTAGGGTGCAGAGG.1,1015
TTAGGGTGCTACCC.1,1244
TTAGGGTGCTCAAG.1,1015
TTAGGGTGGCTGTA.1,1015
TTAGGGTGGGTAGG.1,1256
TTAGGGTGTCCTCG.1,1256
TTAGGGTGTGAAGA.1,1488
TTAGGTCTTAGTCG.1,1488
TTAGTCACAGTGCT.1,1244
TTAGTCACCTTTAC.1,1244
TTAGTCACGACAAA.1,107
TTAGTCACTGCAGT.1,101
TTAGTCTGACGTAC.1,101
TTAGTCTGCAAAGA.1,1256
TTAGTCTGCCTTCG.1,1256
TTAGTCTGCTGTTT.1,1016
TTAGTCTGCTTCCG.1,101
TTAGTCTGGCATAC.1,1244
TTAGTCTGGGAAGC.1,1256
TTAGTCTGGTAGCT.1,1256
TTATCCGAAAGTGA.1,1488
TTATCCGACCCAAA.1,1488
TTATCCGAGCTACA.1,1015
TTATCCGATGTTTC.11,
TTATGAGAAGATGA.1,101
TTATGAGACAACTG.1,1015
TTATGAGACGATAC.1,1016
TTATGAGAGCATCA.1,1256
TTATGAGAGCTGTA.1,101
TTATGAGATCTGGA.1,1244
TTATGAGATTTCTG.1,1016
TTATGCACCCTCGT.1,1488
TTATGCACTCGATG.1,1488
TTATGGCTAAGCAA.1,1256
TTATGGCTAGGTTC.1,1244
TTATGGCTTATGCG.1,1015
TTATGGCTTGTCAG.1,101
TTATGGCTTTCCGC.1,1015
TTATGGCTTTGTCT.1,1244
TTATTCCTCAACTG.1,1488
TTATTCCTGAATGA.1,1256
TTATTCCTGAGGAC.1,1256
TTATTCCTTAACCG.1,1488
TTATTCCTTGCGTA.1,1256
TTCAAAGAGTCGAT.1,1488
TTCAAAGATTTCTG.1,1015
TTCAACACACTACG.1,1488
TTCAACACGTACAC.1,1015
TTCAACACTAGCCA.1,1039
TTCAAGCTCTTACT.1,101
TTCAAGCTGACGGA.1,1256
TTCAAGCTTAGCGT.1,1488
TTCAAGCTTGAGAA.1,1015
TTCAAGCTTGTAGC.1,1256
TTCAAGCTTTTGCT.1,101
TTCACAACGCAAGG.1,1016
TTCACAACGCCAAT.1,1488
TTCACCCTCCACCT.1,1015
TTCACCCTGTATCG.1,1256
TTCACCCTTGCTTT.1,1256
TTCAGACTAAGGCG.1,1015
TTCAGACTAGGTTC.1,1015
TTCAGACTATCGGT.1,101
TTCAGACTATGCTG.1,1015
TTCAGACTCATTGG.1,1015
TTCAGACTCGTAAC.1,1016
TTCAGACTCTCAAG.1,1244
TTCAGACTGACGAG.1,1244
TTCAGACTTTCTCA.1,1016
TTCAGTACCTCTAT.1,1488
TTCAGTACGGAGCA.1,107
TTCAGTTGAACCTG.1,1015
TTCAGTTGACCCTC.1,1256
TTCAGTTGCTGGAT.1,1488
TTCAGTTGTGTGGT.1,101
TTCATCGAACTCAG.1,1016
TTCATCGAATTCTC.1,101
TTCATCGACCAAGT.1,1015
TTCATCGACCCAAA.1,1016
TTCATCGAGACGAG.1,1015
TTCATCGAGTACCA.1,1488
TTCATCGATCTAGG.1,1256
TTCATGACAACAGA.1,1015
TTCATGACAACCTG.1,1488
TTCATGACACTAGC.1,1015
TTCATGACCAATCG.1,1256
TTCATGACCCGTAA.1,1244
TTCATGACCGAATC.1,1244
TTCATGACGACGTT.1,1039
TTCATGACGAGATA.1,1015
TTCATGACGAGGTG.1,1244
TTCATGACTGGCAT.1,1015
TTCATGACTTATCC.1,1256
TTCATGACTTCAGG.1,101
TTCATGTGAAGATG.1,1039
TTCATGTGGTTTGG.1,1256
TTCATGTGTCTCCG.1,1039
TTCATGTGTTGAGC.1,1256
TTCATTCTTATGCG.1,1488
TTCATTCTTCTTAC.1,101
TTCCAAACACAGCT.1,1244
TTCCAAACAGCGTT.1,101
TTCCAAACCTCCAC.1,101
TTCCAAACGCCAAT.1,1015
TTCCAAACTTGTCT.1,1039
TTCCATGAAGCTCA.1,107
TTCCATGACCATAG.1,107
TTCCATGACTTGCC.1,1256
TTCCCACTCGTAGT.1,101
TTCCCACTGGTGGA.1,1256
TTCCCACTTGATGC.1,1015
TTCCTAGAACAGCT.1,1016
TTCCTAGAGGTGAG.1,1015
TTCGAGGAACGGTT.1,1015
TTCGAGGACAGAGG.1,1016
TTCGAGGACCGCTT.1,1015
TTCGAGGAGGGCAA.1,1016
TTCGAGGATGAAGA.1,1244
TTCGATTGACCAAC.1,1015
TTCGATTGTCAGAC.1,1015
TTCGATTGTCCTGC.1,1244
TTCGGAGAACACCA.1,1488
TTCGGAGATTTCAC.1,1016
TTCGTATGAACCTG.1,1244
TTCGTATGCTTGGA.1,1016
TTCGTATGGAGAGC.1,107
TTCGTATGTGCGTA.1,101
TTCGTATGTTCCGC.1,1015
TTCTACGACTGCTC.1,1244
TTCTAGTGCTGGAT.1,1015
TTCTAGTGGGTGTT.1,1015
TTCTAGTGTAGTCG.1,1016
TTCTCAGAAACAGA.1,1016
TTCTCAGAACCAAC.1,1244
TTCTGATGACACCA.1,101
TTCTGATGAGATCC.1,1488
TTCTTACTAAGTAG.1,101
TTCTTACTCGAATC.1,1488
TTCTTACTCTGAAC.1,1015
TTCTTACTCTGAGT.1,101
TTCTTACTGACTAC.1,1015
TTCTTACTTGCGTA.1,1256
TTGAACCTAACCGT.1,1488
TTGAACCTACGACT.1,101
TTGAACCTACGTAC.1,1015
TTGAACCTCTCTTA.1,101
TTGAACCTCTTATC.1,1488
TTGAACCTGTGCAT.1,1256
TTGAACCTTTACTC.1,101
TTGAACCTTTCACT.1,1488
TTGAATGAACCAGT.1,1256
TTGAATGAGAGGAC.1,101
TTGAATGAGTCTTT.1,107
TTGACACTAGTACC.1,1015
TTGACACTCCGATA.1,101
TTGACACTGGTCTA.1,1015
TTGACACTGTGCTA.1,1488
TTGACACTTCCTGC.1,107
TTGACACTTTGGTG.1,1244
TTGAGGACAAGCCT.1,1244
TTGAGGACACGACT.1,1016
TTGAGGACAGGAGC.1,1488
TTGAGGACGTTCGA.1,101
TTGAGGACTCGCTC.1,1015
TTGAGGACTGTGAC.1,1256
TTGAGGTGAACCAC.1,101
TTGAGGTGAAGAAC.11,
TTGAGGTGAGAGGC.1,1488
TTGAGGTGTGACAC.1,1015
TTGAGGTGTTCGTT.1,101
TTGATCTGACACTG.11,
TTGATCTGATGCTG.1,1244
TTGATCTGTCTTTG.1,101
TTGCATTGACTTTC.1,1015
TTGCATTGCAGGAG.1,1015
TTGCATTGGACGTT.1,1015
TTGCATTGGTACGT.1,1244
TTGCATTGTTGGTG.1,101
TTGCTAACGAGCAG.1,1016
TTGCTATGAACAGA.1,1488
TTGCTATGTCTTTG.1,1039
TTGGAGACACTGGT.1,1015
TTGGAGACAGCGTT.1,1244
TTGGAGTGACGTTG.1,1488
TTGGAGTGAGATCC.1,1244
TTGGAGTGCATGCA.1,1039
TTGGAGTGCTCGAA.11,
TTGGAGTGGTTGCA.1,1244
TTGGGAACCAACCA.1,1244
TTGGGAACCTTGTT.1,1488
TTGGGAACGTGTTG.1,1488
TTGGTACTAGTCTG.1,1244
TTGGTACTCCACAA.1,1256
TTGGTACTCCTTGC.1,1488
TTGGTACTCGCAAT.1,1488
TTGGTACTCTTGAG.1,107
TTGGTACTGTCAAC.1,1256
TTGGTACTTTGCTT.1,1016
TTGTACACAAAAGC.1,101
TTGTACACAAGAGT.1,1488
TTGTACACCTGGTA.1,1256
TTGTACACCTTACT.1,1015
TTGTACACGACGAG.1,1256
TTGTACACGGCATT.1,101
TTGTACACGTCATG.1,107
TTGTACACTACTCT.1,101
TTGTAGCTAGAAGT.1,1016
TTGTAGCTCCAGTA.1,1244
TTGTAGCTGAAAGT.1,107
TTGTAGCTGAATAG.1,1016
TTGTAGCTTAAGCC.1,1488
TTGTAGCTTGGTTG.1,1016
TTGTCATGCCGATA.1,1039
TTGTCATGGCTGTA.1,107
TTGTCATGTGGAGG.1,1016
TTGTCATGTTAGGC.1,1015
TTGTCATGTTTGGG.1,1016
TTTAGAGAAGTGCT.1,1256
TTTAGAGACTAGCA.1,1488
TTTAGAGATCTCTA.1,1016
TTTAGAGATGCAGT.1,1016
TTTAGAGATGGTAC.1,1256
TTTAGCTGAGAGTA.1,1488
TTTAGCTGCAGAGG.1,1256
TTTAGCTGCGAACT.11,
TTTAGCTGCTAGTG.1,1015
TTTAGCTGGCCTTC.1,1488
TTTAGCTGGGGAGT.1,1016
TTTAGCTGGTCATG.1,1244
TTTAGCTGTGCCAA.1,1015
TTTAGGCTCAGTCA.1,1256
TTTAGGCTCTTGTT.1,1488
TTTAGGCTTAAGGA.1,1015
TTTAGGCTTACTCT.1,1016
TTTAGGCTTCTTCA.1,1016
TTTATCCTAAGTAG.1,101
TTTATCCTAGGAGC.1,1488
TTTATCCTCTCTTA.1,1015
TTTATCCTGCGAGA.11,
TTTATCCTGGCATT.1,101
TTTATCCTTACGCA.1,1244
TTTATCCTTCAGTG.1,101
TTTATCCTTCTAGG.1,1015
TTTCACGAAACTGC.1,1488
TTTCACGAAAGCAA.1,1244
TTTCACGAAAGTAG.1,1244
TTTCACGACCAACA.1,1016
TTTCACGAGCGAAG.1,1016
TTTCACGAGCGATT.1,1488
TTTCACGAGGACAG.1,1488
TTTCACGATCTCCG.1,1015
TTTCAGTGAGCATC.1,101
TTTCAGTGATTCGG.1,1488
TTTCAGTGCCACCT.1,1488
TTTCAGTGCGAGAG.1,1488
TTTCAGTGTCACGA.1,1488
TTTCCAGACGAGTT.1,1488
TTTCCAGAGAGCAG.1,1488
TTTCCAGAGTCTAG.1,1016
TTTCCAGAGTTGGT.1,1015
TTTCCAGATGGTAC.1,1488
TTTCCAGATGGTGT.1,1016
TTTCGAACGCTGTA.1,1488
TTTCGAACTGTCAG.1,1488
TTTCGAACTGTGCA.1,101
TTTCTACTGGTATC.1,1039
TTTCTACTTCAGAC.1,1488
TTTGACTGACGTAC.1,1016
TTTGACTGATCACG.1,1039
TTTGACTGCCCACT.1,1015
TTTGACTGCCCTAC.1,1015
TTTGACTGCTACCC.1,1256
TTTGACTGCTTGGA.1,101
TTTGACTGGCGAAG.1,1488
TTTGACTGGGTACT.1,1256
TTTGCATGAACGAA.1,1244
TTTGCATGACGTAC.1,1488
TTTGCATGCCTGTC.1,1256
TTTGCATGCTAAGC.1,107
TTTGCATGGGACGA.1,1488
